repo,url,name
gitlab-npm,https://nexus.mgts.ru/repository/gitlab-npm/,@acemir
gitlab-npm,https://nexus.mgts.ru/repository/gitlab-npm/,@adobe
gitlab-npm,https://nexus.mgts.ru/repository/gitlab-npm/,@ag-grid-community
gitlab-npm,https://nexus.mgts.ru/repository/gitlab-npm/,@ai-sdk
gitlab-npm,https://nexus.mgts.ru/repository/gitlab-npm/,@aliemir
gitlab-npm,https://nexus.mgts.ru/repository/gitlab-npm/,@alloc
gitlab-npm,https://nexus.mgts.ru/repository/gitlab-npm/,@ampproject
gitlab-npm,https://nexus.mgts.ru/repository/gitlab-npm/,@angular
gitlab-npm,https://nexus.mgts.ru/repository/gitlab-npm/,@angular-devkit
gitlab-npm,https://nexus.mgts.ru/repository/gitlab-npm/,@angular-eslint
gitlab-npm,https://nexus.mgts.ru/repository/gitlab-npm/,@ant-design
gitlab-npm,https://nexus.mgts.ru/repository/gitlab-npm/,@antfu
gitlab-npm,https://nexus.mgts.ru/repository/gitlab-npm/,@antv
gitlab-npm,https://nexus.mgts.ru/repository/gitlab-npm/,@apm-js-collab
gitlab-npm,https://nexus.mgts.ru/repository/gitlab-npm/,@arcjet
gitlab-npm,https://nexus.mgts.ru/repository/gitlab-npm/,@asamuzakjp
gitlab-npm,https://nexus.mgts.ru/repository/gitlab-npm/,@assemblyscript
gitlab-npm,https://nexus.mgts.ru/repository/gitlab-npm/,@auth
gitlab-npm,https://nexus.mgts.ru/repository/gitlab-npm/,@auto-it
gitlab-npm,https://nexus.mgts.ru/repository/gitlab-npm/,@aws
gitlab-npm,https://nexus.mgts.ru/repository/gitlab-npm/,@aws-crypto
gitlab-npm,https://nexus.mgts.ru/repository/gitlab-npm/,@aws-sdk
gitlab-npm,https://nexus.mgts.ru/repository/gitlab-npm/,@babel
gitlab-npm,https://nexus.mgts.ru/repository/gitlab-npm/,@basehub
gitlab-npm,https://nexus.mgts.ru/repository/gitlab-npm/,@bazel
gitlab-npm,https://nexus.mgts.ru/repository/gitlab-npm/,@bcoe
gitlab-npm,https://nexus.mgts.ru/repository/gitlab-npm/,@biomejs
gitlab-npm,https://nexus.mgts.ru/repository/gitlab-npm/,@braintree
gitlab-npm,https://nexus.mgts.ru/repository/gitlab-npm/,@bufbuild
gitlab-npm,https://nexus.mgts.ru/repository/gitlab-npm/,@bundled-es-modules
gitlab-npm,https://nexus.mgts.ru/repository/gitlab-npm/,@cfcs
gitlab-npm,https://nexus.mgts.ru/repository/gitlab-npm/,@cfworker
gitlab-npm,https://nexus.mgts.ru/repository/gitlab-npm/,@chevrotain
gitlab-npm,https://nexus.mgts.ru/repository/gitlab-npm/,@chromatic-com
gitlab-npm,https://nexus.mgts.ru/repository/gitlab-npm/,@clack
gitlab-npm,https://nexus.mgts.ru/repository/gitlab-npm/,@clerk
gitlab-npm,https://nexus.mgts.ru/repository/gitlab-npm/,@cloudflare
gitlab-npm,https://nexus.mgts.ru/repository/gitlab-npm/,@cnakazawa
gitlab-npm,https://nexus.mgts.ru/repository/gitlab-npm/,@colors
gitlab-npm,https://nexus.mgts.ru/repository/gitlab-npm/,@connectrpc
gitlab-npm,https://nexus.mgts.ru/repository/gitlab-npm/,@cspotcode
gitlab-npm,https://nexus.mgts.ru/repository/gitlab-npm/,@csstools
gitlab-npm,https://nexus.mgts.ru/repository/gitlab-npm/,@ctrl
gitlab-npm,https://nexus.mgts.ru/repository/gitlab-npm/,@cypress
gitlab-npm,https://nexus.mgts.ru/repository/gitlab-npm/,@date-fns
gitlab-npm,https://nexus.mgts.ru/repository/gitlab-npm/,@daybrush
gitlab-npm,https://nexus.mgts.ru/repository/gitlab-npm/,@design-systems
gitlab-npm,https://nexus.mgts.ru/repository/gitlab-npm/,@devtools-ds
gitlab-npm,https://nexus.mgts.ru/repository/gitlab-npm/,@discoveryjs
gitlab-npm,https://nexus.mgts.ru/repository/gitlab-npm/,@dnd-kit
gitlab-npm,https://nexus.mgts.ru/repository/gitlab-npm/,@dotenvx
gitlab-npm,https://nexus.mgts.ru/repository/gitlab-npm/,@ecies
gitlab-npm,https://nexus.mgts.ru/repository/gitlab-npm/,@edge-runtime
gitlab-npm,https://nexus.mgts.ru/repository/gitlab-npm/,@egjs
gitlab-npm,https://nexus.mgts.ru/repository/gitlab-npm/,@electric-sql
gitlab-npm,https://nexus.mgts.ru/repository/gitlab-npm/,@emnapi
gitlab-npm,https://nexus.mgts.ru/repository/gitlab-npm/,@emotion
gitlab-npm,https://nexus.mgts.ru/repository/gitlab-npm/,@endemolshinegroup
gitlab-npm,https://nexus.mgts.ru/repository/gitlab-npm/,@es-joy
gitlab-npm,https://nexus.mgts.ru/repository/gitlab-npm/,@esbuild
gitlab-npm,https://nexus.mgts.ru/repository/gitlab-npm/,@esbuild-plugins
gitlab-npm,https://nexus.mgts.ru/repository/gitlab-npm/,@eslint
gitlab-npm,https://nexus.mgts.ru/repository/gitlab-npm/,@eslint-community
gitlab-npm,https://nexus.mgts.ru/repository/gitlab-npm/,@expo
gitlab-npm,https://nexus.mgts.ru/repository/gitlab-npm/,@fal-works
gitlab-npm,https://nexus.mgts.ru/repository/gitlab-npm/,@fastify
gitlab-npm,https://nexus.mgts.ru/repository/gitlab-npm/,@floating-ui
gitlab-npm,https://nexus.mgts.ru/repository/gitlab-npm/,@formatjs
gitlab-npm,https://nexus.mgts.ru/repository/gitlab-npm/,@gar
gitlab-npm,https://nexus.mgts.ru/repository/gitlab-npm/,@go-task
gitlab-npm,https://nexus.mgts.ru/repository/gitlab-npm/,@gulpjs
gitlab-npm,https://nexus.mgts.ru/repository/gitlab-npm/,@hapi
gitlab-npm,https://nexus.mgts.ru/repository/gitlab-npm/,@hono
gitlab-npm,https://nexus.mgts.ru/repository/gitlab-npm/,@hookform
gitlab-npm,https://nexus.mgts.ru/repository/gitlab-npm/,@humanfs
gitlab-npm,https://nexus.mgts.ru/repository/gitlab-npm/,@humanwhocodes
gitlab-npm,https://nexus.mgts.ru/repository/gitlab-npm/,@iconify
gitlab-npm,https://nexus.mgts.ru/repository/gitlab-npm/,@img
gitlab-npm,https://nexus.mgts.ru/repository/gitlab-npm/,@inquirer
gitlab-npm,https://nexus.mgts.ru/repository/gitlab-npm/,@intlify
gitlab-npm,https://nexus.mgts.ru/repository/gitlab-npm/,@isaacs
gitlab-npm,https://nexus.mgts.ru/repository/gitlab-npm/,@istanbuljs
gitlab-npm,https://nexus.mgts.ru/repository/gitlab-npm/,@jest
gitlab-npm,https://nexus.mgts.ru/repository/gitlab-npm/,@jridgewell
gitlab-npm,https://nexus.mgts.ru/repository/gitlab-npm/,@knocklabs
gitlab-npm,https://nexus.mgts.ru/repository/gitlab-npm/,@langchain
gitlab-npm,https://nexus.mgts.ru/repository/gitlab-npm/,@leichtgewicht
gitlab-npm,https://nexus.mgts.ru/repository/gitlab-npm/,@liveblocks
gitlab-npm,https://nexus.mgts.ru/repository/gitlab-npm/,@logtail
gitlab-npm,https://nexus.mgts.ru/repository/gitlab-npm/,@lydell
gitlab-npm,https://nexus.mgts.ru/repository/gitlab-npm/,@mapbox
gitlab-npm,https://nexus.mgts.ru/repository/gitlab-npm/,@mdx-js
gitlab-npm,https://nexus.mgts.ru/repository/gitlab-npm/,@mermaid-js
gitlab-npm,https://nexus.mgts.ru/repository/gitlab-npm/,@microsoft
gitlab-npm,https://nexus.mgts.ru/repository/gitlab-npm/,@mixedbread
gitlab-npm,https://nexus.mgts.ru/repository/gitlab-npm/,@modelcontextprotocol
gitlab-npm,https://nexus.mgts.ru/repository/gitlab-npm/,@module-federation
gitlab-npm,https://nexus.mgts.ru/repository/gitlab-npm/,@mrleebo
gitlab-npm,https://nexus.mgts.ru/repository/gitlab-npm/,@mrmlnc
gitlab-npm,https://nexus.mgts.ru/repository/gitlab-npm/,@mswjs
gitlab-npm,https://nexus.mgts.ru/repository/gitlab-npm/,@napi-rs
gitlab-npm,https://nexus.mgts.ru/repository/gitlab-npm/,@neoconfetti
gitlab-npm,https://nexus.mgts.ru/repository/gitlab-npm/,@neondatabase
gitlab-npm,https://nexus.mgts.ru/repository/gitlab-npm/,@next
gitlab-npm,https://nexus.mgts.ru/repository/gitlab-npm/,@ng-util
gitlab-npm,https://nexus.mgts.ru/repository/gitlab-npm/,@ngneat
gitlab-npm,https://nexus.mgts.ru/repository/gitlab-npm/,@ngtools
gitlab-npm,https://nexus.mgts.ru/repository/gitlab-npm/,@noble
gitlab-npm,https://nexus.mgts.ru/repository/gitlab-npm/,@nodelib
gitlab-npm,https://nexus.mgts.ru/repository/gitlab-npm/,@nolyfill
gitlab-npm,https://nexus.mgts.ru/repository/gitlab-npm/,@nosecone
gitlab-npm,https://nexus.mgts.ru/repository/gitlab-npm/,@npmcli
gitlab-npm,https://nexus.mgts.ru/repository/gitlab-npm/,@nrwl
gitlab-npm,https://nexus.mgts.ru/repository/gitlab-npm/,@octokit
gitlab-npm,https://nexus.mgts.ru/repository/gitlab-npm/,@one-ini
gitlab-npm,https://nexus.mgts.ru/repository/gitlab-npm/,@open-draft
gitlab-npm,https://nexus.mgts.ru/repository/gitlab-npm/,@opentelemetry
gitlab-npm,https://nexus.mgts.ru/repository/gitlab-npm/,@orama
gitlab-npm,https://nexus.mgts.ru/repository/gitlab-npm/,@orpc
gitlab-npm,https://nexus.mgts.ru/repository/gitlab-npm/,@panva
gitlab-npm,https://nexus.mgts.ru/repository/gitlab-npm/,@parcel
gitlab-npm,https://nexus.mgts.ru/repository/gitlab-npm/,@petamoriken
gitlab-npm,https://nexus.mgts.ru/repository/gitlab-npm/,@phenomnomnominal
gitlab-npm,https://nexus.mgts.ru/repository/gitlab-npm/,@pkgjs
gitlab-npm,https://nexus.mgts.ru/repository/gitlab-npm/,@pkgr
gitlab-npm,https://nexus.mgts.ru/repository/gitlab-npm/,@playwright
gitlab-npm,https://nexus.mgts.ru/repository/gitlab-npm/,@pmmmwh
gitlab-npm,https://nexus.mgts.ru/repository/gitlab-npm/,@polka
gitlab-npm,https://nexus.mgts.ru/repository/gitlab-npm/,@popperjs
gitlab-npm,https://nexus.mgts.ru/repository/gitlab-npm/,@posthog
gitlab-npm,https://nexus.mgts.ru/repository/gitlab-npm/,@prisma
gitlab-npm,https://nexus.mgts.ru/repository/gitlab-npm/,@qwen-code
gitlab-npm,https://nexus.mgts.ru/repository/gitlab-npm/,@radix-ui
gitlab-npm,https://nexus.mgts.ru/repository/gitlab-npm/,@rc-component
gitlab-npm,https://nexus.mgts.ru/repository/gitlab-npm/,@reach
gitlab-npm,https://nexus.mgts.ru/repository/gitlab-npm/,@react-email
gitlab-npm,https://nexus.mgts.ru/repository/gitlab-npm/,@react-keycloak
gitlab-npm,https://nexus.mgts.ru/repository/gitlab-npm/,@react-native
gitlab-npm,https://nexus.mgts.ru/repository/gitlab-npm/,@react-native-community
gitlab-npm,https://nexus.mgts.ru/repository/gitlab-npm/,@react-navigation
gitlab-npm,https://nexus.mgts.ru/repository/gitlab-npm/,@reduxjs
gitlab-npm,https://nexus.mgts.ru/repository/gitlab-npm/,@refinedev
gitlab-npm,https://nexus.mgts.ru/repository/gitlab-npm/,@remirror
gitlab-npm,https://nexus.mgts.ru/repository/gitlab-npm/,@remix-run
gitlab-npm,https://nexus.mgts.ru/repository/gitlab-npm/,@rescale
gitlab-npm,https://nexus.mgts.ru/repository/gitlab-npm/,@rolldown
gitlab-npm,https://nexus.mgts.ru/repository/gitlab-npm/,@rollup
gitlab-npm,https://nexus.mgts.ru/repository/gitlab-npm/,@rspack
gitlab-npm,https://nexus.mgts.ru/repository/gitlab-npm/,@rtsao
gitlab-npm,https://nexus.mgts.ru/repository/gitlab-npm/,@rushstack
gitlab-npm,https://nexus.mgts.ru/repository/gitlab-npm/,@scena
gitlab-npm,https://nexus.mgts.ru/repository/gitlab-npm/,@schematics
gitlab-npm,https://nexus.mgts.ru/repository/gitlab-npm/,@sec-ant
gitlab-npm,https://nexus.mgts.ru/repository/gitlab-npm/,@selderee
gitlab-npm,https://nexus.mgts.ru/repository/gitlab-npm/,@sentry
gitlab-npm,https://nexus.mgts.ru/repository/gitlab-npm/,@sentry-internal
gitlab-npm,https://nexus.mgts.ru/repository/gitlab-npm/,@shikijs
gitlab-npm,https://nexus.mgts.ru/repository/gitlab-npm/,@sideway
gitlab-npm,https://nexus.mgts.ru/repository/gitlab-npm/,@simplewebauthn
gitlab-npm,https://nexus.mgts.ru/repository/gitlab-npm/,@sinclair
gitlab-npm,https://nexus.mgts.ru/repository/gitlab-npm/,@sindresorhus
gitlab-npm,https://nexus.mgts.ru/repository/gitlab-npm/,@sinonjs
gitlab-npm,https://nexus.mgts.ru/repository/gitlab-npm/,@smithy
gitlab-npm,https://nexus.mgts.ru/repository/gitlab-npm/,@socket.io
gitlab-npm,https://nexus.mgts.ru/repository/gitlab-npm/,@somebodyodd
gitlab-npm,https://nexus.mgts.ru/repository/gitlab-npm/,@squoosh
gitlab-npm,https://nexus.mgts.ru/repository/gitlab-npm/,@stablelib
gitlab-npm,https://nexus.mgts.ru/repository/gitlab-npm/,@standard-schema
gitlab-npm,https://nexus.mgts.ru/repository/gitlab-npm/,@storybook
gitlab-npm,https://nexus.mgts.ru/repository/gitlab-npm/,@stripe
gitlab-npm,https://nexus.mgts.ru/repository/gitlab-npm/,@sveltejs
gitlab-npm,https://nexus.mgts.ru/repository/gitlab-npm/,@svgr
gitlab-npm,https://nexus.mgts.ru/repository/gitlab-npm/,@swc
gitlab-npm,https://nexus.mgts.ru/repository/gitlab-npm/,@swc-node
gitlab-npm,https://nexus.mgts.ru/repository/gitlab-npm/,@t3-oss
gitlab-npm,https://nexus.mgts.ru/repository/gitlab-npm/,@tabby_ai
gitlab-npm,https://nexus.mgts.ru/repository/gitlab-npm/,@tailwindcss
gitlab-npm,https://nexus.mgts.ru/repository/gitlab-npm/,@tanstack
gitlab-npm,https://nexus.mgts.ru/repository/gitlab-npm/,@teddyzhu
gitlab-npm,https://nexus.mgts.ru/repository/gitlab-npm/,@telegraph
gitlab-npm,https://nexus.mgts.ru/repository/gitlab-npm/,@testim
gitlab-npm,https://nexus.mgts.ru/repository/gitlab-npm/,@testing-library
gitlab-npm,https://nexus.mgts.ru/repository/gitlab-npm/,@tinyhttp
gitlab-npm,https://nexus.mgts.ru/repository/gitlab-npm/,@tiptap
gitlab-npm,https://nexus.mgts.ru/repository/gitlab-npm/,@tootallnate
gitlab-npm,https://nexus.mgts.ru/repository/gitlab-npm/,@trpc
gitlab-npm,https://nexus.mgts.ru/repository/gitlab-npm/,@trysound
gitlab-npm,https://nexus.mgts.ru/repository/gitlab-npm/,@ts-morph
gitlab-npm,https://nexus.mgts.ru/repository/gitlab-npm/,@tsconfig
gitlab-npm,https://nexus.mgts.ru/repository/gitlab-npm/,@turbo
gitlab-npm,https://nexus.mgts.ru/repository/gitlab-npm/,@tybys
gitlab-npm,https://nexus.mgts.ru/repository/gitlab-npm/,@types
gitlab-npm,https://nexus.mgts.ru/repository/gitlab-npm/,@typescript-eslint
gitlab-npm,https://nexus.mgts.ru/repository/gitlab-npm/,@uiw
gitlab-npm,https://nexus.mgts.ru/repository/gitlab-npm/,@umijs
gitlab-npm,https://nexus.mgts.ru/repository/gitlab-npm/,@ungap
gitlab-npm,https://nexus.mgts.ru/repository/gitlab-npm/,@unrs
gitlab-npm,https://nexus.mgts.ru/repository/gitlab-npm/,@upstash
gitlab-npm,https://nexus.mgts.ru/repository/gitlab-npm/,@valibot
gitlab-npm,https://nexus.mgts.ru/repository/gitlab-npm/,@vercel
gitlab-npm,https://nexus.mgts.ru/repository/gitlab-npm/,@vitejs
gitlab-npm,https://nexus.mgts.ru/repository/gitlab-npm/,@vitest
gitlab-npm,https://nexus.mgts.ru/repository/gitlab-npm/,@vscode
gitlab-npm,https://nexus.mgts.ru/repository/gitlab-npm/,@vue
gitlab-npm,https://nexus.mgts.ru/repository/gitlab-npm/,@web-types
gitlab-npm,https://nexus.mgts.ru/repository/gitlab-npm/,@webassemblyjs
gitlab-npm,https://nexus.mgts.ru/repository/gitlab-npm/,@webpack-cli
gitlab-npm,https://nexus.mgts.ru/repository/gitlab-npm/,@xmldom
gitlab-npm,https://nexus.mgts.ru/repository/gitlab-npm/,@xtuc
gitlab-npm,https://nexus.mgts.ru/repository/gitlab-npm/,@yarnpkg
gitlab-npm,https://nexus.mgts.ru/repository/gitlab-npm/,@zeit
gitlab-npm,https://nexus.mgts.ru/repository/gitlab-npm/,@zkochan
gitlab-npm,https://nexus.mgts.ru/repository/gitlab-npm/,abab
gitlab-npm,https://nexus.mgts.ru/repository/gitlab-npm/,abbrev
gitlab-npm,https://nexus.mgts.ru/repository/gitlab-npm/,abort-controller
gitlab-npm,https://nexus.mgts.ru/repository/gitlab-npm/,accepts
gitlab-npm,https://nexus.mgts.ru/repository/gitlab-npm/,acorn
gitlab-npm,https://nexus.mgts.ru/repository/gitlab-npm/,acorn-globals
gitlab-npm,https://nexus.mgts.ru/repository/gitlab-npm/,acorn-import-assertions
gitlab-npm,https://nexus.mgts.ru/repository/gitlab-npm/,acorn-import-attributes
gitlab-npm,https://nexus.mgts.ru/repository/gitlab-npm/,acorn-import-phases
gitlab-npm,https://nexus.mgts.ru/repository/gitlab-npm/,acorn-jsx
gitlab-npm,https://nexus.mgts.ru/repository/gitlab-npm/,acorn-node
gitlab-npm,https://nexus.mgts.ru/repository/gitlab-npm/,acorn-walk
gitlab-npm,https://nexus.mgts.ru/repository/gitlab-npm/,address
gitlab-npm,https://nexus.mgts.ru/repository/gitlab-npm/,adjust-sourcemap-loader
gitlab-npm,https://nexus.mgts.ru/repository/gitlab-npm/,adm-zip
gitlab-npm,https://nexus.mgts.ru/repository/gitlab-npm/,after
gitlab-npm,https://nexus.mgts.ru/repository/gitlab-npm/,agent-base
gitlab-npm,https://nexus.mgts.ru/repository/gitlab-npm/,agentkeepalive
gitlab-npm,https://nexus.mgts.ru/repository/gitlab-npm/,agents
gitlab-npm,https://nexus.mgts.ru/repository/gitlab-npm/,aggregate-error
gitlab-npm,https://nexus.mgts.ru/repository/gitlab-npm/,ai
gitlab-npm,https://nexus.mgts.ru/repository/gitlab-npm/,airbnb-js-shims
gitlab-npm,https://nexus.mgts.ru/repository/gitlab-npm/,ajv
gitlab-npm,https://nexus.mgts.ru/repository/gitlab-npm/,ajv-draft-04
gitlab-npm,https://nexus.mgts.ru/repository/gitlab-npm/,ajv-errors
gitlab-npm,https://nexus.mgts.ru/repository/gitlab-npm/,ajv-formats
gitlab-npm,https://nexus.mgts.ru/repository/gitlab-npm/,ajv-i18n
gitlab-npm,https://nexus.mgts.ru/repository/gitlab-npm/,ajv-keywords
gitlab-npm,https://nexus.mgts.ru/repository/gitlab-npm/,algoliasearch
gitlab-npm,https://nexus.mgts.ru/repository/gitlab-npm/,align-text
gitlab-npm,https://nexus.mgts.ru/repository/gitlab-npm/,alphanum-sort
gitlab-npm,https://nexus.mgts.ru/repository/gitlab-npm/,amdefine
gitlab-npm,https://nexus.mgts.ru/repository/gitlab-npm/,angular
gitlab-npm,https://nexus.mgts.ru/repository/gitlab-npm/,angular-animate
gitlab-npm,https://nexus.mgts.ru/repository/gitlab-npm/,angular-i18n
gitlab-npm,https://nexus.mgts.ru/repository/gitlab-npm/,angular-messages
gitlab-npm,https://nexus.mgts.ru/repository/gitlab-npm/,angular-mocks
gitlab-npm,https://nexus.mgts.ru/repository/gitlab-npm/,angular-resource
gitlab-npm,https://nexus.mgts.ru/repository/gitlab-npm/,angular-sanitize
gitlab-npm,https://nexus.mgts.ru/repository/gitlab-npm/,angular-split
gitlab-npm,https://nexus.mgts.ru/repository/gitlab-npm/,angular-ui-bootstrap
gitlab-npm,https://nexus.mgts.ru/repository/gitlab-npm/,angular-ui-codemirror
gitlab-npm,https://nexus.mgts.ru/repository/gitlab-npm/,angular-ui-router
gitlab-npm,https://nexus.mgts.ru/repository/gitlab-npm/,anser
gitlab-npm,https://nexus.mgts.ru/repository/gitlab-npm/,ansi-align
gitlab-npm,https://nexus.mgts.ru/repository/gitlab-npm/,ansi-colors
gitlab-npm,https://nexus.mgts.ru/repository/gitlab-npm/,ansi-cyan
gitlab-npm,https://nexus.mgts.ru/repository/gitlab-npm/,ansi-escapes
gitlab-npm,https://nexus.mgts.ru/repository/gitlab-npm/,ansi-font
gitlab-npm,https://nexus.mgts.ru/repository/gitlab-npm/,ansi-gray
gitlab-npm,https://nexus.mgts.ru/repository/gitlab-npm/,ansi-html
gitlab-npm,https://nexus.mgts.ru/repository/gitlab-npm/,ansi-html-community
gitlab-npm,https://nexus.mgts.ru/repository/gitlab-npm/,ansi-red
gitlab-npm,https://nexus.mgts.ru/repository/gitlab-npm/,ansi-regex
gitlab-npm,https://nexus.mgts.ru/repository/gitlab-npm/,ansi-styles
gitlab-npm,https://nexus.mgts.ru/repository/gitlab-npm/,ansi-to-html
gitlab-npm,https://nexus.mgts.ru/repository/gitlab-npm/,ansi-wrap
gitlab-npm,https://nexus.mgts.ru/repository/gitlab-npm/,ansicolors
gitlab-npm,https://nexus.mgts.ru/repository/gitlab-npm/,ansis
gitlab-npm,https://nexus.mgts.ru/repository/gitlab-npm/,antd
gitlab-npm,https://nexus.mgts.ru/repository/gitlab-npm/,any
gitlab-npm,https://nexus.mgts.ru/repository/gitlab-npm/,any-promise
gitlab-npm,https://nexus.mgts.ru/repository/gitlab-npm/,anymatch
gitlab-npm,https://nexus.mgts.ru/repository/gitlab-npm/,app-root-dir
gitlab-npm,https://nexus.mgts.ru/repository/gitlab-npm/,aproba
gitlab-npm,https://nexus.mgts.ru/repository/gitlab-npm/,arch
gitlab-npm,https://nexus.mgts.ru/repository/gitlab-npm/,archive-type
gitlab-npm,https://nexus.mgts.ru/repository/gitlab-npm/,arcjet
gitlab-npm,https://nexus.mgts.ru/repository/gitlab-npm/,are-we-there-yet
gitlab-npm,https://nexus.mgts.ru/repository/gitlab-npm/,arg
gitlab-npm,https://nexus.mgts.ru/repository/gitlab-npm/,argparse
gitlab-npm,https://nexus.mgts.ru/repository/gitlab-npm/,aria-hidden
gitlab-npm,https://nexus.mgts.ru/repository/gitlab-npm/,aria-query
gitlab-npm,https://nexus.mgts.ru/repository/gitlab-npm/,arktype
gitlab-npm,https://nexus.mgts.ru/repository/gitlab-npm/,arr-diff
gitlab-npm,https://nexus.mgts.ru/repository/gitlab-npm/,arr-exclude
gitlab-npm,https://nexus.mgts.ru/repository/gitlab-npm/,arr-flatten
gitlab-npm,https://nexus.mgts.ru/repository/gitlab-npm/,arr-map
gitlab-npm,https://nexus.mgts.ru/repository/gitlab-npm/,arr-union
gitlab-npm,https://nexus.mgts.ru/repository/gitlab-npm/,array-back
gitlab-npm,https://nexus.mgts.ru/repository/gitlab-npm/,array-buffer-byte-length
gitlab-npm,https://nexus.mgts.ru/repository/gitlab-npm/,array-differ
gitlab-npm,https://nexus.mgts.ru/repository/gitlab-npm/,array-each
gitlab-npm,https://nexus.mgts.ru/repository/gitlab-npm/,array-find-index
gitlab-npm,https://nexus.mgts.ru/repository/gitlab-npm/,array-flatten
gitlab-npm,https://nexus.mgts.ru/repository/gitlab-npm/,array-includes
gitlab-npm,https://nexus.mgts.ru/repository/gitlab-npm/,array-slice
gitlab-npm,https://nexus.mgts.ru/repository/gitlab-npm/,array-union
gitlab-npm,https://nexus.mgts.ru/repository/gitlab-npm/,array-uniq
gitlab-npm,https://nexus.mgts.ru/repository/gitlab-npm/,array-unique
gitlab-npm,https://nexus.mgts.ru/repository/gitlab-npm/,array.prototype.findlast
gitlab-npm,https://nexus.mgts.ru/repository/gitlab-npm/,array.prototype.findlastindex
gitlab-npm,https://nexus.mgts.ru/repository/gitlab-npm/,array.prototype.flat
gitlab-npm,https://nexus.mgts.ru/repository/gitlab-npm/,array.prototype.flatmap
gitlab-npm,https://nexus.mgts.ru/repository/gitlab-npm/,array.prototype.map
gitlab-npm,https://nexus.mgts.ru/repository/gitlab-npm/,array.prototype.reduce
gitlab-npm,https://nexus.mgts.ru/repository/gitlab-npm/,array.prototype.tosorted
gitlab-npm,https://nexus.mgts.ru/repository/gitlab-npm/,arraybuffer.prototype.slice
gitlab-npm,https://nexus.mgts.ru/repository/gitlab-npm/,arraybuffer.slice
gitlab-npm,https://nexus.mgts.ru/repository/gitlab-npm/,arrify
gitlab-npm,https://nexus.mgts.ru/repository/gitlab-npm/,ascli
gitlab-npm,https://nexus.mgts.ru/repository/gitlab-npm/,asn1
gitlab-npm,https://nexus.mgts.ru/repository/gitlab-npm/,asn1.js
gitlab-npm,https://nexus.mgts.ru/repository/gitlab-npm/,assert
gitlab-npm,https://nexus.mgts.ru/repository/gitlab-npm/,assert-plus
gitlab-npm,https://nexus.mgts.ru/repository/gitlab-npm/,assertion-error
gitlab-npm,https://nexus.mgts.ru/repository/gitlab-npm/,assign-symbols
gitlab-npm,https://nexus.mgts.ru/repository/gitlab-npm/,ast-types
gitlab-npm,https://nexus.mgts.ru/repository/gitlab-npm/,ast-types-flow
gitlab-npm,https://nexus.mgts.ru/repository/gitlab-npm/,ast-v8-to-istanbul
gitlab-npm,https://nexus.mgts.ru/repository/gitlab-npm/,astral-regex
gitlab-npm,https://nexus.mgts.ru/repository/gitlab-npm/,astring
gitlab-npm,https://nexus.mgts.ru/repository/gitlab-npm/,async
gitlab-npm,https://nexus.mgts.ru/repository/gitlab-npm/,async-done
gitlab-npm,https://nexus.mgts.ru/repository/gitlab-npm/,async-each
gitlab-npm,https://nexus.mgts.ru/repository/gitlab-npm/,async-each-series
gitlab-npm,https://nexus.mgts.ru/repository/gitlab-npm/,async-foreach
gitlab-npm,https://nexus.mgts.ru/repository/gitlab-npm/,async-function
gitlab-npm,https://nexus.mgts.ru/repository/gitlab-npm/,async-retry
gitlab-npm,https://nexus.mgts.ru/repository/gitlab-npm/,async-settle
gitlab-npm,https://nexus.mgts.ru/repository/gitlab-npm/,async-to-gen
gitlab-npm,https://nexus.mgts.ru/repository/gitlab-npm/,asynckit
gitlab-npm,https://nexus.mgts.ru/repository/gitlab-npm/,at-least-node
gitlab-npm,https://nexus.mgts.ru/repository/gitlab-npm/,atob
gitlab-npm,https://nexus.mgts.ru/repository/gitlab-npm/,atomically
gitlab-npm,https://nexus.mgts.ru/repository/gitlab-npm/,attr-accept
gitlab-npm,https://nexus.mgts.ru/repository/gitlab-npm/,author-regex
gitlab-npm,https://nexus.mgts.ru/repository/gitlab-npm/,auto-bind
gitlab-npm,https://nexus.mgts.ru/repository/gitlab-npm/,autoprefixer
gitlab-npm,https://nexus.mgts.ru/repository/gitlab-npm/,ava
gitlab-npm,https://nexus.mgts.ru/repository/gitlab-npm/,ava-files
gitlab-npm,https://nexus.mgts.ru/repository/gitlab-npm/,ava-init
gitlab-npm,https://nexus.mgts.ru/repository/gitlab-npm/,available-typed-arrays
gitlab-npm,https://nexus.mgts.ru/repository/gitlab-npm/,await-to-js
gitlab-npm,https://nexus.mgts.ru/repository/gitlab-npm/,aws-crt
gitlab-npm,https://nexus.mgts.ru/repository/gitlab-npm/,aws-sign2
gitlab-npm,https://nexus.mgts.ru/repository/gitlab-npm/,aws-ssl-profiles
gitlab-npm,https://nexus.mgts.ru/repository/gitlab-npm/,aws4
gitlab-npm,https://nexus.mgts.ru/repository/gitlab-npm/,axe-core
gitlab-npm,https://nexus.mgts.ru/repository/gitlab-npm/,axios
gitlab-npm,https://nexus.mgts.ru/repository/gitlab-npm/,axios-retry
gitlab-npm,https://nexus.mgts.ru/repository/gitlab-npm/,axobject-query
gitlab-npm,https://nexus.mgts.ru/repository/gitlab-npm/,b4a
gitlab-npm,https://nexus.mgts.ru/repository/gitlab-npm/,babel-code-frame
gitlab-npm,https://nexus.mgts.ru/repository/gitlab-npm/,babel-core
gitlab-npm,https://nexus.mgts.ru/repository/gitlab-npm/,babel-eslint
gitlab-npm,https://nexus.mgts.ru/repository/gitlab-npm/,babel-generator
gitlab-npm,https://nexus.mgts.ru/repository/gitlab-npm/,babel-helper-bindify-decorators
gitlab-npm,https://nexus.mgts.ru/repository/gitlab-npm/,babel-helper-builder-binary-assignment-operator-visitor
gitlab-npm,https://nexus.mgts.ru/repository/gitlab-npm/,babel-helper-call-delegate
gitlab-npm,https://nexus.mgts.ru/repository/gitlab-npm/,babel-helper-define-map
gitlab-npm,https://nexus.mgts.ru/repository/gitlab-npm/,babel-helper-explode-assignable-expression
gitlab-npm,https://nexus.mgts.ru/repository/gitlab-npm/,babel-helper-explode-class
gitlab-npm,https://nexus.mgts.ru/repository/gitlab-npm/,babel-helper-function-name
gitlab-npm,https://nexus.mgts.ru/repository/gitlab-npm/,babel-helper-get-function-arity
gitlab-npm,https://nexus.mgts.ru/repository/gitlab-npm/,babel-helper-hoist-variables
gitlab-npm,https://nexus.mgts.ru/repository/gitlab-npm/,babel-helper-optimise-call-expression
gitlab-npm,https://nexus.mgts.ru/repository/gitlab-npm/,babel-helper-regex
gitlab-npm,https://nexus.mgts.ru/repository/gitlab-npm/,babel-helper-remap-async-to-generator
gitlab-npm,https://nexus.mgts.ru/repository/gitlab-npm/,babel-helper-replace-supers
gitlab-npm,https://nexus.mgts.ru/repository/gitlab-npm/,babel-helpers
gitlab-npm,https://nexus.mgts.ru/repository/gitlab-npm/,babel-istanbul
gitlab-npm,https://nexus.mgts.ru/repository/gitlab-npm/,babel-jest
gitlab-npm,https://nexus.mgts.ru/repository/gitlab-npm/,babel-loader
gitlab-npm,https://nexus.mgts.ru/repository/gitlab-npm/,babel-messages
gitlab-npm,https://nexus.mgts.ru/repository/gitlab-npm/,babel-plugin-apply-mdx-type-prop
gitlab-npm,https://nexus.mgts.ru/repository/gitlab-npm/,babel-plugin-ava-throws-helper
gitlab-npm,https://nexus.mgts.ru/repository/gitlab-npm/,babel-plugin-check-es2015-constants
gitlab-npm,https://nexus.mgts.ru/repository/gitlab-npm/,babel-plugin-detective
gitlab-npm,https://nexus.mgts.ru/repository/gitlab-npm/,babel-plugin-espower
gitlab-npm,https://nexus.mgts.ru/repository/gitlab-npm/,babel-plugin-extract-import-names
gitlab-npm,https://nexus.mgts.ru/repository/gitlab-npm/,babel-plugin-istanbul
gitlab-npm,https://nexus.mgts.ru/repository/gitlab-npm/,babel-plugin-jest-hoist
gitlab-npm,https://nexus.mgts.ru/repository/gitlab-npm/,babel-plugin-macros
gitlab-npm,https://nexus.mgts.ru/repository/gitlab-npm/,babel-plugin-polyfill-corejs2
gitlab-npm,https://nexus.mgts.ru/repository/gitlab-npm/,babel-plugin-polyfill-corejs3
gitlab-npm,https://nexus.mgts.ru/repository/gitlab-npm/,babel-plugin-polyfill-regenerator
gitlab-npm,https://nexus.mgts.ru/repository/gitlab-npm/,babel-plugin-react-compiler
gitlab-npm,https://nexus.mgts.ru/repository/gitlab-npm/,babel-plugin-react-native-web
gitlab-npm,https://nexus.mgts.ru/repository/gitlab-npm/,babel-plugin-styled-components
gitlab-npm,https://nexus.mgts.ru/repository/gitlab-npm/,babel-plugin-syntax-async-functions
gitlab-npm,https://nexus.mgts.ru/repository/gitlab-npm/,babel-plugin-syntax-async-generators
gitlab-npm,https://nexus.mgts.ru/repository/gitlab-npm/,babel-plugin-syntax-class-properties
gitlab-npm,https://nexus.mgts.ru/repository/gitlab-npm/,babel-plugin-syntax-decorators
gitlab-npm,https://nexus.mgts.ru/repository/gitlab-npm/,babel-plugin-syntax-dynamic-import
gitlab-npm,https://nexus.mgts.ru/repository/gitlab-npm/,babel-plugin-syntax-exponentiation-operator
gitlab-npm,https://nexus.mgts.ru/repository/gitlab-npm/,babel-plugin-syntax-hermes-parser
gitlab-npm,https://nexus.mgts.ru/repository/gitlab-npm/,babel-plugin-syntax-object-rest-spread
gitlab-npm,https://nexus.mgts.ru/repository/gitlab-npm/,babel-plugin-syntax-trailing-function-commas
gitlab-npm,https://nexus.mgts.ru/repository/gitlab-npm/,babel-plugin-transform-async-generator-functions
gitlab-npm,https://nexus.mgts.ru/repository/gitlab-npm/,babel-plugin-transform-async-to-generator
gitlab-npm,https://nexus.mgts.ru/repository/gitlab-npm/,babel-plugin-transform-class-properties
gitlab-npm,https://nexus.mgts.ru/repository/gitlab-npm/,babel-plugin-transform-decorators
gitlab-npm,https://nexus.mgts.ru/repository/gitlab-npm/,babel-plugin-transform-es2015-arrow-functions
gitlab-npm,https://nexus.mgts.ru/repository/gitlab-npm/,babel-plugin-transform-es2015-block-scoped-functions
gitlab-npm,https://nexus.mgts.ru/repository/gitlab-npm/,babel-plugin-transform-es2015-block-scoping
gitlab-npm,https://nexus.mgts.ru/repository/gitlab-npm/,babel-plugin-transform-es2015-classes
gitlab-npm,https://nexus.mgts.ru/repository/gitlab-npm/,babel-plugin-transform-es2015-computed-properties
gitlab-npm,https://nexus.mgts.ru/repository/gitlab-npm/,babel-plugin-transform-es2015-destructuring
gitlab-npm,https://nexus.mgts.ru/repository/gitlab-npm/,babel-plugin-transform-es2015-duplicate-keys
gitlab-npm,https://nexus.mgts.ru/repository/gitlab-npm/,babel-plugin-transform-es2015-for-of
gitlab-npm,https://nexus.mgts.ru/repository/gitlab-npm/,babel-plugin-transform-es2015-function-name
gitlab-npm,https://nexus.mgts.ru/repository/gitlab-npm/,babel-plugin-transform-es2015-literals
gitlab-npm,https://nexus.mgts.ru/repository/gitlab-npm/,babel-plugin-transform-es2015-modules-amd
gitlab-npm,https://nexus.mgts.ru/repository/gitlab-npm/,babel-plugin-transform-es2015-modules-commonjs
gitlab-npm,https://nexus.mgts.ru/repository/gitlab-npm/,babel-plugin-transform-es2015-modules-systemjs
gitlab-npm,https://nexus.mgts.ru/repository/gitlab-npm/,babel-plugin-transform-es2015-modules-umd
gitlab-npm,https://nexus.mgts.ru/repository/gitlab-npm/,babel-plugin-transform-es2015-object-super
gitlab-npm,https://nexus.mgts.ru/repository/gitlab-npm/,babel-plugin-transform-es2015-parameters
gitlab-npm,https://nexus.mgts.ru/repository/gitlab-npm/,babel-plugin-transform-es2015-shorthand-properties
gitlab-npm,https://nexus.mgts.ru/repository/gitlab-npm/,babel-plugin-transform-es2015-spread
gitlab-npm,https://nexus.mgts.ru/repository/gitlab-npm/,babel-plugin-transform-es2015-sticky-regex
gitlab-npm,https://nexus.mgts.ru/repository/gitlab-npm/,babel-plugin-transform-es2015-template-literals
gitlab-npm,https://nexus.mgts.ru/repository/gitlab-npm/,babel-plugin-transform-es2015-typeof-symbol
gitlab-npm,https://nexus.mgts.ru/repository/gitlab-npm/,babel-plugin-transform-es2015-unicode-regex
gitlab-npm,https://nexus.mgts.ru/repository/gitlab-npm/,babel-plugin-transform-exponentiation-operator
gitlab-npm,https://nexus.mgts.ru/repository/gitlab-npm/,babel-plugin-transform-flow-enums
gitlab-npm,https://nexus.mgts.ru/repository/gitlab-npm/,babel-plugin-transform-object-rest-spread
gitlab-npm,https://nexus.mgts.ru/repository/gitlab-npm/,babel-plugin-transform-regenerator
gitlab-npm,https://nexus.mgts.ru/repository/gitlab-npm/,babel-plugin-transform-runtime
gitlab-npm,https://nexus.mgts.ru/repository/gitlab-npm/,babel-plugin-transform-strict-mode
gitlab-npm,https://nexus.mgts.ru/repository/gitlab-npm/,babel-preset-current-node-syntax
gitlab-npm,https://nexus.mgts.ru/repository/gitlab-npm/,babel-preset-es2015
gitlab-npm,https://nexus.mgts.ru/repository/gitlab-npm/,babel-preset-es2015-node4
gitlab-npm,https://nexus.mgts.ru/repository/gitlab-npm/,babel-preset-expo
gitlab-npm,https://nexus.mgts.ru/repository/gitlab-npm/,babel-preset-jest
gitlab-npm,https://nexus.mgts.ru/repository/gitlab-npm/,babel-preset-stage-2
gitlab-npm,https://nexus.mgts.ru/repository/gitlab-npm/,babel-preset-stage-3
gitlab-npm,https://nexus.mgts.ru/repository/gitlab-npm/,babel-register
gitlab-npm,https://nexus.mgts.ru/repository/gitlab-npm/,babel-runtime
gitlab-npm,https://nexus.mgts.ru/repository/gitlab-npm/,babel-template
gitlab-npm,https://nexus.mgts.ru/repository/gitlab-npm/,babel-traverse
gitlab-npm,https://nexus.mgts.ru/repository/gitlab-npm/,babel-types
gitlab-npm,https://nexus.mgts.ru/repository/gitlab-npm/,babylon
gitlab-npm,https://nexus.mgts.ru/repository/gitlab-npm/,bach
gitlab-npm,https://nexus.mgts.ru/repository/gitlab-npm/,backbone
gitlab-npm,https://nexus.mgts.ru/repository/gitlab-npm/,backo2
gitlab-npm,https://nexus.mgts.ru/repository/gitlab-npm/,bail
gitlab-npm,https://nexus.mgts.ru/repository/gitlab-npm/,balanced-match
gitlab-npm,https://nexus.mgts.ru/repository/gitlab-npm/,bare-events
gitlab-npm,https://nexus.mgts.ru/repository/gitlab-npm/,base
gitlab-npm,https://nexus.mgts.ru/repository/gitlab-npm/,Base64
gitlab-npm,https://nexus.mgts.ru/repository/gitlab-npm/,base64-arraybuffer
gitlab-npm,https://nexus.mgts.ru/repository/gitlab-npm/,base64-js
gitlab-npm,https://nexus.mgts.ru/repository/gitlab-npm/,base64id
gitlab-npm,https://nexus.mgts.ru/repository/gitlab-npm/,basedpyright
gitlab-npm,https://nexus.mgts.ru/repository/gitlab-npm/,basehub
gitlab-npm,https://nexus.mgts.ru/repository/gitlab-npm/,baseline-browser-mapping
gitlab-npm,https://nexus.mgts.ru/repository/gitlab-npm/,basic-auth
gitlab-npm,https://nexus.mgts.ru/repository/gitlab-npm/,basic-ftp
gitlab-npm,https://nexus.mgts.ru/repository/gitlab-npm/,batch
gitlab-npm,https://nexus.mgts.ru/repository/gitlab-npm/,bcp-47-match
gitlab-npm,https://nexus.mgts.ru/repository/gitlab-npm/,bcrypt-pbkdf
gitlab-npm,https://nexus.mgts.ru/repository/gitlab-npm/,before-after-hook
gitlab-npm,https://nexus.mgts.ru/repository/gitlab-npm/,benchmark
gitlab-npm,https://nexus.mgts.ru/repository/gitlab-npm/,better-assert
gitlab-npm,https://nexus.mgts.ru/repository/gitlab-npm/,better-opn
gitlab-npm,https://nexus.mgts.ru/repository/gitlab-npm/,better-sqlite3
gitlab-npm,https://nexus.mgts.ru/repository/gitlab-npm/,bezier-easing
gitlab-npm,https://nexus.mgts.ru/repository/gitlab-npm/,bidi-js
gitlab-npm,https://nexus.mgts.ru/repository/gitlab-npm/,big-integer
gitlab-npm,https://nexus.mgts.ru/repository/gitlab-npm/,big.js
gitlab-npm,https://nexus.mgts.ru/repository/gitlab-npm/,bin-build
gitlab-npm,https://nexus.mgts.ru/repository/gitlab-npm/,bin-check
gitlab-npm,https://nexus.mgts.ru/repository/gitlab-npm/,bin-version
gitlab-npm,https://nexus.mgts.ru/repository/gitlab-npm/,bin-version-check
gitlab-npm,https://nexus.mgts.ru/repository/gitlab-npm/,bin-wrapper
gitlab-npm,https://nexus.mgts.ru/repository/gitlab-npm/,binary-extensions
gitlab-npm,https://nexus.mgts.ru/repository/gitlab-npm/,bindings
gitlab-npm,https://nexus.mgts.ru/repository/gitlab-npm/,bl
gitlab-npm,https://nexus.mgts.ru/repository/gitlab-npm/,blob
gitlab-npm,https://nexus.mgts.ru/repository/gitlab-npm/,blob-util
gitlab-npm,https://nexus.mgts.ru/repository/gitlab-npm/,block-stream
gitlab-npm,https://nexus.mgts.ru/repository/gitlab-npm/,blocking-proxy
gitlab-npm,https://nexus.mgts.ru/repository/gitlab-npm/,bluebird
gitlab-npm,https://nexus.mgts.ru/repository/gitlab-npm/,bn.js
gitlab-npm,https://nexus.mgts.ru/repository/gitlab-npm/,body-parser
gitlab-npm,https://nexus.mgts.ru/repository/gitlab-npm/,bonjour
gitlab-npm,https://nexus.mgts.ru/repository/gitlab-npm/,bonjour-service
gitlab-npm,https://nexus.mgts.ru/repository/gitlab-npm/,boolbase
gitlab-npm,https://nexus.mgts.ru/repository/gitlab-npm/,boom
gitlab-npm,https://nexus.mgts.ru/repository/gitlab-npm/,bootstrap
gitlab-npm,https://nexus.mgts.ru/repository/gitlab-npm/,bootstrap-icons
gitlab-npm,https://nexus.mgts.ru/repository/gitlab-npm/,bottleneck
gitlab-npm,https://nexus.mgts.ru/repository/gitlab-npm/,bourbon
gitlab-npm,https://nexus.mgts.ru/repository/gitlab-npm/,bowser
gitlab-npm,https://nexus.mgts.ru/repository/gitlab-npm/,boxen
gitlab-npm,https://nexus.mgts.ru/repository/gitlab-npm/,bplist-creator
gitlab-npm,https://nexus.mgts.ru/repository/gitlab-npm/,bplist-parser
gitlab-npm,https://nexus.mgts.ru/repository/gitlab-npm/,brace-expansion
gitlab-npm,https://nexus.mgts.ru/repository/gitlab-npm/,braces
gitlab-npm,https://nexus.mgts.ru/repository/gitlab-npm/,brorand
gitlab-npm,https://nexus.mgts.ru/repository/gitlab-npm/,browser-pack
gitlab-npm,https://nexus.mgts.ru/repository/gitlab-npm/,browser-process-hrtime
gitlab-npm,https://nexus.mgts.ru/repository/gitlab-npm/,browser-resolve
gitlab-npm,https://nexus.mgts.ru/repository/gitlab-npm/,browser-stdout
gitlab-npm,https://nexus.mgts.ru/repository/gitlab-npm/,browser-sync
gitlab-npm,https://nexus.mgts.ru/repository/gitlab-npm/,browser-sync-client
gitlab-npm,https://nexus.mgts.ru/repository/gitlab-npm/,browser-sync-ui
gitlab-npm,https://nexus.mgts.ru/repository/gitlab-npm/,browserify
gitlab-npm,https://nexus.mgts.ru/repository/gitlab-npm/,browserify-aes
gitlab-npm,https://nexus.mgts.ru/repository/gitlab-npm/,browserify-cipher
gitlab-npm,https://nexus.mgts.ru/repository/gitlab-npm/,browserify-des
gitlab-npm,https://nexus.mgts.ru/repository/gitlab-npm/,browserify-rsa
gitlab-npm,https://nexus.mgts.ru/repository/gitlab-npm/,browserify-sign
gitlab-npm,https://nexus.mgts.ru/repository/gitlab-npm/,browserify-zlib
gitlab-npm,https://nexus.mgts.ru/repository/gitlab-npm/,browserslist
gitlab-npm,https://nexus.mgts.ru/repository/gitlab-npm/,browserstack
gitlab-npm,https://nexus.mgts.ru/repository/gitlab-npm/,bs-recipes
gitlab-npm,https://nexus.mgts.ru/repository/gitlab-npm/,bser
gitlab-npm,https://nexus.mgts.ru/repository/gitlab-npm/,bubblesets-js
gitlab-npm,https://nexus.mgts.ru/repository/gitlab-npm/,buf-compare
gitlab-npm,https://nexus.mgts.ru/repository/gitlab-npm/,buffer
gitlab-npm,https://nexus.mgts.ru/repository/gitlab-npm/,buffer-alloc
gitlab-npm,https://nexus.mgts.ru/repository/gitlab-npm/,buffer-alloc-unsafe
gitlab-npm,https://nexus.mgts.ru/repository/gitlab-npm/,buffer-crc32
gitlab-npm,https://nexus.mgts.ru/repository/gitlab-npm/,buffer-fill
gitlab-npm,https://nexus.mgts.ru/repository/gitlab-npm/,buffer-from
gitlab-npm,https://nexus.mgts.ru/repository/gitlab-npm/,buffer-indexof
gitlab-npm,https://nexus.mgts.ru/repository/gitlab-npm/,buffer-xor
gitlab-npm,https://nexus.mgts.ru/repository/gitlab-npm/,bufferutil
gitlab-npm,https://nexus.mgts.ru/repository/gitlab-npm/,builtin-modules
gitlab-npm,https://nexus.mgts.ru/repository/gitlab-npm/,builtin-status-codes
gitlab-npm,https://nexus.mgts.ru/repository/gitlab-npm/,builtins
gitlab-npm,https://nexus.mgts.ru/repository/gitlab-npm/,bundle-loader
gitlab-npm,https://nexus.mgts.ru/repository/gitlab-npm/,bundle-name
gitlab-npm,https://nexus.mgts.ru/repository/gitlab-npm/,bundle-require
gitlab-npm,https://nexus.mgts.ru/repository/gitlab-npm/,busboy
gitlab-npm,https://nexus.mgts.ru/repository/gitlab-npm/,bytebuffer
gitlab-npm,https://nexus.mgts.ru/repository/gitlab-npm/,bytes
gitlab-npm,https://nexus.mgts.ru/repository/gitlab-npm/,c12
gitlab-npm,https://nexus.mgts.ru/repository/gitlab-npm/,c8
gitlab-npm,https://nexus.mgts.ru/repository/gitlab-npm/,cac
gitlab-npm,https://nexus.mgts.ru/repository/gitlab-npm/,cacache
gitlab-npm,https://nexus.mgts.ru/repository/gitlab-npm/,cache-base
gitlab-npm,https://nexus.mgts.ru/repository/gitlab-npm/,cacheable-request
gitlab-npm,https://nexus.mgts.ru/repository/gitlab-npm/,cached-path-relative
gitlab-npm,https://nexus.mgts.ru/repository/gitlab-npm/,cachedir
gitlab-npm,https://nexus.mgts.ru/repository/gitlab-npm/,caching-transform
gitlab-npm,https://nexus.mgts.ru/repository/gitlab-npm/,call-bind
gitlab-npm,https://nexus.mgts.ru/repository/gitlab-npm/,call-bind-apply-helpers
gitlab-npm,https://nexus.mgts.ru/repository/gitlab-npm/,call-bound
gitlab-npm,https://nexus.mgts.ru/repository/gitlab-npm/,call-matcher
gitlab-npm,https://nexus.mgts.ru/repository/gitlab-npm/,call-me-maybe
gitlab-npm,https://nexus.mgts.ru/repository/gitlab-npm/,call-signature
gitlab-npm,https://nexus.mgts.ru/repository/gitlab-npm/,caller-path
gitlab-npm,https://nexus.mgts.ru/repository/gitlab-npm/,callsite
gitlab-npm,https://nexus.mgts.ru/repository/gitlab-npm/,callsites
gitlab-npm,https://nexus.mgts.ru/repository/gitlab-npm/,camel-case
gitlab-npm,https://nexus.mgts.ru/repository/gitlab-npm/,camelcase
gitlab-npm,https://nexus.mgts.ru/repository/gitlab-npm/,camelcase-css
gitlab-npm,https://nexus.mgts.ru/repository/gitlab-npm/,camelcase-keys
gitlab-npm,https://nexus.mgts.ru/repository/gitlab-npm/,camelize
gitlab-npm,https://nexus.mgts.ru/repository/gitlab-npm/,caniuse-api
gitlab-npm,https://nexus.mgts.ru/repository/gitlab-npm/,caniuse-db
gitlab-npm,https://nexus.mgts.ru/repository/gitlab-npm/,caniuse-lite
gitlab-npm,https://nexus.mgts.ru/repository/gitlab-npm/,canvas
gitlab-npm,https://nexus.mgts.ru/repository/gitlab-npm/,capture-exit
gitlab-npm,https://nexus.mgts.ru/repository/gitlab-npm/,capture-stack-trace
gitlab-npm,https://nexus.mgts.ru/repository/gitlab-npm/,cardinal
gitlab-npm,https://nexus.mgts.ru/repository/gitlab-npm/,case-sensitive-paths-webpack-plugin
gitlab-npm,https://nexus.mgts.ru/repository/gitlab-npm/,caseless
gitlab-npm,https://nexus.mgts.ru/repository/gitlab-npm/,caw
gitlab-npm,https://nexus.mgts.ru/repository/gitlab-npm/,ccount
gitlab-npm,https://nexus.mgts.ru/repository/gitlab-npm/,center-align
gitlab-npm,https://nexus.mgts.ru/repository/gitlab-npm/,chai
gitlab-npm,https://nexus.mgts.ru/repository/gitlab-npm/,chalk
gitlab-npm,https://nexus.mgts.ru/repository/gitlab-npm/,chalk-template
gitlab-npm,https://nexus.mgts.ru/repository/gitlab-npm/,change-case
gitlab-npm,https://nexus.mgts.ru/repository/gitlab-npm/,char-regex
gitlab-npm,https://nexus.mgts.ru/repository/gitlab-npm/,character-entities
gitlab-npm,https://nexus.mgts.ru/repository/gitlab-npm/,character-entities-html4
gitlab-npm,https://nexus.mgts.ru/repository/gitlab-npm/,character-entities-legacy
gitlab-npm,https://nexus.mgts.ru/repository/gitlab-npm/,character-reference-invalid
gitlab-npm,https://nexus.mgts.ru/repository/gitlab-npm/,chardet
gitlab-npm,https://nexus.mgts.ru/repository/gitlab-npm/,chart.js
gitlab-npm,https://nexus.mgts.ru/repository/gitlab-npm/,chartjs-adapter-date-fns
gitlab-npm,https://nexus.mgts.ru/repository/gitlab-npm/,chartjs-color
gitlab-npm,https://nexus.mgts.ru/repository/gitlab-npm/,chartjs-color-string
gitlab-npm,https://nexus.mgts.ru/repository/gitlab-npm/,chartjs-plugin-annotation
gitlab-npm,https://nexus.mgts.ru/repository/gitlab-npm/,check-error
gitlab-npm,https://nexus.mgts.ru/repository/gitlab-npm/,check-more-types
gitlab-npm,https://nexus.mgts.ru/repository/gitlab-npm/,cheerio
gitlab-npm,https://nexus.mgts.ru/repository/gitlab-npm/,cheerio-select
gitlab-npm,https://nexus.mgts.ru/repository/gitlab-npm/,chevrotain
gitlab-npm,https://nexus.mgts.ru/repository/gitlab-npm/,chevrotain-allstar
gitlab-npm,https://nexus.mgts.ru/repository/gitlab-npm/,chokidar
gitlab-npm,https://nexus.mgts.ru/repository/gitlab-npm/,chownr
gitlab-npm,https://nexus.mgts.ru/repository/gitlab-npm/,chromatic
gitlab-npm,https://nexus.mgts.ru/repository/gitlab-npm/,chrome-trace-event
gitlab-npm,https://nexus.mgts.ru/repository/gitlab-npm/,chromedriver
gitlab-npm,https://nexus.mgts.ru/repository/gitlab-npm/,ci-info
gitlab-npm,https://nexus.mgts.ru/repository/gitlab-npm/,cipher-base
gitlab-npm,https://nexus.mgts.ru/repository/gitlab-npm/,circular-dependency-plugin
gitlab-npm,https://nexus.mgts.ru/repository/gitlab-npm/,circular-json
gitlab-npm,https://nexus.mgts.ru/repository/gitlab-npm/,citty
gitlab-npm,https://nexus.mgts.ru/repository/gitlab-npm/,cjs-module-lexer
gitlab-npm,https://nexus.mgts.ru/repository/gitlab-npm/,clap
gitlab-npm,https://nexus.mgts.ru/repository/gitlab-npm/,class-transformer
gitlab-npm,https://nexus.mgts.ru/repository/gitlab-npm/,class-utils
gitlab-npm,https://nexus.mgts.ru/repository/gitlab-npm/,class-variance-authority
gitlab-npm,https://nexus.mgts.ru/repository/gitlab-npm/,classnames
gitlab-npm,https://nexus.mgts.ru/repository/gitlab-npm/,clean-css
gitlab-npm,https://nexus.mgts.ru/repository/gitlab-npm/,clean-regexp
gitlab-npm,https://nexus.mgts.ru/repository/gitlab-npm/,clean-stack
gitlab-npm,https://nexus.mgts.ru/repository/gitlab-npm/,clean-webpack-plugin
gitlab-npm,https://nexus.mgts.ru/repository/gitlab-npm/,clean-yaml-object
gitlab-npm,https://nexus.mgts.ru/repository/gitlab-npm/,cli-boxes
gitlab-npm,https://nexus.mgts.ru/repository/gitlab-npm/,cli-cursor
gitlab-npm,https://nexus.mgts.ru/repository/gitlab-npm/,cli-spinners
gitlab-npm,https://nexus.mgts.ru/repository/gitlab-npm/,cli-table3
gitlab-npm,https://nexus.mgts.ru/repository/gitlab-npm/,cli-truncate
gitlab-npm,https://nexus.mgts.ru/repository/gitlab-npm/,cli-width
gitlab-npm,https://nexus.mgts.ru/repository/gitlab-npm/,client-only
gitlab-npm,https://nexus.mgts.ru/repository/gitlab-npm/,clipboardy
gitlab-npm,https://nexus.mgts.ru/repository/gitlab-npm/,cliui
gitlab-npm,https://nexus.mgts.ru/repository/gitlab-npm/,clone
gitlab-npm,https://nexus.mgts.ru/repository/gitlab-npm/,clone-buffer
gitlab-npm,https://nexus.mgts.ru/repository/gitlab-npm/,clone-deep
gitlab-npm,https://nexus.mgts.ru/repository/gitlab-npm/,clone-response
gitlab-npm,https://nexus.mgts.ru/repository/gitlab-npm/,clone-stats
gitlab-npm,https://nexus.mgts.ru/repository/gitlab-npm/,cloneable-readable
gitlab-npm,https://nexus.mgts.ru/repository/gitlab-npm/,clsx
gitlab-npm,https://nexus.mgts.ru/repository/gitlab-npm/,cmdk
gitlab-npm,https://nexus.mgts.ru/repository/gitlab-npm/,co
gitlab-npm,https://nexus.mgts.ru/repository/gitlab-npm/,co-with-promise
gitlab-npm,https://nexus.mgts.ru/repository/gitlab-npm/,coa
gitlab-npm,https://nexus.mgts.ru/repository/gitlab-npm/,code-block-writer
gitlab-npm,https://nexus.mgts.ru/repository/gitlab-npm/,code-point-at
gitlab-npm,https://nexus.mgts.ru/repository/gitlab-npm/,codemirror
gitlab-npm,https://nexus.mgts.ru/repository/gitlab-npm/,collapse-white-space
gitlab-npm,https://nexus.mgts.ru/repository/gitlab-npm/,collect-v8-coverage
gitlab-npm,https://nexus.mgts.ru/repository/gitlab-npm/,collection-visit
gitlab-npm,https://nexus.mgts.ru/repository/gitlab-npm/,color
gitlab-npm,https://nexus.mgts.ru/repository/gitlab-npm/,color-convert
gitlab-npm,https://nexus.mgts.ru/repository/gitlab-npm/,color-name
gitlab-npm,https://nexus.mgts.ru/repository/gitlab-npm/,color-parse
gitlab-npm,https://nexus.mgts.ru/repository/gitlab-npm/,color-rgba
gitlab-npm,https://nexus.mgts.ru/repository/gitlab-npm/,color-space
gitlab-npm,https://nexus.mgts.ru/repository/gitlab-npm/,color-string
gitlab-npm,https://nexus.mgts.ru/repository/gitlab-npm/,color-support
gitlab-npm,https://nexus.mgts.ru/repository/gitlab-npm/,colord
gitlab-npm,https://nexus.mgts.ru/repository/gitlab-npm/,colorette
gitlab-npm,https://nexus.mgts.ru/repository/gitlab-npm/,colormin
gitlab-npm,https://nexus.mgts.ru/repository/gitlab-npm/,colors
gitlab-npm,https://nexus.mgts.ru/repository/gitlab-npm/,colour
gitlab-npm,https://nexus.mgts.ru/repository/gitlab-npm/,combine-lists
gitlab-npm,https://nexus.mgts.ru/repository/gitlab-npm/,combine-source-map
gitlab-npm,https://nexus.mgts.ru/repository/gitlab-npm/,combined-stream
gitlab-npm,https://nexus.mgts.ru/repository/gitlab-npm/,comlink
gitlab-npm,https://nexus.mgts.ru/repository/gitlab-npm/,comma-separated-tokens
gitlab-npm,https://nexus.mgts.ru/repository/gitlab-npm/,command-line-args
gitlab-npm,https://nexus.mgts.ru/repository/gitlab-npm/,command-line-usage
gitlab-npm,https://nexus.mgts.ru/repository/gitlab-npm/,command-score
gitlab-npm,https://nexus.mgts.ru/repository/gitlab-npm/,commander
gitlab-npm,https://nexus.mgts.ru/repository/gitlab-npm/,comment-parser
gitlab-npm,https://nexus.mgts.ru/repository/gitlab-npm/,common-path-prefix
gitlab-npm,https://nexus.mgts.ru/repository/gitlab-npm/,common-tags
gitlab-npm,https://nexus.mgts.ru/repository/gitlab-npm/,commondir
gitlab-npm,https://nexus.mgts.ru/repository/gitlab-npm/,compare-versions
gitlab-npm,https://nexus.mgts.ru/repository/gitlab-npm/,component-bind
gitlab-npm,https://nexus.mgts.ru/repository/gitlab-npm/,component-emitter
gitlab-npm,https://nexus.mgts.ru/repository/gitlab-npm/,component-inherit
gitlab-npm,https://nexus.mgts.ru/repository/gitlab-npm/,compress-images
gitlab-npm,https://nexus.mgts.ru/repository/gitlab-npm/,compressible
gitlab-npm,https://nexus.mgts.ru/repository/gitlab-npm/,compression
gitlab-npm,https://nexus.mgts.ru/repository/gitlab-npm/,compute-scroll-into-view
gitlab-npm,https://nexus.mgts.ru/repository/gitlab-npm/,concat-map
gitlab-npm,https://nexus.mgts.ru/repository/gitlab-npm/,concat-stream
gitlab-npm,https://nexus.mgts.ru/repository/gitlab-npm/,concat-with-sourcemaps
gitlab-npm,https://nexus.mgts.ru/repository/gitlab-npm/,concurrently
gitlab-npm,https://nexus.mgts.ru/repository/gitlab-npm/,conf
gitlab-npm,https://nexus.mgts.ru/repository/gitlab-npm/,confbox
gitlab-npm,https://nexus.mgts.ru/repository/gitlab-npm/,config-chain
gitlab-npm,https://nexus.mgts.ru/repository/gitlab-npm/,configstore
gitlab-npm,https://nexus.mgts.ru/repository/gitlab-npm/,confusing-browser-globals
gitlab-npm,https://nexus.mgts.ru/repository/gitlab-npm/,connect
gitlab-npm,https://nexus.mgts.ru/repository/gitlab-npm/,connect-history-api-fallback
gitlab-npm,https://nexus.mgts.ru/repository/gitlab-npm/,connect-pause
gitlab-npm,https://nexus.mgts.ru/repository/gitlab-npm/,consola
gitlab-npm,https://nexus.mgts.ru/repository/gitlab-npm/,console-browserify
gitlab-npm,https://nexus.mgts.ru/repository/gitlab-npm/,console-control-strings
gitlab-npm,https://nexus.mgts.ru/repository/gitlab-npm/,console-stream
gitlab-npm,https://nexus.mgts.ru/repository/gitlab-npm/,console-table-printer
gitlab-npm,https://nexus.mgts.ru/repository/gitlab-npm/,constant-case
gitlab-npm,https://nexus.mgts.ru/repository/gitlab-npm/,constants-browserify
gitlab-npm,https://nexus.mgts.ru/repository/gitlab-npm/,content-disposition
gitlab-npm,https://nexus.mgts.ru/repository/gitlab-npm/,content-type
gitlab-npm,https://nexus.mgts.ru/repository/gitlab-npm/,convert-source-map
gitlab-npm,https://nexus.mgts.ru/repository/gitlab-npm/,cookie
gitlab-npm,https://nexus.mgts.ru/repository/gitlab-npm/,cookie-signature
gitlab-npm,https://nexus.mgts.ru/repository/gitlab-npm/,copy-anything
gitlab-npm,https://nexus.mgts.ru/repository/gitlab-npm/,copy-concurrently
gitlab-npm,https://nexus.mgts.ru/repository/gitlab-npm/,copy-descriptor
gitlab-npm,https://nexus.mgts.ru/repository/gitlab-npm/,copy-props
gitlab-npm,https://nexus.mgts.ru/repository/gitlab-npm/,copy-to-clipboard
gitlab-npm,https://nexus.mgts.ru/repository/gitlab-npm/,copy-webpack-plugin
gitlab-npm,https://nexus.mgts.ru/repository/gitlab-npm/,core-assert
gitlab-npm,https://nexus.mgts.ru/repository/gitlab-npm/,core-js
gitlab-npm,https://nexus.mgts.ru/repository/gitlab-npm/,core-js-compat
gitlab-npm,https://nexus.mgts.ru/repository/gitlab-npm/,core-js-pure
gitlab-npm,https://nexus.mgts.ru/repository/gitlab-npm/,core-util-is
gitlab-npm,https://nexus.mgts.ru/repository/gitlab-npm/,cors
gitlab-npm,https://nexus.mgts.ru/repository/gitlab-npm/,cose-base
gitlab-npm,https://nexus.mgts.ru/repository/gitlab-npm/,cosmiconfig
gitlab-npm,https://nexus.mgts.ru/repository/gitlab-npm/,cp-file
gitlab-npm,https://nexus.mgts.ru/repository/gitlab-npm/,cpy
gitlab-npm,https://nexus.mgts.ru/repository/gitlab-npm/,create-ecdh
gitlab-npm,https://nexus.mgts.ru/repository/gitlab-npm/,create-error-class
gitlab-npm,https://nexus.mgts.ru/repository/gitlab-npm/,create-hash
gitlab-npm,https://nexus.mgts.ru/repository/gitlab-npm/,create-hmac
gitlab-npm,https://nexus.mgts.ru/repository/gitlab-npm/,create-next-app
gitlab-npm,https://nexus.mgts.ru/repository/gitlab-npm/,create-ol-app
gitlab-npm,https://nexus.mgts.ru/repository/gitlab-npm/,create-require
gitlab-npm,https://nexus.mgts.ru/repository/gitlab-npm/,create-vite
gitlab-npm,https://nexus.mgts.ru/repository/gitlab-npm/,create-vuetify
gitlab-npm,https://nexus.mgts.ru/repository/gitlab-npm/,crelt
gitlab-npm,https://nexus.mgts.ru/repository/gitlab-npm/,critters
gitlab-npm,https://nexus.mgts.ru/repository/gitlab-npm/,cron-schedule
gitlab-npm,https://nexus.mgts.ru/repository/gitlab-npm/,cross-env
gitlab-npm,https://nexus.mgts.ru/repository/gitlab-npm/,cross-spawn
gitlab-npm,https://nexus.mgts.ru/repository/gitlab-npm/,cross-spawn-async
gitlab-npm,https://nexus.mgts.ru/repository/gitlab-npm/,crossws
gitlab-npm,https://nexus.mgts.ru/repository/gitlab-npm/,cryptiles
gitlab-npm,https://nexus.mgts.ru/repository/gitlab-npm/,crypto-browserify
gitlab-npm,https://nexus.mgts.ru/repository/gitlab-npm/,crypto-js
gitlab-npm,https://nexus.mgts.ru/repository/gitlab-npm/,css
gitlab-npm,https://nexus.mgts.ru/repository/gitlab-npm/,css-blank-pseudo
gitlab-npm,https://nexus.mgts.ru/repository/gitlab-npm/,css-color-keywords
gitlab-npm,https://nexus.mgts.ru/repository/gitlab-npm/,css-color-names
gitlab-npm,https://nexus.mgts.ru/repository/gitlab-npm/,css-declaration-sorter
gitlab-npm,https://nexus.mgts.ru/repository/gitlab-npm/,css-functions-list
gitlab-npm,https://nexus.mgts.ru/repository/gitlab-npm/,css-has-pseudo
gitlab-npm,https://nexus.mgts.ru/repository/gitlab-npm/,css-loader
gitlab-npm,https://nexus.mgts.ru/repository/gitlab-npm/,css-minimizer-webpack-plugin
gitlab-npm,https://nexus.mgts.ru/repository/gitlab-npm/,css-prefers-color-scheme
gitlab-npm,https://nexus.mgts.ru/repository/gitlab-npm/,css-select
gitlab-npm,https://nexus.mgts.ru/repository/gitlab-npm/,css-selector-parser
gitlab-npm,https://nexus.mgts.ru/repository/gitlab-npm/,css-selector-tokenizer
gitlab-npm,https://nexus.mgts.ru/repository/gitlab-npm/,css-styled
gitlab-npm,https://nexus.mgts.ru/repository/gitlab-npm/,css-to-mat
gitlab-npm,https://nexus.mgts.ru/repository/gitlab-npm/,css-to-react-native
gitlab-npm,https://nexus.mgts.ru/repository/gitlab-npm/,css-tree
gitlab-npm,https://nexus.mgts.ru/repository/gitlab-npm/,css-what
gitlab-npm,https://nexus.mgts.ru/repository/gitlab-npm/,css.escape
gitlab-npm,https://nexus.mgts.ru/repository/gitlab-npm/,cssdb
gitlab-npm,https://nexus.mgts.ru/repository/gitlab-npm/,cssesc
gitlab-npm,https://nexus.mgts.ru/repository/gitlab-npm/,cssnano
gitlab-npm,https://nexus.mgts.ru/repository/gitlab-npm/,cssnano-preset-default
gitlab-npm,https://nexus.mgts.ru/repository/gitlab-npm/,cssnano-utils
gitlab-npm,https://nexus.mgts.ru/repository/gitlab-npm/,csso
gitlab-npm,https://nexus.mgts.ru/repository/gitlab-npm/,cssom
gitlab-npm,https://nexus.mgts.ru/repository/gitlab-npm/,cssstyle
gitlab-npm,https://nexus.mgts.ru/repository/gitlab-npm/,csstype
gitlab-npm,https://nexus.mgts.ru/repository/gitlab-npm/,currently-unhandled
gitlab-npm,https://nexus.mgts.ru/repository/gitlab-npm/,custom-event
gitlab-npm,https://nexus.mgts.ru/repository/gitlab-npm/,cwd
gitlab-npm,https://nexus.mgts.ru/repository/gitlab-npm/,cwebp-bin
gitlab-npm,https://nexus.mgts.ru/repository/gitlab-npm/,cyclist
gitlab-npm,https://nexus.mgts.ru/repository/gitlab-npm/,cypress
gitlab-npm,https://nexus.mgts.ru/repository/gitlab-npm/,cytoscape
gitlab-npm,https://nexus.mgts.ru/repository/gitlab-npm/,cytoscape-cose-bilkent
gitlab-npm,https://nexus.mgts.ru/repository/gitlab-npm/,cytoscape-fcose
gitlab-npm,https://nexus.mgts.ru/repository/gitlab-npm/,d
gitlab-npm,https://nexus.mgts.ru/repository/gitlab-npm/,d3
gitlab-npm,https://nexus.mgts.ru/repository/gitlab-npm/,d3-array
gitlab-npm,https://nexus.mgts.ru/repository/gitlab-npm/,d3-axis
gitlab-npm,https://nexus.mgts.ru/repository/gitlab-npm/,d3-binarytree
gitlab-npm,https://nexus.mgts.ru/repository/gitlab-npm/,d3-brush
gitlab-npm,https://nexus.mgts.ru/repository/gitlab-npm/,d3-chord
gitlab-npm,https://nexus.mgts.ru/repository/gitlab-npm/,d3-color
gitlab-npm,https://nexus.mgts.ru/repository/gitlab-npm/,d3-contour
gitlab-npm,https://nexus.mgts.ru/repository/gitlab-npm/,d3-delaunay
gitlab-npm,https://nexus.mgts.ru/repository/gitlab-npm/,d3-dispatch
gitlab-npm,https://nexus.mgts.ru/repository/gitlab-npm/,d3-drag
gitlab-npm,https://nexus.mgts.ru/repository/gitlab-npm/,d3-dsv
gitlab-npm,https://nexus.mgts.ru/repository/gitlab-npm/,d3-ease
gitlab-npm,https://nexus.mgts.ru/repository/gitlab-npm/,d3-fetch
gitlab-npm,https://nexus.mgts.ru/repository/gitlab-npm/,d3-force
gitlab-npm,https://nexus.mgts.ru/repository/gitlab-npm/,d3-force-3d
gitlab-npm,https://nexus.mgts.ru/repository/gitlab-npm/,d3-format
gitlab-npm,https://nexus.mgts.ru/repository/gitlab-npm/,d3-geo
gitlab-npm,https://nexus.mgts.ru/repository/gitlab-npm/,d3-geo-projection
gitlab-npm,https://nexus.mgts.ru/repository/gitlab-npm/,d3-hierarchy
gitlab-npm,https://nexus.mgts.ru/repository/gitlab-npm/,d3-interpolate
gitlab-npm,https://nexus.mgts.ru/repository/gitlab-npm/,d3-octree
gitlab-npm,https://nexus.mgts.ru/repository/gitlab-npm/,d3-path
gitlab-npm,https://nexus.mgts.ru/repository/gitlab-npm/,d3-polygon
gitlab-npm,https://nexus.mgts.ru/repository/gitlab-npm/,d3-quadtree
gitlab-npm,https://nexus.mgts.ru/repository/gitlab-npm/,d3-random
gitlab-npm,https://nexus.mgts.ru/repository/gitlab-npm/,d3-regression
gitlab-npm,https://nexus.mgts.ru/repository/gitlab-npm/,d3-sankey
gitlab-npm,https://nexus.mgts.ru/repository/gitlab-npm/,d3-scale
gitlab-npm,https://nexus.mgts.ru/repository/gitlab-npm/,d3-scale-chromatic
gitlab-npm,https://nexus.mgts.ru/repository/gitlab-npm/,d3-selection
gitlab-npm,https://nexus.mgts.ru/repository/gitlab-npm/,d3-shape
gitlab-npm,https://nexus.mgts.ru/repository/gitlab-npm/,d3-time
gitlab-npm,https://nexus.mgts.ru/repository/gitlab-npm/,d3-time-format
gitlab-npm,https://nexus.mgts.ru/repository/gitlab-npm/,d3-timer
gitlab-npm,https://nexus.mgts.ru/repository/gitlab-npm/,d3-transition
gitlab-npm,https://nexus.mgts.ru/repository/gitlab-npm/,d3-zoom
gitlab-npm,https://nexus.mgts.ru/repository/gitlab-npm/,dagre
gitlab-npm,https://nexus.mgts.ru/repository/gitlab-npm/,dagre-d3-es
gitlab-npm,https://nexus.mgts.ru/repository/gitlab-npm/,damerau-levenshtein
gitlab-npm,https://nexus.mgts.ru/repository/gitlab-npm/,dash-ast
gitlab-npm,https://nexus.mgts.ru/repository/gitlab-npm/,dashdash
gitlab-npm,https://nexus.mgts.ru/repository/gitlab-npm/,data-uri-to-buffer
gitlab-npm,https://nexus.mgts.ru/repository/gitlab-npm/,data-urls
gitlab-npm,https://nexus.mgts.ru/repository/gitlab-npm/,data-view-buffer
gitlab-npm,https://nexus.mgts.ru/repository/gitlab-npm/,data-view-byte-length
gitlab-npm,https://nexus.mgts.ru/repository/gitlab-npm/,data-view-byte-offset
gitlab-npm,https://nexus.mgts.ru/repository/gitlab-npm/,date-fns
gitlab-npm,https://nexus.mgts.ru/repository/gitlab-npm/,date-fns-jalali
gitlab-npm,https://nexus.mgts.ru/repository/gitlab-npm/,date-format
gitlab-npm,https://nexus.mgts.ru/repository/gitlab-npm/,date-time
gitlab-npm,https://nexus.mgts.ru/repository/gitlab-npm/,dateformat
gitlab-npm,https://nexus.mgts.ru/repository/gitlab-npm/,dayjs
gitlab-npm,https://nexus.mgts.ru/repository/gitlab-npm/,debounce
gitlab-npm,https://nexus.mgts.ru/repository/gitlab-npm/,debounce-fn
gitlab-npm,https://nexus.mgts.ru/repository/gitlab-npm/,debug
gitlab-npm,https://nexus.mgts.ru/repository/gitlab-npm/,debug-log
gitlab-npm,https://nexus.mgts.ru/repository/gitlab-npm/,decamelize
gitlab-npm,https://nexus.mgts.ru/repository/gitlab-npm/,decamelize-keys
gitlab-npm,https://nexus.mgts.ru/repository/gitlab-npm/,decimal.js
gitlab-npm,https://nexus.mgts.ru/repository/gitlab-npm/,decimal.js-light
gitlab-npm,https://nexus.mgts.ru/repository/gitlab-npm/,decode-named-character-reference
gitlab-npm,https://nexus.mgts.ru/repository/gitlab-npm/,decode-uri-component
gitlab-npm,https://nexus.mgts.ru/repository/gitlab-npm/,decompress
gitlab-npm,https://nexus.mgts.ru/repository/gitlab-npm/,decompress-response
gitlab-npm,https://nexus.mgts.ru/repository/gitlab-npm/,decompress-tar
gitlab-npm,https://nexus.mgts.ru/repository/gitlab-npm/,decompress-tarbz2
gitlab-npm,https://nexus.mgts.ru/repository/gitlab-npm/,decompress-targz
gitlab-npm,https://nexus.mgts.ru/repository/gitlab-npm/,decompress-unzip
gitlab-npm,https://nexus.mgts.ru/repository/gitlab-npm/,dedent
gitlab-npm,https://nexus.mgts.ru/repository/gitlab-npm/,deep-diff
gitlab-npm,https://nexus.mgts.ru/repository/gitlab-npm/,deep-eql
gitlab-npm,https://nexus.mgts.ru/repository/gitlab-npm/,deep-equal
gitlab-npm,https://nexus.mgts.ru/repository/gitlab-npm/,deep-extend
gitlab-npm,https://nexus.mgts.ru/repository/gitlab-npm/,deep-is
gitlab-npm,https://nexus.mgts.ru/repository/gitlab-npm/,deepmerge
gitlab-npm,https://nexus.mgts.ru/repository/gitlab-npm/,deepmerge-ts
gitlab-npm,https://nexus.mgts.ru/repository/gitlab-npm/,default-browser
gitlab-npm,https://nexus.mgts.ru/repository/gitlab-npm/,default-browser-id
gitlab-npm,https://nexus.mgts.ru/repository/gitlab-npm/,default-gateway
gitlab-npm,https://nexus.mgts.ru/repository/gitlab-npm/,defaults
gitlab-npm,https://nexus.mgts.ru/repository/gitlab-npm/,define-data-property
gitlab-npm,https://nexus.mgts.ru/repository/gitlab-npm/,define-lazy-prop
gitlab-npm,https://nexus.mgts.ru/repository/gitlab-npm/,define-properties
gitlab-npm,https://nexus.mgts.ru/repository/gitlab-npm/,define-property
gitlab-npm,https://nexus.mgts.ru/repository/gitlab-npm/,defined
gitlab-npm,https://nexus.mgts.ru/repository/gitlab-npm/,defu
gitlab-npm,https://nexus.mgts.ru/repository/gitlab-npm/,degenerator
gitlab-npm,https://nexus.mgts.ru/repository/gitlab-npm/,degit
gitlab-npm,https://nexus.mgts.ru/repository/gitlab-npm/,deglob
gitlab-npm,https://nexus.mgts.ru/repository/gitlab-npm/,del
gitlab-npm,https://nexus.mgts.ru/repository/gitlab-npm/,delaunator
gitlab-npm,https://nexus.mgts.ru/repository/gitlab-npm/,delayed-stream
gitlab-npm,https://nexus.mgts.ru/repository/gitlab-npm/,delegates
gitlab-npm,https://nexus.mgts.ru/repository/gitlab-npm/,denque
gitlab-npm,https://nexus.mgts.ru/repository/gitlab-npm/,depd
gitlab-npm,https://nexus.mgts.ru/repository/gitlab-npm/,dependency-graph
gitlab-npm,https://nexus.mgts.ru/repository/gitlab-npm/,deprecation
gitlab-npm,https://nexus.mgts.ru/repository/gitlab-npm/,deps-sort
gitlab-npm,https://nexus.mgts.ru/repository/gitlab-npm/,dequal
gitlab-npm,https://nexus.mgts.ru/repository/gitlab-npm/,des.js
gitlab-npm,https://nexus.mgts.ru/repository/gitlab-npm/,destr
gitlab-npm,https://nexus.mgts.ru/repository/gitlab-npm/,destroy
gitlab-npm,https://nexus.mgts.ru/repository/gitlab-npm/,detab
gitlab-npm,https://nexus.mgts.ru/repository/gitlab-npm/,detect-file
gitlab-npm,https://nexus.mgts.ru/repository/gitlab-npm/,detect-indent
gitlab-npm,https://nexus.mgts.ru/repository/gitlab-npm/,detect-libc
gitlab-npm,https://nexus.mgts.ru/repository/gitlab-npm/,detect-newline
gitlab-npm,https://nexus.mgts.ru/repository/gitlab-npm/,detect-node
gitlab-npm,https://nexus.mgts.ru/repository/gitlab-npm/,detect-node-es
gitlab-npm,https://nexus.mgts.ru/repository/gitlab-npm/,detect-package-manager
gitlab-npm,https://nexus.mgts.ru/repository/gitlab-npm/,detect-port
gitlab-npm,https://nexus.mgts.ru/repository/gitlab-npm/,detective
gitlab-npm,https://nexus.mgts.ru/repository/gitlab-npm/,dev-ip
gitlab-npm,https://nexus.mgts.ru/repository/gitlab-npm/,devlop
gitlab-npm,https://nexus.mgts.ru/repository/gitlab-npm/,di
gitlab-npm,https://nexus.mgts.ru/repository/gitlab-npm/,didyoumean
gitlab-npm,https://nexus.mgts.ru/repository/gitlab-npm/,diff
gitlab-npm,https://nexus.mgts.ru/repository/gitlab-npm/,diff-match-patch
gitlab-npm,https://nexus.mgts.ru/repository/gitlab-npm/,diff-sequences
gitlab-npm,https://nexus.mgts.ru/repository/gitlab-npm/,diffie-hellman
gitlab-npm,https://nexus.mgts.ru/repository/gitlab-npm/,dir-glob
gitlab-npm,https://nexus.mgts.ru/repository/gitlab-npm/,direction
gitlab-npm,https://nexus.mgts.ru/repository/gitlab-npm/,dlv
gitlab-npm,https://nexus.mgts.ru/repository/gitlab-npm/,dns-equal
gitlab-npm,https://nexus.mgts.ru/repository/gitlab-npm/,dns-packet
gitlab-npm,https://nexus.mgts.ru/repository/gitlab-npm/,dns-txt
gitlab-npm,https://nexus.mgts.ru/repository/gitlab-npm/,dnssd-advertise
gitlab-npm,https://nexus.mgts.ru/repository/gitlab-npm/,doctrine
gitlab-npm,https://nexus.mgts.ru/repository/gitlab-npm/,dom-accessibility-api
gitlab-npm,https://nexus.mgts.ru/repository/gitlab-npm/,dom-converter
gitlab-npm,https://nexus.mgts.ru/repository/gitlab-npm/,dom-helpers
gitlab-npm,https://nexus.mgts.ru/repository/gitlab-npm/,dom-serialize
gitlab-npm,https://nexus.mgts.ru/repository/gitlab-npm/,dom-serializer
gitlab-npm,https://nexus.mgts.ru/repository/gitlab-npm/,dom-walk
gitlab-npm,https://nexus.mgts.ru/repository/gitlab-npm/,domain-browser
gitlab-npm,https://nexus.mgts.ru/repository/gitlab-npm/,domelementtype
gitlab-npm,https://nexus.mgts.ru/repository/gitlab-npm/,domexception
gitlab-npm,https://nexus.mgts.ru/repository/gitlab-npm/,domhandler
gitlab-npm,https://nexus.mgts.ru/repository/gitlab-npm/,dompurify
gitlab-npm,https://nexus.mgts.ru/repository/gitlab-npm/,domutils
gitlab-npm,https://nexus.mgts.ru/repository/gitlab-npm/,dot-case
gitlab-npm,https://nexus.mgts.ru/repository/gitlab-npm/,dot-prop
gitlab-npm,https://nexus.mgts.ru/repository/gitlab-npm/,dotenv
gitlab-npm,https://nexus.mgts.ru/repository/gitlab-npm/,dotenv-defaults
gitlab-npm,https://nexus.mgts.ru/repository/gitlab-npm/,dotenv-expand
gitlab-npm,https://nexus.mgts.ru/repository/gitlab-npm/,dotenv-mono
gitlab-npm,https://nexus.mgts.ru/repository/gitlab-npm/,dotenv-webpack
gitlab-npm,https://nexus.mgts.ru/repository/gitlab-npm/,download
gitlab-npm,https://nexus.mgts.ru/repository/gitlab-npm/,dunder-proto
gitlab-npm,https://nexus.mgts.ru/repository/gitlab-npm/,duplexer
gitlab-npm,https://nexus.mgts.ru/repository/gitlab-npm/,duplexer2
gitlab-npm,https://nexus.mgts.ru/repository/gitlab-npm/,duplexer3
gitlab-npm,https://nexus.mgts.ru/repository/gitlab-npm/,duplexify
gitlab-npm,https://nexus.mgts.ru/repository/gitlab-npm/,each-props
gitlab-npm,https://nexus.mgts.ru/repository/gitlab-npm/,earcut
gitlab-npm,https://nexus.mgts.ru/repository/gitlab-npm/,eastasianwidth
gitlab-npm,https://nexus.mgts.ru/repository/gitlab-npm/,easy-extender
gitlab-npm,https://nexus.mgts.ru/repository/gitlab-npm/,eazy-logger
gitlab-npm,https://nexus.mgts.ru/repository/gitlab-npm/,ecc-jsbn
gitlab-npm,https://nexus.mgts.ru/repository/gitlab-npm/,eciesjs
gitlab-npm,https://nexus.mgts.ru/repository/gitlab-npm/,editorconfig
gitlab-npm,https://nexus.mgts.ru/repository/gitlab-npm/,ee-first
gitlab-npm,https://nexus.mgts.ru/repository/gitlab-npm/,effect
gitlab-npm,https://nexus.mgts.ru/repository/gitlab-npm/,ejs
gitlab-npm,https://nexus.mgts.ru/repository/gitlab-npm/,electron-to-chromium
gitlab-npm,https://nexus.mgts.ru/repository/gitlab-npm/,elliptic
gitlab-npm,https://nexus.mgts.ru/repository/gitlab-npm/,embla-carousel
gitlab-npm,https://nexus.mgts.ru/repository/gitlab-npm/,embla-carousel-react
gitlab-npm,https://nexus.mgts.ru/repository/gitlab-npm/,embla-carousel-reactive-utils
gitlab-npm,https://nexus.mgts.ru/repository/gitlab-npm/,emitter-component
gitlab-npm,https://nexus.mgts.ru/repository/gitlab-npm/,emittery
gitlab-npm,https://nexus.mgts.ru/repository/gitlab-npm/,emoji-regex
gitlab-npm,https://nexus.mgts.ru/repository/gitlab-npm/,emojilib
gitlab-npm,https://nexus.mgts.ru/repository/gitlab-npm/,emojis-list
gitlab-npm,https://nexus.mgts.ru/repository/gitlab-npm/,empathic
gitlab-npm,https://nexus.mgts.ru/repository/gitlab-npm/,empower-core
gitlab-npm,https://nexus.mgts.ru/repository/gitlab-npm/,encodeurl
gitlab-npm,https://nexus.mgts.ru/repository/gitlab-npm/,encoding
gitlab-npm,https://nexus.mgts.ru/repository/gitlab-npm/,end-of-stream
gitlab-npm,https://nexus.mgts.ru/repository/gitlab-npm/,endent
gitlab-npm,https://nexus.mgts.ru/repository/gitlab-npm/,engine.io
gitlab-npm,https://nexus.mgts.ru/repository/gitlab-npm/,engine.io-client
gitlab-npm,https://nexus.mgts.ru/repository/gitlab-npm/,engine.io-parser
gitlab-npm,https://nexus.mgts.ru/repository/gitlab-npm/,enhanced-resolve
gitlab-npm,https://nexus.mgts.ru/repository/gitlab-npm/,enquirer
gitlab-npm,https://nexus.mgts.ru/repository/gitlab-npm/,ent
gitlab-npm,https://nexus.mgts.ru/repository/gitlab-npm/,entities
gitlab-npm,https://nexus.mgts.ru/repository/gitlab-npm/,env-ci
gitlab-npm,https://nexus.mgts.ru/repository/gitlab-npm/,env-paths
gitlab-npm,https://nexus.mgts.ru/repository/gitlab-npm/,envinfo
gitlab-npm,https://nexus.mgts.ru/repository/gitlab-npm/,environment
gitlab-npm,https://nexus.mgts.ru/repository/gitlab-npm/,err-code
gitlab-npm,https://nexus.mgts.ru/repository/gitlab-npm/,errno
gitlab-npm,https://nexus.mgts.ru/repository/gitlab-npm/,error-ex
gitlab-npm,https://nexus.mgts.ru/repository/gitlab-npm/,error-stack-parser
gitlab-npm,https://nexus.mgts.ru/repository/gitlab-npm/,errorhandler
gitlab-npm,https://nexus.mgts.ru/repository/gitlab-npm/,es-abstract
gitlab-npm,https://nexus.mgts.ru/repository/gitlab-npm/,es-array-method-boxes-properly
gitlab-npm,https://nexus.mgts.ru/repository/gitlab-npm/,es-content-type
gitlab-npm,https://nexus.mgts.ru/repository/gitlab-npm/,es-define-property
gitlab-npm,https://nexus.mgts.ru/repository/gitlab-npm/,es-errors
gitlab-npm,https://nexus.mgts.ru/repository/gitlab-npm/,es-fresh
gitlab-npm,https://nexus.mgts.ru/repository/gitlab-npm/,es-get-iterator
gitlab-npm,https://nexus.mgts.ru/repository/gitlab-npm/,es-iterator-helpers
gitlab-npm,https://nexus.mgts.ru/repository/gitlab-npm/,es-mime-types
gitlab-npm,https://nexus.mgts.ru/repository/gitlab-npm/,es-module-lexer
gitlab-npm,https://nexus.mgts.ru/repository/gitlab-npm/,es-object-atoms
gitlab-npm,https://nexus.mgts.ru/repository/gitlab-npm/,es-set-tostringtag
gitlab-npm,https://nexus.mgts.ru/repository/gitlab-npm/,es-shim-unscopables
gitlab-npm,https://nexus.mgts.ru/repository/gitlab-npm/,es-to-primitive
gitlab-npm,https://nexus.mgts.ru/repository/gitlab-npm/,es-toolkit
gitlab-npm,https://nexus.mgts.ru/repository/gitlab-npm/,es-vary
gitlab-npm,https://nexus.mgts.ru/repository/gitlab-npm/,es5-ext
gitlab-npm,https://nexus.mgts.ru/repository/gitlab-npm/,es5-shim
gitlab-npm,https://nexus.mgts.ru/repository/gitlab-npm/,es6-iterator
gitlab-npm,https://nexus.mgts.ru/repository/gitlab-npm/,es6-map
gitlab-npm,https://nexus.mgts.ru/repository/gitlab-npm/,es6-promise
gitlab-npm,https://nexus.mgts.ru/repository/gitlab-npm/,es6-promisify
gitlab-npm,https://nexus.mgts.ru/repository/gitlab-npm/,es6-set
gitlab-npm,https://nexus.mgts.ru/repository/gitlab-npm/,es6-shim
gitlab-npm,https://nexus.mgts.ru/repository/gitlab-npm/,es6-symbol
gitlab-npm,https://nexus.mgts.ru/repository/gitlab-npm/,es6-weak-map
gitlab-npm,https://nexus.mgts.ru/repository/gitlab-npm/,esast-util-from-estree
gitlab-npm,https://nexus.mgts.ru/repository/gitlab-npm/,esast-util-from-js
gitlab-npm,https://nexus.mgts.ru/repository/gitlab-npm/,esbuild
gitlab-npm,https://nexus.mgts.ru/repository/gitlab-npm/,esbuild-android-64
gitlab-npm,https://nexus.mgts.ru/repository/gitlab-npm/,esbuild-android-arm64
gitlab-npm,https://nexus.mgts.ru/repository/gitlab-npm/,esbuild-darwin-64
gitlab-npm,https://nexus.mgts.ru/repository/gitlab-npm/,esbuild-darwin-arm64
gitlab-npm,https://nexus.mgts.ru/repository/gitlab-npm/,esbuild-freebsd-64
gitlab-npm,https://nexus.mgts.ru/repository/gitlab-npm/,esbuild-freebsd-arm64
gitlab-npm,https://nexus.mgts.ru/repository/gitlab-npm/,esbuild-linux-32
gitlab-npm,https://nexus.mgts.ru/repository/gitlab-npm/,esbuild-linux-64
gitlab-npm,https://nexus.mgts.ru/repository/gitlab-npm/,esbuild-linux-arm
gitlab-npm,https://nexus.mgts.ru/repository/gitlab-npm/,esbuild-linux-arm64
gitlab-npm,https://nexus.mgts.ru/repository/gitlab-npm/,esbuild-linux-mips64le
gitlab-npm,https://nexus.mgts.ru/repository/gitlab-npm/,esbuild-linux-ppc64le
gitlab-npm,https://nexus.mgts.ru/repository/gitlab-npm/,esbuild-linux-riscv64
gitlab-npm,https://nexus.mgts.ru/repository/gitlab-npm/,esbuild-linux-s390x
gitlab-npm,https://nexus.mgts.ru/repository/gitlab-npm/,esbuild-netbsd-64
gitlab-npm,https://nexus.mgts.ru/repository/gitlab-npm/,esbuild-openbsd-64
gitlab-npm,https://nexus.mgts.ru/repository/gitlab-npm/,esbuild-sunos-64
gitlab-npm,https://nexus.mgts.ru/repository/gitlab-npm/,esbuild-wasm
gitlab-npm,https://nexus.mgts.ru/repository/gitlab-npm/,esbuild-windows-32
gitlab-npm,https://nexus.mgts.ru/repository/gitlab-npm/,esbuild-windows-64
gitlab-npm,https://nexus.mgts.ru/repository/gitlab-npm/,esbuild-windows-arm64
gitlab-npm,https://nexus.mgts.ru/repository/gitlab-npm/,escalade
gitlab-npm,https://nexus.mgts.ru/repository/gitlab-npm/,escape-html
gitlab-npm,https://nexus.mgts.ru/repository/gitlab-npm/,escape-string-regexp
gitlab-npm,https://nexus.mgts.ru/repository/gitlab-npm/,escodegen
gitlab-npm,https://nexus.mgts.ru/repository/gitlab-npm/,escope
gitlab-npm,https://nexus.mgts.ru/repository/gitlab-npm/,eslint
gitlab-npm,https://nexus.mgts.ru/repository/gitlab-npm/,eslint-config-airbnb
gitlab-npm,https://nexus.mgts.ru/repository/gitlab-npm/,eslint-config-airbnb-base
gitlab-npm,https://nexus.mgts.ru/repository/gitlab-npm/,eslint-config-airbnb-typescript
gitlab-npm,https://nexus.mgts.ru/repository/gitlab-npm/,eslint-config-next
gitlab-npm,https://nexus.mgts.ru/repository/gitlab-npm/,eslint-config-prettier
gitlab-npm,https://nexus.mgts.ru/repository/gitlab-npm/,eslint-config-standard
gitlab-npm,https://nexus.mgts.ru/repository/gitlab-npm/,eslint-config-standard-jsx
gitlab-npm,https://nexus.mgts.ru/repository/gitlab-npm/,eslint-import-resolver-node
gitlab-npm,https://nexus.mgts.ru/repository/gitlab-npm/,eslint-import-resolver-typescript
gitlab-npm,https://nexus.mgts.ru/repository/gitlab-npm/,eslint-module-utils
gitlab-npm,https://nexus.mgts.ru/repository/gitlab-npm/,eslint-plugin-cypress
gitlab-npm,https://nexus.mgts.ru/repository/gitlab-npm/,eslint-plugin-eslint-comments
gitlab-npm,https://nexus.mgts.ru/repository/gitlab-npm/,eslint-plugin-import
gitlab-npm,https://nexus.mgts.ru/repository/gitlab-npm/,eslint-plugin-import-x
gitlab-npm,https://nexus.mgts.ru/repository/gitlab-npm/,eslint-plugin-jest
gitlab-npm,https://nexus.mgts.ru/repository/gitlab-npm/,eslint-plugin-jsdoc
gitlab-npm,https://nexus.mgts.ru/repository/gitlab-npm/,eslint-plugin-jsx-a11y
gitlab-npm,https://nexus.mgts.ru/repository/gitlab-npm/,eslint-plugin-prefer-arrow
gitlab-npm,https://nexus.mgts.ru/repository/gitlab-npm/,eslint-plugin-prettier
gitlab-npm,https://nexus.mgts.ru/repository/gitlab-npm/,eslint-plugin-promise
gitlab-npm,https://nexus.mgts.ru/repository/gitlab-npm/,eslint-plugin-react
gitlab-npm,https://nexus.mgts.ru/repository/gitlab-npm/,eslint-plugin-react-hooks
gitlab-npm,https://nexus.mgts.ru/repository/gitlab-npm/,eslint-plugin-react-refresh
gitlab-npm,https://nexus.mgts.ru/repository/gitlab-npm/,eslint-plugin-standard
gitlab-npm,https://nexus.mgts.ru/repository/gitlab-npm/,eslint-plugin-unicorn
gitlab-npm,https://nexus.mgts.ru/repository/gitlab-npm/,eslint-plugin-vue
gitlab-npm,https://nexus.mgts.ru/repository/gitlab-npm/,eslint-scope
gitlab-npm,https://nexus.mgts.ru/repository/gitlab-npm/,eslint-utils
gitlab-npm,https://nexus.mgts.ru/repository/gitlab-npm/,eslint-visitor-keys
gitlab-npm,https://nexus.mgts.ru/repository/gitlab-npm/,esniff
gitlab-npm,https://nexus.mgts.ru/repository/gitlab-npm/,espower-location-detector
gitlab-npm,https://nexus.mgts.ru/repository/gitlab-npm/,espree
gitlab-npm,https://nexus.mgts.ru/repository/gitlab-npm/,esprima
gitlab-npm,https://nexus.mgts.ru/repository/gitlab-npm/,espurify
gitlab-npm,https://nexus.mgts.ru/repository/gitlab-npm/,esquery
gitlab-npm,https://nexus.mgts.ru/repository/gitlab-npm/,esrecurse
gitlab-npm,https://nexus.mgts.ru/repository/gitlab-npm/,estraverse
gitlab-npm,https://nexus.mgts.ru/repository/gitlab-npm/,estree-util-attach-comments
gitlab-npm,https://nexus.mgts.ru/repository/gitlab-npm/,estree-util-build-jsx
gitlab-npm,https://nexus.mgts.ru/repository/gitlab-npm/,estree-util-is-identifier-name
gitlab-npm,https://nexus.mgts.ru/repository/gitlab-npm/,estree-util-scope
gitlab-npm,https://nexus.mgts.ru/repository/gitlab-npm/,estree-util-to-js
gitlab-npm,https://nexus.mgts.ru/repository/gitlab-npm/,estree-util-value-to-estree
gitlab-npm,https://nexus.mgts.ru/repository/gitlab-npm/,estree-util-visit
gitlab-npm,https://nexus.mgts.ru/repository/gitlab-npm/,estree-walker
gitlab-npm,https://nexus.mgts.ru/repository/gitlab-npm/,esutils
gitlab-npm,https://nexus.mgts.ru/repository/gitlab-npm/,etag
gitlab-npm,https://nexus.mgts.ru/repository/gitlab-npm/,event-emitter
gitlab-npm,https://nexus.mgts.ru/repository/gitlab-npm/,event-stream
gitlab-npm,https://nexus.mgts.ru/repository/gitlab-npm/,event-target-polyfill
gitlab-npm,https://nexus.mgts.ru/repository/gitlab-npm/,event-target-shim
gitlab-npm,https://nexus.mgts.ru/repository/gitlab-npm/,eventemitter-asyncresource
gitlab-npm,https://nexus.mgts.ru/repository/gitlab-npm/,eventemitter2
gitlab-npm,https://nexus.mgts.ru/repository/gitlab-npm/,eventemitter3
gitlab-npm,https://nexus.mgts.ru/repository/gitlab-npm/,events
gitlab-npm,https://nexus.mgts.ru/repository/gitlab-npm/,eventsource
gitlab-npm,https://nexus.mgts.ru/repository/gitlab-npm/,eventsource-parser
gitlab-npm,https://nexus.mgts.ru/repository/gitlab-npm/,evp_bytestokey
gitlab-npm,https://nexus.mgts.ru/repository/gitlab-npm/,exec-sh
gitlab-npm,https://nexus.mgts.ru/repository/gitlab-npm/,execa
gitlab-npm,https://nexus.mgts.ru/repository/gitlab-npm/,executable
gitlab-npm,https://nexus.mgts.ru/repository/gitlab-npm/,exit
gitlab-npm,https://nexus.mgts.ru/repository/gitlab-npm/,exit-hook
gitlab-npm,https://nexus.mgts.ru/repository/gitlab-npm/,expand-braces
gitlab-npm,https://nexus.mgts.ru/repository/gitlab-npm/,expand-brackets
gitlab-npm,https://nexus.mgts.ru/repository/gitlab-npm/,expand-range
gitlab-npm,https://nexus.mgts.ru/repository/gitlab-npm/,expand-tilde
gitlab-npm,https://nexus.mgts.ru/repository/gitlab-npm/,expect
gitlab-npm,https://nexus.mgts.ru/repository/gitlab-npm/,expect-puppeteer
gitlab-npm,https://nexus.mgts.ru/repository/gitlab-npm/,expect-type
gitlab-npm,https://nexus.mgts.ru/repository/gitlab-npm/,expo
gitlab-npm,https://nexus.mgts.ru/repository/gitlab-npm/,expo-asset
gitlab-npm,https://nexus.mgts.ru/repository/gitlab-npm/,expo-constants
gitlab-npm,https://nexus.mgts.ru/repository/gitlab-npm/,expo-file-system
gitlab-npm,https://nexus.mgts.ru/repository/gitlab-npm/,expo-font
gitlab-npm,https://nexus.mgts.ru/repository/gitlab-npm/,expo-keep-awake
gitlab-npm,https://nexus.mgts.ru/repository/gitlab-npm/,expo-linking
gitlab-npm,https://nexus.mgts.ru/repository/gitlab-npm/,expo-modules-autolinking
gitlab-npm,https://nexus.mgts.ru/repository/gitlab-npm/,expo-modules-core
gitlab-npm,https://nexus.mgts.ru/repository/gitlab-npm/,expo-router
gitlab-npm,https://nexus.mgts.ru/repository/gitlab-npm/,expo-server
gitlab-npm,https://nexus.mgts.ru/repository/gitlab-npm/,expo-widgets
gitlab-npm,https://nexus.mgts.ru/repository/gitlab-npm/,exponential-backoff
gitlab-npm,https://nexus.mgts.ru/repository/gitlab-npm/,export-dirs
gitlab-npm,https://nexus.mgts.ru/repository/gitlab-npm/,export-files
gitlab-npm,https://nexus.mgts.ru/repository/gitlab-npm/,exports-loader
gitlab-npm,https://nexus.mgts.ru/repository/gitlab-npm/,express
gitlab-npm,https://nexus.mgts.ru/repository/gitlab-npm/,express-rate-limit
gitlab-npm,https://nexus.mgts.ru/repository/gitlab-npm/,express-urlrewrite
gitlab-npm,https://nexus.mgts.ru/repository/gitlab-npm/,exsolve
gitlab-npm,https://nexus.mgts.ru/repository/gitlab-npm/,ext
gitlab-npm,https://nexus.mgts.ru/repository/gitlab-npm/,ext-list
gitlab-npm,https://nexus.mgts.ru/repository/gitlab-npm/,ext-name
gitlab-npm,https://nexus.mgts.ru/repository/gitlab-npm/,extend
gitlab-npm,https://nexus.mgts.ru/repository/gitlab-npm/,extend-shallow
gitlab-npm,https://nexus.mgts.ru/repository/gitlab-npm/,external-editor
gitlab-npm,https://nexus.mgts.ru/repository/gitlab-npm/,extglob
gitlab-npm,https://nexus.mgts.ru/repository/gitlab-npm/,extract-text-webpack-plugin
gitlab-npm,https://nexus.mgts.ru/repository/gitlab-npm/,extract-zip
gitlab-npm,https://nexus.mgts.ru/repository/gitlab-npm/,extsprintf
gitlab-npm,https://nexus.mgts.ru/repository/gitlab-npm/,fancy-log
gitlab-npm,https://nexus.mgts.ru/repository/gitlab-npm/,fast-check
gitlab-npm,https://nexus.mgts.ru/repository/gitlab-npm/,fast-deep-equal
gitlab-npm,https://nexus.mgts.ru/repository/gitlab-npm/,fast-diff
gitlab-npm,https://nexus.mgts.ru/repository/gitlab-npm/,fast-equals
gitlab-npm,https://nexus.mgts.ru/repository/gitlab-npm/,fast-fifo
gitlab-npm,https://nexus.mgts.ru/repository/gitlab-npm/,fast-glob
gitlab-npm,https://nexus.mgts.ru/repository/gitlab-npm/,fast-json-parse
gitlab-npm,https://nexus.mgts.ru/repository/gitlab-npm/,fast-json-stable-stringify
gitlab-npm,https://nexus.mgts.ru/repository/gitlab-npm/,fast-levenshtein
gitlab-npm,https://nexus.mgts.ru/repository/gitlab-npm/,fast-plist
gitlab-npm,https://nexus.mgts.ru/repository/gitlab-npm/,fast-safe-stringify
gitlab-npm,https://nexus.mgts.ru/repository/gitlab-npm/,fast-sha256
gitlab-npm,https://nexus.mgts.ru/repository/gitlab-npm/,fast-uri
gitlab-npm,https://nexus.mgts.ru/repository/gitlab-npm/,fast-xml-parser
gitlab-npm,https://nexus.mgts.ru/repository/gitlab-npm/,fastest-levenshtein
gitlab-npm,https://nexus.mgts.ru/repository/gitlab-npm/,fastparse
gitlab-npm,https://nexus.mgts.ru/repository/gitlab-npm/,fastq
gitlab-npm,https://nexus.mgts.ru/repository/gitlab-npm/,fault
gitlab-npm,https://nexus.mgts.ru/repository/gitlab-npm/,faye-websocket
gitlab-npm,https://nexus.mgts.ru/repository/gitlab-npm/,fb-watchman
gitlab-npm,https://nexus.mgts.ru/repository/gitlab-npm/,fd-slicer
gitlab-npm,https://nexus.mgts.ru/repository/gitlab-npm/,fdir
gitlab-npm,https://nexus.mgts.ru/repository/gitlab-npm/,fecha
gitlab-npm,https://nexus.mgts.ru/repository/gitlab-npm/,fetch-blob
gitlab-npm,https://nexus.mgts.ru/repository/gitlab-npm/,fetch-nodeshim
gitlab-npm,https://nexus.mgts.ru/repository/gitlab-npm/,fetch-retry
gitlab-npm,https://nexus.mgts.ru/repository/gitlab-npm/,fflate
gitlab-npm,https://nexus.mgts.ru/repository/gitlab-npm/,fibers
gitlab-npm,https://nexus.mgts.ru/repository/gitlab-npm/,figgy-pudding
gitlab-npm,https://nexus.mgts.ru/repository/gitlab-npm/,figlet
gitlab-npm,https://nexus.mgts.ru/repository/gitlab-npm/,figures
gitlab-npm,https://nexus.mgts.ru/repository/gitlab-npm/,file-entry-cache
gitlab-npm,https://nexus.mgts.ru/repository/gitlab-npm/,file-loader
gitlab-npm,https://nexus.mgts.ru/repository/gitlab-npm/,file-saver
gitlab-npm,https://nexus.mgts.ru/repository/gitlab-npm/,file-selector
gitlab-npm,https://nexus.mgts.ru/repository/gitlab-npm/,file-system-cache
gitlab-npm,https://nexus.mgts.ru/repository/gitlab-npm/,file-type
gitlab-npm,https://nexus.mgts.ru/repository/gitlab-npm/,file-uri-to-path
gitlab-npm,https://nexus.mgts.ru/repository/gitlab-npm/,filelist
gitlab-npm,https://nexus.mgts.ru/repository/gitlab-npm/,filename-regex
gitlab-npm,https://nexus.mgts.ru/repository/gitlab-npm/,filename-reserved-regex
gitlab-npm,https://nexus.mgts.ru/repository/gitlab-npm/,filenamify
gitlab-npm,https://nexus.mgts.ru/repository/gitlab-npm/,fileset
gitlab-npm,https://nexus.mgts.ru/repository/gitlab-npm/,filesize
gitlab-npm,https://nexus.mgts.ru/repository/gitlab-npm/,fill-range
gitlab-npm,https://nexus.mgts.ru/repository/gitlab-npm/,filled-array
gitlab-npm,https://nexus.mgts.ru/repository/gitlab-npm/,filter-obj
gitlab-npm,https://nexus.mgts.ru/repository/gitlab-npm/,finalhandler
gitlab-npm,https://nexus.mgts.ru/repository/gitlab-npm/,find-cache-dir
gitlab-npm,https://nexus.mgts.ru/repository/gitlab-npm/,find-file-up
gitlab-npm,https://nexus.mgts.ru/repository/gitlab-npm/,find-pkg
gitlab-npm,https://nexus.mgts.ru/repository/gitlab-npm/,find-process
gitlab-npm,https://nexus.mgts.ru/repository/gitlab-npm/,find-replace
gitlab-npm,https://nexus.mgts.ru/repository/gitlab-npm/,find-root
gitlab-npm,https://nexus.mgts.ru/repository/gitlab-npm/,find-up
gitlab-npm,https://nexus.mgts.ru/repository/gitlab-npm/,find-versions
gitlab-npm,https://nexus.mgts.ru/repository/gitlab-npm/,find-yarn-workspace-root2
gitlab-npm,https://nexus.mgts.ru/repository/gitlab-npm/,findup-sync
gitlab-npm,https://nexus.mgts.ru/repository/gitlab-npm/,fined
gitlab-npm,https://nexus.mgts.ru/repository/gitlab-npm/,fix-dts-default-cjs-exports
gitlab-npm,https://nexus.mgts.ru/repository/gitlab-npm/,flagged-respawn
gitlab-npm,https://nexus.mgts.ru/repository/gitlab-npm/,flags
gitlab-npm,https://nexus.mgts.ru/repository/gitlab-npm/,flat
gitlab-npm,https://nexus.mgts.ru/repository/gitlab-npm/,flat-cache
gitlab-npm,https://nexus.mgts.ru/repository/gitlab-npm/,flatted
gitlab-npm,https://nexus.mgts.ru/repository/gitlab-npm/,flatten
gitlab-npm,https://nexus.mgts.ru/repository/gitlab-npm/,flow-enums-runtime
gitlab-npm,https://nexus.mgts.ru/repository/gitlab-npm/,flow-parser
gitlab-npm,https://nexus.mgts.ru/repository/gitlab-npm/,flru
gitlab-npm,https://nexus.mgts.ru/repository/gitlab-npm/,flush-write-stream
gitlab-npm,https://nexus.mgts.ru/repository/gitlab-npm/,fn-name
gitlab-npm,https://nexus.mgts.ru/repository/gitlab-npm/,focus-lock
gitlab-npm,https://nexus.mgts.ru/repository/gitlab-npm/,follow-redirects
gitlab-npm,https://nexus.mgts.ru/repository/gitlab-npm/,font-awesome
gitlab-npm,https://nexus.mgts.ru/repository/gitlab-npm/,fontfaceobserver
gitlab-npm,https://nexus.mgts.ru/repository/gitlab-npm/,for-each
gitlab-npm,https://nexus.mgts.ru/repository/gitlab-npm/,for-in
gitlab-npm,https://nexus.mgts.ru/repository/gitlab-npm/,for-own
gitlab-npm,https://nexus.mgts.ru/repository/gitlab-npm/,foreground-child
gitlab-npm,https://nexus.mgts.ru/repository/gitlab-npm/,forever-agent
gitlab-npm,https://nexus.mgts.ru/repository/gitlab-npm/,fork-ts-checker-webpack-plugin
gitlab-npm,https://nexus.mgts.ru/repository/gitlab-npm/,form-data
gitlab-npm,https://nexus.mgts.ru/repository/gitlab-npm/,form-data-encoder
gitlab-npm,https://nexus.mgts.ru/repository/gitlab-npm/,format
gitlab-npm,https://nexus.mgts.ru/repository/gitlab-npm/,formdata-node
gitlab-npm,https://nexus.mgts.ru/repository/gitlab-npm/,formdata-polyfill
gitlab-npm,https://nexus.mgts.ru/repository/gitlab-npm/,forwarded
gitlab-npm,https://nexus.mgts.ru/repository/gitlab-npm/,forwarded-parse
gitlab-npm,https://nexus.mgts.ru/repository/gitlab-npm/,fp-ts
gitlab-npm,https://nexus.mgts.ru/repository/gitlab-npm/,fraction.js
gitlab-npm,https://nexus.mgts.ru/repository/gitlab-npm/,fragment-cache
gitlab-npm,https://nexus.mgts.ru/repository/gitlab-npm/,framer-motion
gitlab-npm,https://nexus.mgts.ru/repository/gitlab-npm/,framework-utils
gitlab-npm,https://nexus.mgts.ru/repository/gitlab-npm/,fresh
gitlab-npm,https://nexus.mgts.ru/repository/gitlab-npm/,from
gitlab-npm,https://nexus.mgts.ru/repository/gitlab-npm/,from2
gitlab-npm,https://nexus.mgts.ru/repository/gitlab-npm/,fromentries
gitlab-npm,https://nexus.mgts.ru/repository/gitlab-npm/,fs-constants
gitlab-npm,https://nexus.mgts.ru/repository/gitlab-npm/,fs-exists-sync
gitlab-npm,https://nexus.mgts.ru/repository/gitlab-npm/,fs-extra
gitlab-npm,https://nexus.mgts.ru/repository/gitlab-npm/,fs-minipass
gitlab-npm,https://nexus.mgts.ru/repository/gitlab-npm/,fs-mkdirp-stream
gitlab-npm,https://nexus.mgts.ru/repository/gitlab-npm/,fs-monkey
gitlab-npm,https://nexus.mgts.ru/repository/gitlab-npm/,fs-write-stream-atomic
gitlab-npm,https://nexus.mgts.ru/repository/gitlab-npm/,fs.realpath
gitlab-npm,https://nexus.mgts.ru/repository/gitlab-npm/,fsevents
gitlab-npm,https://nexus.mgts.ru/repository/gitlab-npm/,fstream
gitlab-npm,https://nexus.mgts.ru/repository/gitlab-npm/,fumadocs-core
gitlab-npm,https://nexus.mgts.ru/repository/gitlab-npm/,function-bind
gitlab-npm,https://nexus.mgts.ru/repository/gitlab-npm/,function.prototype.name
gitlab-npm,https://nexus.mgts.ru/repository/gitlab-npm/,functional-red-black-tree
gitlab-npm,https://nexus.mgts.ru/repository/gitlab-npm/,functions-have-names
gitlab-npm,https://nexus.mgts.ru/repository/gitlab-npm/,fuse.js
gitlab-npm,https://nexus.mgts.ru/repository/gitlab-npm/,fuzzysort
gitlab-npm,https://nexus.mgts.ru/repository/gitlab-npm/,fzf
gitlab-npm,https://nexus.mgts.ru/repository/gitlab-npm/,gauge
gitlab-npm,https://nexus.mgts.ru/repository/gitlab-npm/,gaze
gitlab-npm,https://nexus.mgts.ru/repository/gitlab-npm/,geist
gitlab-npm,https://nexus.mgts.ru/repository/gitlab-npm/,geist-mono
gitlab-npm,https://nexus.mgts.ru/repository/gitlab-npm/,generate-function
gitlab-npm,https://nexus.mgts.ru/repository/gitlab-npm/,generate-object-property
gitlab-npm,https://nexus.mgts.ru/repository/gitlab-npm/,generator-function
gitlab-npm,https://nexus.mgts.ru/repository/gitlab-npm/,gensync
gitlab-npm,https://nexus.mgts.ru/repository/gitlab-npm/,geotiff
gitlab-npm,https://nexus.mgts.ru/repository/gitlab-npm/,gesto
gitlab-npm,https://nexus.mgts.ru/repository/gitlab-npm/,get-assigned-identifiers
gitlab-npm,https://nexus.mgts.ru/repository/gitlab-npm/,get-caller-file
gitlab-npm,https://nexus.mgts.ru/repository/gitlab-npm/,get-east-asian-width
gitlab-npm,https://nexus.mgts.ru/repository/gitlab-npm/,get-func-name
gitlab-npm,https://nexus.mgts.ru/repository/gitlab-npm/,get-intrinsic
gitlab-npm,https://nexus.mgts.ru/repository/gitlab-npm/,get-nonce
gitlab-npm,https://nexus.mgts.ru/repository/gitlab-npm/,get-own-enumerable-keys
gitlab-npm,https://nexus.mgts.ru/repository/gitlab-npm/,get-package-type
gitlab-npm,https://nexus.mgts.ru/repository/gitlab-npm/,get-port
gitlab-npm,https://nexus.mgts.ru/repository/gitlab-npm/,get-port-please
gitlab-npm,https://nexus.mgts.ru/repository/gitlab-npm/,get-proto
gitlab-npm,https://nexus.mgts.ru/repository/gitlab-npm/,get-proxy
gitlab-npm,https://nexus.mgts.ru/repository/gitlab-npm/,get-stdin
gitlab-npm,https://nexus.mgts.ru/repository/gitlab-npm/,get-stream
gitlab-npm,https://nexus.mgts.ru/repository/gitlab-npm/,get-symbol-description
gitlab-npm,https://nexus.mgts.ru/repository/gitlab-npm/,get-tsconfig
gitlab-npm,https://nexus.mgts.ru/repository/gitlab-npm/,get-uri
gitlab-npm,https://nexus.mgts.ru/repository/gitlab-npm/,get-value
gitlab-npm,https://nexus.mgts.ru/repository/gitlab-npm/,getenv
gitlab-npm,https://nexus.mgts.ru/repository/gitlab-npm/,getos
gitlab-npm,https://nexus.mgts.ru/repository/gitlab-npm/,getpass
gitlab-npm,https://nexus.mgts.ru/repository/gitlab-npm/,gifsicle
gitlab-npm,https://nexus.mgts.ru/repository/gitlab-npm/,giget
gitlab-npm,https://nexus.mgts.ru/repository/gitlab-npm/,github-slugger
gitlab-npm,https://nexus.mgts.ru/repository/gitlab-npm/,gitlog
gitlab-npm,https://nexus.mgts.ru/repository/gitlab-npm/,gl-matrix
gitlab-npm,https://nexus.mgts.ru/repository/gitlab-npm/,glob
gitlab-npm,https://nexus.mgts.ru/repository/gitlab-npm/,glob-base
gitlab-npm,https://nexus.mgts.ru/repository/gitlab-npm/,glob-parent
gitlab-npm,https://nexus.mgts.ru/repository/gitlab-npm/,glob-promise
gitlab-npm,https://nexus.mgts.ru/repository/gitlab-npm/,glob-stream
gitlab-npm,https://nexus.mgts.ru/repository/gitlab-npm/,glob-to-regexp
gitlab-npm,https://nexus.mgts.ru/repository/gitlab-npm/,glob-watcher
gitlab-npm,https://nexus.mgts.ru/repository/gitlab-npm/,global
gitlab-npm,https://nexus.mgts.ru/repository/gitlab-npm/,global-dirs
gitlab-npm,https://nexus.mgts.ru/repository/gitlab-npm/,global-modules
gitlab-npm,https://nexus.mgts.ru/repository/gitlab-npm/,global-prefix
gitlab-npm,https://nexus.mgts.ru/repository/gitlab-npm/,globals
gitlab-npm,https://nexus.mgts.ru/repository/gitlab-npm/,globalthis
gitlab-npm,https://nexus.mgts.ru/repository/gitlab-npm/,globby
gitlab-npm,https://nexus.mgts.ru/repository/gitlab-npm/,globjoin
gitlab-npm,https://nexus.mgts.ru/repository/gitlab-npm/,globule
gitlab-npm,https://nexus.mgts.ru/repository/gitlab-npm/,glogg
gitlab-npm,https://nexus.mgts.ru/repository/gitlab-npm/,glur
gitlab-npm,https://nexus.mgts.ru/repository/gitlab-npm/,gopd
gitlab-npm,https://nexus.mgts.ru/repository/gitlab-npm/,got
gitlab-npm,https://nexus.mgts.ru/repository/gitlab-npm/,graceful-fs
gitlab-npm,https://nexus.mgts.ru/repository/gitlab-npm/,graceful-readlink
gitlab-npm,https://nexus.mgts.ru/repository/gitlab-npm/,gradient-string
gitlab-npm,https://nexus.mgts.ru/repository/gitlab-npm/,grammex
gitlab-npm,https://nexus.mgts.ru/repository/gitlab-npm/,granat2.0-react
gitlab-npm,https://nexus.mgts.ru/repository/gitlab-npm/,graphemer
gitlab-npm,https://nexus.mgts.ru/repository/gitlab-npm/,graphlib
gitlab-npm,https://nexus.mgts.ru/repository/gitlab-npm/,graphmatch
gitlab-npm,https://nexus.mgts.ru/repository/gitlab-npm/,graphql
gitlab-npm,https://nexus.mgts.ru/repository/gitlab-npm/,gray-matter
gitlab-npm,https://nexus.mgts.ru/repository/gitlab-npm/,growl
gitlab-npm,https://nexus.mgts.ru/repository/gitlab-npm/,grpc
gitlab-npm,https://nexus.mgts.ru/repository/gitlab-npm/,grpc-caller
gitlab-npm,https://nexus.mgts.ru/repository/gitlab-npm/,grpc-create-metadata
gitlab-npm,https://nexus.mgts.ru/repository/gitlab-npm/,grpc-inspect
gitlab-npm,https://nexus.mgts.ru/repository/gitlab-npm/,gulp
gitlab-npm,https://nexus.mgts.ru/repository/gitlab-npm/,gulp-autoprefixer
gitlab-npm,https://nexus.mgts.ru/repository/gitlab-npm/,gulp-clean
gitlab-npm,https://nexus.mgts.ru/repository/gitlab-npm/,gulp-clean-css
gitlab-npm,https://nexus.mgts.ru/repository/gitlab-npm/,gulp-cli
gitlab-npm,https://nexus.mgts.ru/repository/gitlab-npm/,gulp-concat
gitlab-npm,https://nexus.mgts.ru/repository/gitlab-npm/,gulp-less
gitlab-npm,https://nexus.mgts.ru/repository/gitlab-npm/,gulp-sass
gitlab-npm,https://nexus.mgts.ru/repository/gitlab-npm/,gulp-uglify-es
gitlab-npm,https://nexus.mgts.ru/repository/gitlab-npm/,gulplog
gitlab-npm,https://nexus.mgts.ru/repository/gitlab-npm/,gzip-size
gitlab-npm,https://nexus.mgts.ru/repository/gitlab-npm/,hachure-fill
gitlab-npm,https://nexus.mgts.ru/repository/gitlab-npm/,handle-thing
gitlab-npm,https://nexus.mgts.ru/repository/gitlab-npm/,handlebars
gitlab-npm,https://nexus.mgts.ru/repository/gitlab-npm/,happy-dom
gitlab-npm,https://nexus.mgts.ru/repository/gitlab-npm/,har-schema
gitlab-npm,https://nexus.mgts.ru/repository/gitlab-npm/,har-validator
gitlab-npm,https://nexus.mgts.ru/repository/gitlab-npm/,hard-rejection
gitlab-npm,https://nexus.mgts.ru/repository/gitlab-npm/,has
gitlab-npm,https://nexus.mgts.ru/repository/gitlab-npm/,has-ansi
gitlab-npm,https://nexus.mgts.ru/repository/gitlab-npm/,has-bigints
gitlab-npm,https://nexus.mgts.ru/repository/gitlab-npm/,has-binary
gitlab-npm,https://nexus.mgts.ru/repository/gitlab-npm/,has-color
gitlab-npm,https://nexus.mgts.ru/repository/gitlab-npm/,has-cors
gitlab-npm,https://nexus.mgts.ru/repository/gitlab-npm/,has-flag
gitlab-npm,https://nexus.mgts.ru/repository/gitlab-npm/,has-glob
gitlab-npm,https://nexus.mgts.ru/repository/gitlab-npm/,has-property-descriptors
gitlab-npm,https://nexus.mgts.ru/repository/gitlab-npm/,has-proto
gitlab-npm,https://nexus.mgts.ru/repository/gitlab-npm/,has-symbol-support-x
gitlab-npm,https://nexus.mgts.ru/repository/gitlab-npm/,has-symbols
gitlab-npm,https://nexus.mgts.ru/repository/gitlab-npm/,has-to-string-tag-x
gitlab-npm,https://nexus.mgts.ru/repository/gitlab-npm/,has-tostringtag
gitlab-npm,https://nexus.mgts.ru/repository/gitlab-npm/,has-unicode
gitlab-npm,https://nexus.mgts.ru/repository/gitlab-npm/,has-value
gitlab-npm,https://nexus.mgts.ru/repository/gitlab-npm/,has-values
gitlab-npm,https://nexus.mgts.ru/repository/gitlab-npm/,hash-base
gitlab-npm,https://nexus.mgts.ru/repository/gitlab-npm/,hash.js
gitlab-npm,https://nexus.mgts.ru/repository/gitlab-npm/,hasha
gitlab-npm,https://nexus.mgts.ru/repository/gitlab-npm/,hasown
gitlab-npm,https://nexus.mgts.ru/repository/gitlab-npm/,hast
gitlab-npm,https://nexus.mgts.ru/repository/gitlab-npm/,hast-to-hyperscript
gitlab-npm,https://nexus.mgts.ru/repository/gitlab-npm/,hast-util-from-dom
gitlab-npm,https://nexus.mgts.ru/repository/gitlab-npm/,hast-util-from-html
gitlab-npm,https://nexus.mgts.ru/repository/gitlab-npm/,hast-util-from-html-isomorphic
gitlab-npm,https://nexus.mgts.ru/repository/gitlab-npm/,hast-util-from-parse5
gitlab-npm,https://nexus.mgts.ru/repository/gitlab-npm/,hast-util-has-property
gitlab-npm,https://nexus.mgts.ru/repository/gitlab-npm/,hast-util-heading-rank
gitlab-npm,https://nexus.mgts.ru/repository/gitlab-npm/,hast-util-is-element
gitlab-npm,https://nexus.mgts.ru/repository/gitlab-npm/,hast-util-parse-selector
gitlab-npm,https://nexus.mgts.ru/repository/gitlab-npm/,hast-util-raw
gitlab-npm,https://nexus.mgts.ru/repository/gitlab-npm/,hast-util-select
gitlab-npm,https://nexus.mgts.ru/repository/gitlab-npm/,hast-util-to-estree
gitlab-npm,https://nexus.mgts.ru/repository/gitlab-npm/,hast-util-to-html
gitlab-npm,https://nexus.mgts.ru/repository/gitlab-npm/,hast-util-to-jsx-runtime
gitlab-npm,https://nexus.mgts.ru/repository/gitlab-npm/,hast-util-to-parse5
gitlab-npm,https://nexus.mgts.ru/repository/gitlab-npm/,hast-util-to-string
gitlab-npm,https://nexus.mgts.ru/repository/gitlab-npm/,hast-util-to-text
gitlab-npm,https://nexus.mgts.ru/repository/gitlab-npm/,hast-util-whitespace
gitlab-npm,https://nexus.mgts.ru/repository/gitlab-npm/,hastscript
gitlab-npm,https://nexus.mgts.ru/repository/gitlab-npm/,hawk
gitlab-npm,https://nexus.mgts.ru/repository/gitlab-npm/,hdr-histogram-js
gitlab-npm,https://nexus.mgts.ru/repository/gitlab-npm/,hdr-histogram-percentiles-obj
gitlab-npm,https://nexus.mgts.ru/repository/gitlab-npm/,he
gitlab-npm,https://nexus.mgts.ru/repository/gitlab-npm/,header-case
gitlab-npm,https://nexus.mgts.ru/repository/gitlab-npm/,headers-polyfill
gitlab-npm,https://nexus.mgts.ru/repository/gitlab-npm/,hermes-compiler
gitlab-npm,https://nexus.mgts.ru/repository/gitlab-npm/,hermes-estree
gitlab-npm,https://nexus.mgts.ru/repository/gitlab-npm/,hermes-parser
gitlab-npm,https://nexus.mgts.ru/repository/gitlab-npm/,highlight.js
gitlab-npm,https://nexus.mgts.ru/repository/gitlab-npm/,highlightjs-line-numbers.js
gitlab-npm,https://nexus.mgts.ru/repository/gitlab-npm/,hmac-drbg
gitlab-npm,https://nexus.mgts.ru/repository/gitlab-npm/,hoek
gitlab-npm,https://nexus.mgts.ru/repository/gitlab-npm/,hoist-non-react-statics
gitlab-npm,https://nexus.mgts.ru/repository/gitlab-npm/,home-or-tmp
gitlab-npm,https://nexus.mgts.ru/repository/gitlab-npm/,homedir-polyfill
gitlab-npm,https://nexus.mgts.ru/repository/gitlab-npm/,hono
gitlab-npm,https://nexus.mgts.ru/repository/gitlab-npm/,hosted-git-info
gitlab-npm,https://nexus.mgts.ru/repository/gitlab-npm/,hpack.js
gitlab-npm,https://nexus.mgts.ru/repository/gitlab-npm/,html-comment-regex
gitlab-npm,https://nexus.mgts.ru/repository/gitlab-npm/,html-encoding-sniffer
gitlab-npm,https://nexus.mgts.ru/repository/gitlab-npm/,html-entities
gitlab-npm,https://nexus.mgts.ru/repository/gitlab-npm/,html-escaper
gitlab-npm,https://nexus.mgts.ru/repository/gitlab-npm/,html-loader
gitlab-npm,https://nexus.mgts.ru/repository/gitlab-npm/,html-minifier-terser
gitlab-npm,https://nexus.mgts.ru/repository/gitlab-npm/,html-tags
gitlab-npm,https://nexus.mgts.ru/repository/gitlab-npm/,html-to-text
gitlab-npm,https://nexus.mgts.ru/repository/gitlab-npm/,html-url-attributes
gitlab-npm,https://nexus.mgts.ru/repository/gitlab-npm/,html-void-elements
gitlab-npm,https://nexus.mgts.ru/repository/gitlab-npm/,html-webpack-plugin
gitlab-npm,https://nexus.mgts.ru/repository/gitlab-npm/,htmlescape
gitlab-npm,https://nexus.mgts.ru/repository/gitlab-npm/,htmlparser2
gitlab-npm,https://nexus.mgts.ru/repository/gitlab-npm/,http-browserify
gitlab-npm,https://nexus.mgts.ru/repository/gitlab-npm/,http-cache-semantics
gitlab-npm,https://nexus.mgts.ru/repository/gitlab-npm/,http-deceiver
gitlab-npm,https://nexus.mgts.ru/repository/gitlab-npm/,http-errors
gitlab-npm,https://nexus.mgts.ru/repository/gitlab-npm/,http-parser-js
gitlab-npm,https://nexus.mgts.ru/repository/gitlab-npm/,http-proxy
gitlab-npm,https://nexus.mgts.ru/repository/gitlab-npm/,http-proxy-agent
gitlab-npm,https://nexus.mgts.ru/repository/gitlab-npm/,http-proxy-middleware
gitlab-npm,https://nexus.mgts.ru/repository/gitlab-npm/,http-signature
gitlab-npm,https://nexus.mgts.ru/repository/gitlab-npm/,http-status-codes
gitlab-npm,https://nexus.mgts.ru/repository/gitlab-npm/,https-browserify
gitlab-npm,https://nexus.mgts.ru/repository/gitlab-npm/,https-proxy-agent
gitlab-npm,https://nexus.mgts.ru/repository/gitlab-npm/,human-signals
gitlab-npm,https://nexus.mgts.ru/repository/gitlab-npm/,humanize-ms
gitlab-npm,https://nexus.mgts.ru/repository/gitlab-npm/,i18next
gitlab-npm,https://nexus.mgts.ru/repository/gitlab-npm/,i18next-xhr-backend
gitlab-npm,https://nexus.mgts.ru/repository/gitlab-npm/,iconv-lite
gitlab-npm,https://nexus.mgts.ru/repository/gitlab-npm/,icss-replace-symbols
gitlab-npm,https://nexus.mgts.ru/repository/gitlab-npm/,icss-utils
gitlab-npm,https://nexus.mgts.ru/repository/gitlab-npm/,idb
gitlab-npm,https://nexus.mgts.ru/repository/gitlab-npm/,ieee754
gitlab-npm,https://nexus.mgts.ru/repository/gitlab-npm/,iferr
gitlab-npm,https://nexus.mgts.ru/repository/gitlab-npm/,ignore
gitlab-npm,https://nexus.mgts.ru/repository/gitlab-npm/,ignore-by-default
gitlab-npm,https://nexus.mgts.ru/repository/gitlab-npm/,ignore-walk
gitlab-npm,https://nexus.mgts.ru/repository/gitlab-npm/,image-minimizer-webpack-plugin
gitlab-npm,https://nexus.mgts.ru/repository/gitlab-npm/,image-size
gitlab-npm,https://nexus.mgts.ru/repository/gitlab-npm/,imask
gitlab-npm,https://nexus.mgts.ru/repository/gitlab-npm/,immediate
gitlab-npm,https://nexus.mgts.ru/repository/gitlab-npm/,immer
gitlab-npm,https://nexus.mgts.ru/repository/gitlab-npm/,immutable
gitlab-npm,https://nexus.mgts.ru/repository/gitlab-npm/,import-cwd
gitlab-npm,https://nexus.mgts.ru/repository/gitlab-npm/,import-fresh
gitlab-npm,https://nexus.mgts.ru/repository/gitlab-npm/,import-from
gitlab-npm,https://nexus.mgts.ru/repository/gitlab-npm/,import-in-the-middle
gitlab-npm,https://nexus.mgts.ru/repository/gitlab-npm/,import-lazy
gitlab-npm,https://nexus.mgts.ru/repository/gitlab-npm/,import-local
gitlab-npm,https://nexus.mgts.ru/repository/gitlab-npm/,imports-loader
gitlab-npm,https://nexus.mgts.ru/repository/gitlab-npm/,imurmurhash
gitlab-npm,https://nexus.mgts.ru/repository/gitlab-npm/,in-publish
gitlab-npm,https://nexus.mgts.ru/repository/gitlab-npm/,indent-string
gitlab-npm,https://nexus.mgts.ru/repository/gitlab-npm/,indexes-of
gitlab-npm,https://nexus.mgts.ru/repository/gitlab-npm/,indexof
gitlab-npm,https://nexus.mgts.ru/repository/gitlab-npm/,infer-owner
gitlab-npm,https://nexus.mgts.ru/repository/gitlab-npm/,inflight
gitlab-npm,https://nexus.mgts.ru/repository/gitlab-npm/,inherits
gitlab-npm,https://nexus.mgts.ru/repository/gitlab-npm/,ini
gitlab-npm,https://nexus.mgts.ru/repository/gitlab-npm/,inline-source-map
gitlab-npm,https://nexus.mgts.ru/repository/gitlab-npm/,inline-style-parser
gitlab-npm,https://nexus.mgts.ru/repository/gitlab-npm/,input-otp
gitlab-npm,https://nexus.mgts.ru/repository/gitlab-npm/,inputmask
gitlab-npm,https://nexus.mgts.ru/repository/gitlab-npm/,inquirer
gitlab-npm,https://nexus.mgts.ru/repository/gitlab-npm/,inquirer-autocomplete-prompt
gitlab-npm,https://nexus.mgts.ru/repository/gitlab-npm/,insert-module-globals
gitlab-npm,https://nexus.mgts.ru/repository/gitlab-npm/,internal-slot
gitlab-npm,https://nexus.mgts.ru/repository/gitlab-npm/,international-types
gitlab-npm,https://nexus.mgts.ru/repository/gitlab-npm/,internmap
gitlab-npm,https://nexus.mgts.ru/repository/gitlab-npm/,interpret
gitlab-npm,https://nexus.mgts.ru/repository/gitlab-npm/,intl-messageformat
gitlab-npm,https://nexus.mgts.ru/repository/gitlab-npm/,intl-unofficial-duration-unit-format
gitlab-npm,https://nexus.mgts.ru/repository/gitlab-npm/,into-stream
gitlab-npm,https://nexus.mgts.ru/repository/gitlab-npm/,invariant
gitlab-npm,https://nexus.mgts.ru/repository/gitlab-npm/,invert-kv
gitlab-npm,https://nexus.mgts.ru/repository/gitlab-npm/,io-ts
gitlab-npm,https://nexus.mgts.ru/repository/gitlab-npm/,ip
gitlab-npm,https://nexus.mgts.ru/repository/gitlab-npm/,ip-address
gitlab-npm,https://nexus.mgts.ru/repository/gitlab-npm/,ip-regex
gitlab-npm,https://nexus.mgts.ru/repository/gitlab-npm/,ipaddr.js
gitlab-npm,https://nexus.mgts.ru/repository/gitlab-npm/,irregular-plurals
gitlab-npm,https://nexus.mgts.ru/repository/gitlab-npm/,is-absolute
gitlab-npm,https://nexus.mgts.ru/repository/gitlab-npm/,is-absolute-url
gitlab-npm,https://nexus.mgts.ru/repository/gitlab-npm/,is-accessor-descriptor
gitlab-npm,https://nexus.mgts.ru/repository/gitlab-npm/,is-alphabetical
gitlab-npm,https://nexus.mgts.ru/repository/gitlab-npm/,is-alphanumerical
gitlab-npm,https://nexus.mgts.ru/repository/gitlab-npm/,is-any-array
gitlab-npm,https://nexus.mgts.ru/repository/gitlab-npm/,is-arguments
gitlab-npm,https://nexus.mgts.ru/repository/gitlab-npm/,is-array-buffer
gitlab-npm,https://nexus.mgts.ru/repository/gitlab-npm/,is-arrayish
gitlab-npm,https://nexus.mgts.ru/repository/gitlab-npm/,is-async-function
gitlab-npm,https://nexus.mgts.ru/repository/gitlab-npm/,is-bigint
gitlab-npm,https://nexus.mgts.ru/repository/gitlab-npm/,is-binary-path
gitlab-npm,https://nexus.mgts.ru/repository/gitlab-npm/,is-boolean-object
gitlab-npm,https://nexus.mgts.ru/repository/gitlab-npm/,is-buffer
gitlab-npm,https://nexus.mgts.ru/repository/gitlab-npm/,is-builtin-module
gitlab-npm,https://nexus.mgts.ru/repository/gitlab-npm/,is-bun-module
gitlab-npm,https://nexus.mgts.ru/repository/gitlab-npm/,is-callable
gitlab-npm,https://nexus.mgts.ru/repository/gitlab-npm/,is-ci
gitlab-npm,https://nexus.mgts.ru/repository/gitlab-npm/,is-core-module
gitlab-npm,https://nexus.mgts.ru/repository/gitlab-npm/,is-data-descriptor
gitlab-npm,https://nexus.mgts.ru/repository/gitlab-npm/,is-data-view
gitlab-npm,https://nexus.mgts.ru/repository/gitlab-npm/,is-date-object
gitlab-npm,https://nexus.mgts.ru/repository/gitlab-npm/,is-decimal
gitlab-npm,https://nexus.mgts.ru/repository/gitlab-npm/,is-descriptor
gitlab-npm,https://nexus.mgts.ru/repository/gitlab-npm/,is-docker
gitlab-npm,https://nexus.mgts.ru/repository/gitlab-npm/,is-dom
gitlab-npm,https://nexus.mgts.ru/repository/gitlab-npm/,is-dotfile
gitlab-npm,https://nexus.mgts.ru/repository/gitlab-npm/,is-equal-shallow
gitlab-npm,https://nexus.mgts.ru/repository/gitlab-npm/,is-error
gitlab-npm,https://nexus.mgts.ru/repository/gitlab-npm/,is-extendable
gitlab-npm,https://nexus.mgts.ru/repository/gitlab-npm/,is-extglob
gitlab-npm,https://nexus.mgts.ru/repository/gitlab-npm/,is-finalizationregistry
gitlab-npm,https://nexus.mgts.ru/repository/gitlab-npm/,is-finite
gitlab-npm,https://nexus.mgts.ru/repository/gitlab-npm/,is-fullwidth-code-point
gitlab-npm,https://nexus.mgts.ru/repository/gitlab-npm/,is-function
gitlab-npm,https://nexus.mgts.ru/repository/gitlab-npm/,is-generator-fn
gitlab-npm,https://nexus.mgts.ru/repository/gitlab-npm/,is-generator-function
gitlab-npm,https://nexus.mgts.ru/repository/gitlab-npm/,is-git-clean
gitlab-npm,https://nexus.mgts.ru/repository/gitlab-npm/,is-glob
gitlab-npm,https://nexus.mgts.ru/repository/gitlab-npm/,is-hexadecimal
gitlab-npm,https://nexus.mgts.ru/repository/gitlab-npm/,is-in-ssh
gitlab-npm,https://nexus.mgts.ru/repository/gitlab-npm/,is-inside-container
gitlab-npm,https://nexus.mgts.ru/repository/gitlab-npm/,is-installed-globally
gitlab-npm,https://nexus.mgts.ru/repository/gitlab-npm/,is-interactive
gitlab-npm,https://nexus.mgts.ru/repository/gitlab-npm/,is-lambda
gitlab-npm,https://nexus.mgts.ru/repository/gitlab-npm/,is-lower-case
gitlab-npm,https://nexus.mgts.ru/repository/gitlab-npm/,is-map
gitlab-npm,https://nexus.mgts.ru/repository/gitlab-npm/,is-my-ip-valid
gitlab-npm,https://nexus.mgts.ru/repository/gitlab-npm/,is-my-json-valid
gitlab-npm,https://nexus.mgts.ru/repository/gitlab-npm/,is-nan
gitlab-npm,https://nexus.mgts.ru/repository/gitlab-npm/,is-natural-number
gitlab-npm,https://nexus.mgts.ru/repository/gitlab-npm/,is-negated-glob
gitlab-npm,https://nexus.mgts.ru/repository/gitlab-npm/,is-negative-zero
gitlab-npm,https://nexus.mgts.ru/repository/gitlab-npm/,is-node-process
gitlab-npm,https://nexus.mgts.ru/repository/gitlab-npm/,is-npm
gitlab-npm,https://nexus.mgts.ru/repository/gitlab-npm/,is-number
gitlab-npm,https://nexus.mgts.ru/repository/gitlab-npm/,is-number-like
gitlab-npm,https://nexus.mgts.ru/repository/gitlab-npm/,is-number-object
gitlab-npm,https://nexus.mgts.ru/repository/gitlab-npm/,is-obj
gitlab-npm,https://nexus.mgts.ru/repository/gitlab-npm/,is-object
gitlab-npm,https://nexus.mgts.ru/repository/gitlab-npm/,is-observable
gitlab-npm,https://nexus.mgts.ru/repository/gitlab-npm/,is-odd
gitlab-npm,https://nexus.mgts.ru/repository/gitlab-npm/,is-path-cwd
gitlab-npm,https://nexus.mgts.ru/repository/gitlab-npm/,is-path-in-cwd
gitlab-npm,https://nexus.mgts.ru/repository/gitlab-npm/,is-path-inside
gitlab-npm,https://nexus.mgts.ru/repository/gitlab-npm/,is-plain-obj
gitlab-npm,https://nexus.mgts.ru/repository/gitlab-npm/,is-plain-object
gitlab-npm,https://nexus.mgts.ru/repository/gitlab-npm/,is-port-reachable
gitlab-npm,https://nexus.mgts.ru/repository/gitlab-npm/,is-posix-bracket
gitlab-npm,https://nexus.mgts.ru/repository/gitlab-npm/,is-potential-custom-element-name
gitlab-npm,https://nexus.mgts.ru/repository/gitlab-npm/,is-primitive
gitlab-npm,https://nexus.mgts.ru/repository/gitlab-npm/,is-promise
gitlab-npm,https://nexus.mgts.ru/repository/gitlab-npm/,is-property
gitlab-npm,https://nexus.mgts.ru/repository/gitlab-npm/,is-redirect
gitlab-npm,https://nexus.mgts.ru/repository/gitlab-npm/,is-reference
gitlab-npm,https://nexus.mgts.ru/repository/gitlab-npm/,is-regex
gitlab-npm,https://nexus.mgts.ru/repository/gitlab-npm/,is-regexp
gitlab-npm,https://nexus.mgts.ru/repository/gitlab-npm/,is-relative
gitlab-npm,https://nexus.mgts.ru/repository/gitlab-npm/,is-resolvable
gitlab-npm,https://nexus.mgts.ru/repository/gitlab-npm/,is-retry-allowed
gitlab-npm,https://nexus.mgts.ru/repository/gitlab-npm/,is-set
gitlab-npm,https://nexus.mgts.ru/repository/gitlab-npm/,is-shared-array-buffer
gitlab-npm,https://nexus.mgts.ru/repository/gitlab-npm/,is-stream
gitlab-npm,https://nexus.mgts.ru/repository/gitlab-npm/,is-string
gitlab-npm,https://nexus.mgts.ru/repository/gitlab-npm/,is-svg
gitlab-npm,https://nexus.mgts.ru/repository/gitlab-npm/,is-symbol
gitlab-npm,https://nexus.mgts.ru/repository/gitlab-npm/,is-typed-array
gitlab-npm,https://nexus.mgts.ru/repository/gitlab-npm/,is-typedarray
gitlab-npm,https://nexus.mgts.ru/repository/gitlab-npm/,is-unc-path
gitlab-npm,https://nexus.mgts.ru/repository/gitlab-npm/,is-unicode-supported
gitlab-npm,https://nexus.mgts.ru/repository/gitlab-npm/,is-upper-case
gitlab-npm,https://nexus.mgts.ru/repository/gitlab-npm/,is-url
gitlab-npm,https://nexus.mgts.ru/repository/gitlab-npm/,is-utf8
gitlab-npm,https://nexus.mgts.ru/repository/gitlab-npm/,is-valid-glob
gitlab-npm,https://nexus.mgts.ru/repository/gitlab-npm/,is-weakmap
gitlab-npm,https://nexus.mgts.ru/repository/gitlab-npm/,is-weakref
gitlab-npm,https://nexus.mgts.ru/repository/gitlab-npm/,is-weakset
gitlab-npm,https://nexus.mgts.ru/repository/gitlab-npm/,is-what
gitlab-npm,https://nexus.mgts.ru/repository/gitlab-npm/,is-whitespace-character
gitlab-npm,https://nexus.mgts.ru/repository/gitlab-npm/,is-window
gitlab-npm,https://nexus.mgts.ru/repository/gitlab-npm/,is-windows
gitlab-npm,https://nexus.mgts.ru/repository/gitlab-npm/,is-word-character
gitlab-npm,https://nexus.mgts.ru/repository/gitlab-npm/,is-wsl
gitlab-npm,https://nexus.mgts.ru/repository/gitlab-npm/,is2
gitlab-npm,https://nexus.mgts.ru/repository/gitlab-npm/,isarray
gitlab-npm,https://nexus.mgts.ru/repository/gitlab-npm/,isbinaryfile
gitlab-npm,https://nexus.mgts.ru/repository/gitlab-npm/,isexe
gitlab-npm,https://nexus.mgts.ru/repository/gitlab-npm/,isobject
gitlab-npm,https://nexus.mgts.ru/repository/gitlab-npm/,isomorphic-unfetch
gitlab-npm,https://nexus.mgts.ru/repository/gitlab-npm/,isstream
gitlab-npm,https://nexus.mgts.ru/repository/gitlab-npm/,istanbul
gitlab-npm,https://nexus.mgts.ru/repository/gitlab-npm/,istanbul-lib-coverage
gitlab-npm,https://nexus.mgts.ru/repository/gitlab-npm/,istanbul-lib-instrument
gitlab-npm,https://nexus.mgts.ru/repository/gitlab-npm/,istanbul-lib-report
gitlab-npm,https://nexus.mgts.ru/repository/gitlab-npm/,istanbul-lib-source-maps
gitlab-npm,https://nexus.mgts.ru/repository/gitlab-npm/,istanbul-reports
gitlab-npm,https://nexus.mgts.ru/repository/gitlab-npm/,isurl
gitlab-npm,https://nexus.mgts.ru/repository/gitlab-npm/,iterate-iterator
gitlab-npm,https://nexus.mgts.ru/repository/gitlab-npm/,iterate-value
gitlab-npm,https://nexus.mgts.ru/repository/gitlab-npm/,iterator.prototype
gitlab-npm,https://nexus.mgts.ru/repository/gitlab-npm/,jackspeak
gitlab-npm,https://nexus.mgts.ru/repository/gitlab-npm/,jake
gitlab-npm,https://nexus.mgts.ru/repository/gitlab-npm/,jasmine
gitlab-npm,https://nexus.mgts.ru/repository/gitlab-npm/,jasmine-core
gitlab-npm,https://nexus.mgts.ru/repository/gitlab-npm/,jasmine-spec-reporter
gitlab-npm,https://nexus.mgts.ru/repository/gitlab-npm/,jasminewd2
gitlab-npm,https://nexus.mgts.ru/repository/gitlab-npm/,java-properties
gitlab-npm,https://nexus.mgts.ru/repository/gitlab-npm/,jest
gitlab-npm,https://nexus.mgts.ru/repository/gitlab-npm/,jest-changed-files
gitlab-npm,https://nexus.mgts.ru/repository/gitlab-npm/,jest-circus
gitlab-npm,https://nexus.mgts.ru/repository/gitlab-npm/,jest-cli
gitlab-npm,https://nexus.mgts.ru/repository/gitlab-npm/,jest-config
gitlab-npm,https://nexus.mgts.ru/repository/gitlab-npm/,jest-dev-server
gitlab-npm,https://nexus.mgts.ru/repository/gitlab-npm/,jest-diff
gitlab-npm,https://nexus.mgts.ru/repository/gitlab-npm/,jest-docblock
gitlab-npm,https://nexus.mgts.ru/repository/gitlab-npm/,jest-each
gitlab-npm,https://nexus.mgts.ru/repository/gitlab-npm/,jest-environment-node
gitlab-npm,https://nexus.mgts.ru/repository/gitlab-npm/,jest-environment-puppeteer
gitlab-npm,https://nexus.mgts.ru/repository/gitlab-npm/,jest-get-type
gitlab-npm,https://nexus.mgts.ru/repository/gitlab-npm/,jest-haste-map
gitlab-npm,https://nexus.mgts.ru/repository/gitlab-npm/,jest-image-snapshot
gitlab-npm,https://nexus.mgts.ru/repository/gitlab-npm/,jest-leak-detector
gitlab-npm,https://nexus.mgts.ru/repository/gitlab-npm/,jest-matcher-utils
gitlab-npm,https://nexus.mgts.ru/repository/gitlab-npm/,jest-message-util
gitlab-npm,https://nexus.mgts.ru/repository/gitlab-npm/,jest-mock
gitlab-npm,https://nexus.mgts.ru/repository/gitlab-npm/,jest-pnp-resolver
gitlab-npm,https://nexus.mgts.ru/repository/gitlab-npm/,jest-puppeteer
gitlab-npm,https://nexus.mgts.ru/repository/gitlab-npm/,jest-regex-util
gitlab-npm,https://nexus.mgts.ru/repository/gitlab-npm/,jest-resolve
gitlab-npm,https://nexus.mgts.ru/repository/gitlab-npm/,jest-resolve-dependencies
gitlab-npm,https://nexus.mgts.ru/repository/gitlab-npm/,jest-runner
gitlab-npm,https://nexus.mgts.ru/repository/gitlab-npm/,jest-runtime
gitlab-npm,https://nexus.mgts.ru/repository/gitlab-npm/,jest-serializer
gitlab-npm,https://nexus.mgts.ru/repository/gitlab-npm/,jest-snapshot
gitlab-npm,https://nexus.mgts.ru/repository/gitlab-npm/,jest-util
gitlab-npm,https://nexus.mgts.ru/repository/gitlab-npm/,jest-validate
gitlab-npm,https://nexus.mgts.ru/repository/gitlab-npm/,jest-watcher
gitlab-npm,https://nexus.mgts.ru/repository/gitlab-npm/,jest-worker
gitlab-npm,https://nexus.mgts.ru/repository/gitlab-npm/,jimp-compact
gitlab-npm,https://nexus.mgts.ru/repository/gitlab-npm/,jiti
gitlab-npm,https://nexus.mgts.ru/repository/gitlab-npm/,jju
gitlab-npm,https://nexus.mgts.ru/repository/gitlab-npm/,joi
gitlab-npm,https://nexus.mgts.ru/repository/gitlab-npm/,jointjs
gitlab-npm,https://nexus.mgts.ru/repository/gitlab-npm/,jose
gitlab-npm,https://nexus.mgts.ru/repository/gitlab-npm/,joycon
gitlab-npm,https://nexus.mgts.ru/repository/gitlab-npm/,jpeg-recompress-bin
gitlab-npm,https://nexus.mgts.ru/repository/gitlab-npm/,jpegtran-bin
gitlab-npm,https://nexus.mgts.ru/repository/gitlab-npm/,jquery
gitlab-npm,https://nexus.mgts.ru/repository/gitlab-npm/,jquery.cookie
gitlab-npm,https://nexus.mgts.ru/repository/gitlab-npm/,js-base64
gitlab-npm,https://nexus.mgts.ru/repository/gitlab-npm/,js-beautify
gitlab-npm,https://nexus.mgts.ru/repository/gitlab-npm/,js-cookie
gitlab-npm,https://nexus.mgts.ru/repository/gitlab-npm/,js-string-escape
gitlab-npm,https://nexus.mgts.ru/repository/gitlab-npm/,js-tiktoken
gitlab-npm,https://nexus.mgts.ru/repository/gitlab-npm/,js-tokens
gitlab-npm,https://nexus.mgts.ru/repository/gitlab-npm/,js-yaml
gitlab-npm,https://nexus.mgts.ru/repository/gitlab-npm/,jsbn
gitlab-npm,https://nexus.mgts.ru/repository/gitlab-npm/,jsc-safe-url
gitlab-npm,https://nexus.mgts.ru/repository/gitlab-npm/,jscodeshift
gitlab-npm,https://nexus.mgts.ru/repository/gitlab-npm/,jsdoc-type-pratt-parser
gitlab-npm,https://nexus.mgts.ru/repository/gitlab-npm/,jsdom
gitlab-npm,https://nexus.mgts.ru/repository/gitlab-npm/,jsesc
gitlab-npm,https://nexus.mgts.ru/repository/gitlab-npm/,json-buffer
gitlab-npm,https://nexus.mgts.ru/repository/gitlab-npm/,json-loader
gitlab-npm,https://nexus.mgts.ru/repository/gitlab-npm/,json-parse-better-errors
gitlab-npm,https://nexus.mgts.ru/repository/gitlab-npm/,json-parse-even-better-errors
gitlab-npm,https://nexus.mgts.ru/repository/gitlab-npm/,json-parse-helpfulerror
gitlab-npm,https://nexus.mgts.ru/repository/gitlab-npm/,json-schema
gitlab-npm,https://nexus.mgts.ru/repository/gitlab-npm/,json-schema-traverse
gitlab-npm,https://nexus.mgts.ru/repository/gitlab-npm/,json-schema-typed
gitlab-npm,https://nexus.mgts.ru/repository/gitlab-npm/,json-server
gitlab-npm,https://nexus.mgts.ru/repository/gitlab-npm/,json-stable-stringify
gitlab-npm,https://nexus.mgts.ru/repository/gitlab-npm/,json-stable-stringify-without-jsonify
gitlab-npm,https://nexus.mgts.ru/repository/gitlab-npm/,json-stringify-safe
gitlab-npm,https://nexus.mgts.ru/repository/gitlab-npm/,json-with-bigint
gitlab-npm,https://nexus.mgts.ru/repository/gitlab-npm/,json2mq
gitlab-npm,https://nexus.mgts.ru/repository/gitlab-npm/,json3
gitlab-npm,https://nexus.mgts.ru/repository/gitlab-npm/,json5
gitlab-npm,https://nexus.mgts.ru/repository/gitlab-npm/,jsonc-parser
gitlab-npm,https://nexus.mgts.ru/repository/gitlab-npm/,jsondiffpatch
gitlab-npm,https://nexus.mgts.ru/repository/gitlab-npm/,jsonfile
gitlab-npm,https://nexus.mgts.ru/repository/gitlab-npm/,jsonify
gitlab-npm,https://nexus.mgts.ru/repository/gitlab-npm/,jsonparse
gitlab-npm,https://nexus.mgts.ru/repository/gitlab-npm/,jsonpointer
gitlab-npm,https://nexus.mgts.ru/repository/gitlab-npm/,JSONStream
gitlab-npm,https://nexus.mgts.ru/repository/gitlab-npm/,jsprim
gitlab-npm,https://nexus.mgts.ru/repository/gitlab-npm/,jsx-ast-utils
gitlab-npm,https://nexus.mgts.ru/repository/gitlab-npm/,jszip
gitlab-npm,https://nexus.mgts.ru/repository/gitlab-npm/,junk
gitlab-npm,https://nexus.mgts.ru/repository/gitlab-npm/,jwt-decode
gitlab-npm,https://nexus.mgts.ru/repository/gitlab-npm/,karma
gitlab-npm,https://nexus.mgts.ru/repository/gitlab-npm/,karma-babel-preprocessor
gitlab-npm,https://nexus.mgts.ru/repository/gitlab-npm/,karma-chai
gitlab-npm,https://nexus.mgts.ru/repository/gitlab-npm/,karma-chrome-launcher
gitlab-npm,https://nexus.mgts.ru/repository/gitlab-npm/,karma-coverage
gitlab-npm,https://nexus.mgts.ru/repository/gitlab-npm/,karma-coverage-istanbul-reporter
gitlab-npm,https://nexus.mgts.ru/repository/gitlab-npm/,karma-htmlfile-reporter
gitlab-npm,https://nexus.mgts.ru/repository/gitlab-npm/,karma-jasmine
gitlab-npm,https://nexus.mgts.ru/repository/gitlab-npm/,karma-jasmine-html-reporter
gitlab-npm,https://nexus.mgts.ru/repository/gitlab-npm/,karma-mocha
gitlab-npm,https://nexus.mgts.ru/repository/gitlab-npm/,karma-mocha-reporter
gitlab-npm,https://nexus.mgts.ru/repository/gitlab-npm/,karma-phantomjs-launcher
gitlab-npm,https://nexus.mgts.ru/repository/gitlab-npm/,karma-source-map-support
gitlab-npm,https://nexus.mgts.ru/repository/gitlab-npm/,karma-sourcemap-loader
gitlab-npm,https://nexus.mgts.ru/repository/gitlab-npm/,karma-webpack
gitlab-npm,https://nexus.mgts.ru/repository/gitlab-npm/,katex
gitlab-npm,https://nexus.mgts.ru/repository/gitlab-npm/,kbar
gitlab-npm,https://nexus.mgts.ru/repository/gitlab-npm/,kew
gitlab-npm,https://nexus.mgts.ru/repository/gitlab-npm/,keycloak-js
gitlab-npm,https://nexus.mgts.ru/repository/gitlab-npm/,keycode
gitlab-npm,https://nexus.mgts.ru/repository/gitlab-npm/,keycon
gitlab-npm,https://nexus.mgts.ru/repository/gitlab-npm/,keyv
gitlab-npm,https://nexus.mgts.ru/repository/gitlab-npm/,khroma
gitlab-npm,https://nexus.mgts.ru/repository/gitlab-npm/,kind-of
gitlab-npm,https://nexus.mgts.ru/repository/gitlab-npm/,klaw
gitlab-npm,https://nexus.mgts.ru/repository/gitlab-npm/,kleur
gitlab-npm,https://nexus.mgts.ru/repository/gitlab-npm/,klona
gitlab-npm,https://nexus.mgts.ru/repository/gitlab-npm/,known-css-properties
gitlab-npm,https://nexus.mgts.ru/repository/gitlab-npm/,kolorist
gitlab-npm,https://nexus.mgts.ru/repository/gitlab-npm/,labeled-stream-splicer
gitlab-npm,https://nexus.mgts.ru/repository/gitlab-npm/,lan-network
gitlab-npm,https://nexus.mgts.ru/repository/gitlab-npm/,langium
gitlab-npm,https://nexus.mgts.ru/repository/gitlab-npm/,langsmith
gitlab-npm,https://nexus.mgts.ru/repository/gitlab-npm/,language-subtag-registry
gitlab-npm,https://nexus.mgts.ru/repository/gitlab-npm/,language-tags
gitlab-npm,https://nexus.mgts.ru/repository/gitlab-npm/,last-line-stream
gitlab-npm,https://nexus.mgts.ru/repository/gitlab-npm/,last-run
gitlab-npm,https://nexus.mgts.ru/repository/gitlab-npm/,latest-version
gitlab-npm,https://nexus.mgts.ru/repository/gitlab-npm/,launch-editor
gitlab-npm,https://nexus.mgts.ru/repository/gitlab-npm/,layout-base
gitlab-npm,https://nexus.mgts.ru/repository/gitlab-npm/,lazy-ass
gitlab-npm,https://nexus.mgts.ru/repository/gitlab-npm/,lazy-cache
gitlab-npm,https://nexus.mgts.ru/repository/gitlab-npm/,lazy-req
gitlab-npm,https://nexus.mgts.ru/repository/gitlab-npm/,lazy-universal-dotenv
gitlab-npm,https://nexus.mgts.ru/repository/gitlab-npm/,lcid
gitlab-npm,https://nexus.mgts.ru/repository/gitlab-npm/,leac
gitlab-npm,https://nexus.mgts.ru/repository/gitlab-npm/,lead
gitlab-npm,https://nexus.mgts.ru/repository/gitlab-npm/,lerc
gitlab-npm,https://nexus.mgts.ru/repository/gitlab-npm/,less
gitlab-npm,https://nexus.mgts.ru/repository/gitlab-npm/,less-loader
gitlab-npm,https://nexus.mgts.ru/repository/gitlab-npm/,leven
gitlab-npm,https://nexus.mgts.ru/repository/gitlab-npm/,levn
gitlab-npm,https://nexus.mgts.ru/repository/gitlab-npm/,license-webpack-plugin
gitlab-npm,https://nexus.mgts.ru/repository/gitlab-npm/,lie
gitlab-npm,https://nexus.mgts.ru/repository/gitlab-npm/,liftoff
gitlab-npm,https://nexus.mgts.ru/repository/gitlab-npm/,lightningcss
gitlab-npm,https://nexus.mgts.ru/repository/gitlab-npm/,lightningcss-android-arm64
gitlab-npm,https://nexus.mgts.ru/repository/gitlab-npm/,lightningcss-darwin-arm64
gitlab-npm,https://nexus.mgts.ru/repository/gitlab-npm/,lightningcss-darwin-x64
gitlab-npm,https://nexus.mgts.ru/repository/gitlab-npm/,lightningcss-freebsd-x64
gitlab-npm,https://nexus.mgts.ru/repository/gitlab-npm/,lightningcss-linux-arm-gnueabihf
gitlab-npm,https://nexus.mgts.ru/repository/gitlab-npm/,lightningcss-linux-arm64-gnu
gitlab-npm,https://nexus.mgts.ru/repository/gitlab-npm/,lightningcss-linux-arm64-musl
gitlab-npm,https://nexus.mgts.ru/repository/gitlab-npm/,lightningcss-linux-x64-gnu
gitlab-npm,https://nexus.mgts.ru/repository/gitlab-npm/,lightningcss-linux-x64-musl
gitlab-npm,https://nexus.mgts.ru/repository/gitlab-npm/,lightningcss-win32-arm64-msvc
gitlab-npm,https://nexus.mgts.ru/repository/gitlab-npm/,lightningcss-win32-x64-msvc
gitlab-npm,https://nexus.mgts.ru/repository/gitlab-npm/,lilconfig
gitlab-npm,https://nexus.mgts.ru/repository/gitlab-npm/,limiter
gitlab-npm,https://nexus.mgts.ru/repository/gitlab-npm/,lines-and-columns
gitlab-npm,https://nexus.mgts.ru/repository/gitlab-npm/,linkify-it
gitlab-npm,https://nexus.mgts.ru/repository/gitlab-npm/,linkifyjs
gitlab-npm,https://nexus.mgts.ru/repository/gitlab-npm/,listr2
gitlab-npm,https://nexus.mgts.ru/repository/gitlab-npm/,load-json-file
gitlab-npm,https://nexus.mgts.ru/repository/gitlab-npm/,load-tsconfig
gitlab-npm,https://nexus.mgts.ru/repository/gitlab-npm/,load-yaml-file
gitlab-npm,https://nexus.mgts.ru/repository/gitlab-npm/,loader-runner
gitlab-npm,https://nexus.mgts.ru/repository/gitlab-npm/,loader-utils
gitlab-npm,https://nexus.mgts.ru/repository/gitlab-npm/,local-pkg
gitlab-npm,https://nexus.mgts.ru/repository/gitlab-npm/,locate-path
gitlab-npm,https://nexus.mgts.ru/repository/gitlab-npm/,lodash
gitlab-npm,https://nexus.mgts.ru/repository/gitlab-npm/,lodash-es
gitlab-npm,https://nexus.mgts.ru/repository/gitlab-npm/,lodash-id
gitlab-npm,https://nexus.mgts.ru/repository/gitlab-npm/,lodash._baseassign
gitlab-npm,https://nexus.mgts.ru/repository/gitlab-npm/,lodash._basecopy
gitlab-npm,https://nexus.mgts.ru/repository/gitlab-npm/,lodash._basecreate
gitlab-npm,https://nexus.mgts.ru/repository/gitlab-npm/,lodash._bindcallback
gitlab-npm,https://nexus.mgts.ru/repository/gitlab-npm/,lodash._createassigner
gitlab-npm,https://nexus.mgts.ru/repository/gitlab-npm/,lodash._createcompounder
gitlab-npm,https://nexus.mgts.ru/repository/gitlab-npm/,lodash._getnative
gitlab-npm,https://nexus.mgts.ru/repository/gitlab-npm/,lodash._isiterateecall
gitlab-npm,https://nexus.mgts.ru/repository/gitlab-npm/,lodash._root
gitlab-npm,https://nexus.mgts.ru/repository/gitlab-npm/,lodash.assign
gitlab-npm,https://nexus.mgts.ru/repository/gitlab-npm/,lodash.camelcase
gitlab-npm,https://nexus.mgts.ru/repository/gitlab-npm/,lodash.chunk
gitlab-npm,https://nexus.mgts.ru/repository/gitlab-npm/,lodash.clone
gitlab-npm,https://nexus.mgts.ru/repository/gitlab-npm/,lodash.clonedeep
gitlab-npm,https://nexus.mgts.ru/repository/gitlab-npm/,lodash.create
gitlab-npm,https://nexus.mgts.ru/repository/gitlab-npm/,lodash.debounce
gitlab-npm,https://nexus.mgts.ru/repository/gitlab-npm/,lodash.deburr
gitlab-npm,https://nexus.mgts.ru/repository/gitlab-npm/,lodash.defaults
gitlab-npm,https://nexus.mgts.ru/repository/gitlab-npm/,lodash.difference
gitlab-npm,https://nexus.mgts.ru/repository/gitlab-npm/,lodash.find
gitlab-npm,https://nexus.mgts.ru/repository/gitlab-npm/,lodash.flatten
gitlab-npm,https://nexus.mgts.ru/repository/gitlab-npm/,lodash.get
gitlab-npm,https://nexus.mgts.ru/repository/gitlab-npm/,lodash.isarguments
gitlab-npm,https://nexus.mgts.ru/repository/gitlab-npm/,lodash.isarray
gitlab-npm,https://nexus.mgts.ru/repository/gitlab-npm/,lodash.isequal
gitlab-npm,https://nexus.mgts.ru/repository/gitlab-npm/,lodash.isfinite
gitlab-npm,https://nexus.mgts.ru/repository/gitlab-npm/,lodash.kebabcase
gitlab-npm,https://nexus.mgts.ru/repository/gitlab-npm/,lodash.keys
gitlab-npm,https://nexus.mgts.ru/repository/gitlab-npm/,lodash.memoize
gitlab-npm,https://nexus.mgts.ru/repository/gitlab-npm/,lodash.merge
gitlab-npm,https://nexus.mgts.ru/repository/gitlab-npm/,lodash.once
gitlab-npm,https://nexus.mgts.ru/repository/gitlab-npm/,lodash.pick
gitlab-npm,https://nexus.mgts.ru/repository/gitlab-npm/,lodash.restparam
gitlab-npm,https://nexus.mgts.ru/repository/gitlab-npm/,lodash.throttle
gitlab-npm,https://nexus.mgts.ru/repository/gitlab-npm/,lodash.truncate
gitlab-npm,https://nexus.mgts.ru/repository/gitlab-npm/,lodash.uniq
gitlab-npm,https://nexus.mgts.ru/repository/gitlab-npm/,lodash.words
gitlab-npm,https://nexus.mgts.ru/repository/gitlab-npm/,log-symbols
gitlab-npm,https://nexus.mgts.ru/repository/gitlab-npm/,log-update
gitlab-npm,https://nexus.mgts.ru/repository/gitlab-npm/,log4js
gitlab-npm,https://nexus.mgts.ru/repository/gitlab-npm/,logalot
gitlab-npm,https://nexus.mgts.ru/repository/gitlab-npm/,loglevel
gitlab-npm,https://nexus.mgts.ru/repository/gitlab-npm/,long
gitlab-npm,https://nexus.mgts.ru/repository/gitlab-npm/,longest
gitlab-npm,https://nexus.mgts.ru/repository/gitlab-npm/,longest-streak
gitlab-npm,https://nexus.mgts.ru/repository/gitlab-npm/,loose-envify
gitlab-npm,https://nexus.mgts.ru/repository/gitlab-npm/,loud-rejection
gitlab-npm,https://nexus.mgts.ru/repository/gitlab-npm/,loupe
gitlab-npm,https://nexus.mgts.ru/repository/gitlab-npm/,lowdb
gitlab-npm,https://nexus.mgts.ru/repository/gitlab-npm/,lower-case
gitlab-npm,https://nexus.mgts.ru/repository/gitlab-npm/,lower-case-first
gitlab-npm,https://nexus.mgts.ru/repository/gitlab-npm/,lowercase-keys
gitlab-npm,https://nexus.mgts.ru/repository/gitlab-npm/,lowlight
gitlab-npm,https://nexus.mgts.ru/repository/gitlab-npm/,lpad-align
gitlab-npm,https://nexus.mgts.ru/repository/gitlab-npm/,lru-cache
gitlab-npm,https://nexus.mgts.ru/repository/gitlab-npm/,lru.min
gitlab-npm,https://nexus.mgts.ru/repository/gitlab-npm/,lucide-react
gitlab-npm,https://nexus.mgts.ru/repository/gitlab-npm/,luxor
gitlab-npm,https://nexus.mgts.ru/repository/gitlab-npm/,lz-string
gitlab-npm,https://nexus.mgts.ru/repository/gitlab-npm/,magic-string
gitlab-npm,https://nexus.mgts.ru/repository/gitlab-npm/,magicast
gitlab-npm,https://nexus.mgts.ru/repository/gitlab-npm/,make-dir
gitlab-npm,https://nexus.mgts.ru/repository/gitlab-npm/,make-error
gitlab-npm,https://nexus.mgts.ru/repository/gitlab-npm/,make-fetch-happen
gitlab-npm,https://nexus.mgts.ru/repository/gitlab-npm/,make-iterator
gitlab-npm,https://nexus.mgts.ru/repository/gitlab-npm/,makeerror
gitlab-npm,https://nexus.mgts.ru/repository/gitlab-npm/,map-cache
gitlab-npm,https://nexus.mgts.ru/repository/gitlab-npm/,map-obj
gitlab-npm,https://nexus.mgts.ru/repository/gitlab-npm/,map-or-similar
gitlab-npm,https://nexus.mgts.ru/repository/gitlab-npm/,map-stream
gitlab-npm,https://nexus.mgts.ru/repository/gitlab-npm/,map-visit
gitlab-npm,https://nexus.mgts.ru/repository/gitlab-npm/,markdown-escapes
gitlab-npm,https://nexus.mgts.ru/repository/gitlab-npm/,markdown-extensions
gitlab-npm,https://nexus.mgts.ru/repository/gitlab-npm/,markdown-it
gitlab-npm,https://nexus.mgts.ru/repository/gitlab-npm/,markdown-table
gitlab-npm,https://nexus.mgts.ru/repository/gitlab-npm/,marked
gitlab-npm,https://nexus.mgts.ru/repository/gitlab-npm/,marked-terminal
gitlab-npm,https://nexus.mgts.ru/repository/gitlab-npm/,matcher
gitlab-npm,https://nexus.mgts.ru/repository/gitlab-npm/,material-icons
gitlab-npm,https://nexus.mgts.ru/repository/gitlab-npm/,math-expression-evaluator
gitlab-npm,https://nexus.mgts.ru/repository/gitlab-npm/,math-intrinsics
gitlab-npm,https://nexus.mgts.ru/repository/gitlab-npm/,math-random
gitlab-npm,https://nexus.mgts.ru/repository/gitlab-npm/,mathml-tag-names
gitlab-npm,https://nexus.mgts.ru/repository/gitlab-npm/,max-timeout
gitlab-npm,https://nexus.mgts.ru/repository/gitlab-npm/,md5-hex
gitlab-npm,https://nexus.mgts.ru/repository/gitlab-npm/,md5-o-matic
gitlab-npm,https://nexus.mgts.ru/repository/gitlab-npm/,md5.js
gitlab-npm,https://nexus.mgts.ru/repository/gitlab-npm/,mdast-squeeze-paragraphs
gitlab-npm,https://nexus.mgts.ru/repository/gitlab-npm/,mdast-util-definitions
gitlab-npm,https://nexus.mgts.ru/repository/gitlab-npm/,mdast-util-find-and-replace
gitlab-npm,https://nexus.mgts.ru/repository/gitlab-npm/,mdast-util-from-markdown
gitlab-npm,https://nexus.mgts.ru/repository/gitlab-npm/,mdast-util-frontmatter
gitlab-npm,https://nexus.mgts.ru/repository/gitlab-npm/,mdast-util-gfm
gitlab-npm,https://nexus.mgts.ru/repository/gitlab-npm/,mdast-util-gfm-autolink-literal
gitlab-npm,https://nexus.mgts.ru/repository/gitlab-npm/,mdast-util-gfm-footnote
gitlab-npm,https://nexus.mgts.ru/repository/gitlab-npm/,mdast-util-gfm-strikethrough
gitlab-npm,https://nexus.mgts.ru/repository/gitlab-npm/,mdast-util-gfm-table
gitlab-npm,https://nexus.mgts.ru/repository/gitlab-npm/,mdast-util-gfm-task-list-item
gitlab-npm,https://nexus.mgts.ru/repository/gitlab-npm/,mdast-util-math
gitlab-npm,https://nexus.mgts.ru/repository/gitlab-npm/,mdast-util-mdx
gitlab-npm,https://nexus.mgts.ru/repository/gitlab-npm/,mdast-util-mdx-expression
gitlab-npm,https://nexus.mgts.ru/repository/gitlab-npm/,mdast-util-mdx-jsx
gitlab-npm,https://nexus.mgts.ru/repository/gitlab-npm/,mdast-util-mdxjs-esm
gitlab-npm,https://nexus.mgts.ru/repository/gitlab-npm/,mdast-util-phrasing
gitlab-npm,https://nexus.mgts.ru/repository/gitlab-npm/,mdast-util-to-hast
gitlab-npm,https://nexus.mgts.ru/repository/gitlab-npm/,mdast-util-to-markdown
gitlab-npm,https://nexus.mgts.ru/repository/gitlab-npm/,mdast-util-to-string
gitlab-npm,https://nexus.mgts.ru/repository/gitlab-npm/,mdn-data
gitlab-npm,https://nexus.mgts.ru/repository/gitlab-npm/,mdurl
gitlab-npm,https://nexus.mgts.ru/repository/gitlab-npm/,mdx-bundler
gitlab-npm,https://nexus.mgts.ru/repository/gitlab-npm/,media-typer
gitlab-npm,https://nexus.mgts.ru/repository/gitlab-npm/,memfs
gitlab-npm,https://nexus.mgts.ru/repository/gitlab-npm/,memoize-one
gitlab-npm,https://nexus.mgts.ru/repository/gitlab-npm/,memoizerific
gitlab-npm,https://nexus.mgts.ru/repository/gitlab-npm/,memory-fs
gitlab-npm,https://nexus.mgts.ru/repository/gitlab-npm/,meow
gitlab-npm,https://nexus.mgts.ru/repository/gitlab-npm/,merge-deep
gitlab-npm,https://nexus.mgts.ru/repository/gitlab-npm/,merge-descriptors
gitlab-npm,https://nexus.mgts.ru/repository/gitlab-npm/,merge-stream
gitlab-npm,https://nexus.mgts.ru/repository/gitlab-npm/,merge2
gitlab-npm,https://nexus.mgts.ru/repository/gitlab-npm/,mermaid
gitlab-npm,https://nexus.mgts.ru/repository/gitlab-npm/,method-override
gitlab-npm,https://nexus.mgts.ru/repository/gitlab-npm/,methods
gitlab-npm,https://nexus.mgts.ru/repository/gitlab-npm/,metro
gitlab-npm,https://nexus.mgts.ru/repository/gitlab-npm/,metro-babel-transformer
gitlab-npm,https://nexus.mgts.ru/repository/gitlab-npm/,metro-cache
gitlab-npm,https://nexus.mgts.ru/repository/gitlab-npm/,metro-cache-key
gitlab-npm,https://nexus.mgts.ru/repository/gitlab-npm/,metro-config
gitlab-npm,https://nexus.mgts.ru/repository/gitlab-npm/,metro-core
gitlab-npm,https://nexus.mgts.ru/repository/gitlab-npm/,metro-file-map
gitlab-npm,https://nexus.mgts.ru/repository/gitlab-npm/,metro-minify-terser
gitlab-npm,https://nexus.mgts.ru/repository/gitlab-npm/,metro-resolver
gitlab-npm,https://nexus.mgts.ru/repository/gitlab-npm/,metro-runtime
gitlab-npm,https://nexus.mgts.ru/repository/gitlab-npm/,metro-source-map
gitlab-npm,https://nexus.mgts.ru/repository/gitlab-npm/,metro-symbolicate
gitlab-npm,https://nexus.mgts.ru/repository/gitlab-npm/,metro-transform-plugins
gitlab-npm,https://nexus.mgts.ru/repository/gitlab-npm/,metro-transform-worker
gitlab-npm,https://nexus.mgts.ru/repository/gitlab-npm/,microevent.ts
gitlab-npm,https://nexus.mgts.ru/repository/gitlab-npm/,micromark
gitlab-npm,https://nexus.mgts.ru/repository/gitlab-npm/,micromark-core-commonmark
gitlab-npm,https://nexus.mgts.ru/repository/gitlab-npm/,micromark-extension-cjk-friendly
gitlab-npm,https://nexus.mgts.ru/repository/gitlab-npm/,micromark-extension-cjk-friendly-gfm-strikethrough
gitlab-npm,https://nexus.mgts.ru/repository/gitlab-npm/,micromark-extension-cjk-friendly-util
gitlab-npm,https://nexus.mgts.ru/repository/gitlab-npm/,micromark-extension-frontmatter
gitlab-npm,https://nexus.mgts.ru/repository/gitlab-npm/,micromark-extension-gfm
gitlab-npm,https://nexus.mgts.ru/repository/gitlab-npm/,micromark-extension-gfm-autolink-literal
gitlab-npm,https://nexus.mgts.ru/repository/gitlab-npm/,micromark-extension-gfm-footnote
gitlab-npm,https://nexus.mgts.ru/repository/gitlab-npm/,micromark-extension-gfm-strikethrough
gitlab-npm,https://nexus.mgts.ru/repository/gitlab-npm/,micromark-extension-gfm-table
gitlab-npm,https://nexus.mgts.ru/repository/gitlab-npm/,micromark-extension-gfm-tagfilter
gitlab-npm,https://nexus.mgts.ru/repository/gitlab-npm/,micromark-extension-gfm-task-list-item
gitlab-npm,https://nexus.mgts.ru/repository/gitlab-npm/,micromark-extension-math
gitlab-npm,https://nexus.mgts.ru/repository/gitlab-npm/,micromark-extension-mdx-expression
gitlab-npm,https://nexus.mgts.ru/repository/gitlab-npm/,micromark-extension-mdx-jsx
gitlab-npm,https://nexus.mgts.ru/repository/gitlab-npm/,micromark-extension-mdx-md
gitlab-npm,https://nexus.mgts.ru/repository/gitlab-npm/,micromark-extension-mdxjs
gitlab-npm,https://nexus.mgts.ru/repository/gitlab-npm/,micromark-extension-mdxjs-esm
gitlab-npm,https://nexus.mgts.ru/repository/gitlab-npm/,micromark-factory-destination
gitlab-npm,https://nexus.mgts.ru/repository/gitlab-npm/,micromark-factory-label
gitlab-npm,https://nexus.mgts.ru/repository/gitlab-npm/,micromark-factory-mdx-expression
gitlab-npm,https://nexus.mgts.ru/repository/gitlab-npm/,micromark-factory-space
gitlab-npm,https://nexus.mgts.ru/repository/gitlab-npm/,micromark-factory-title
gitlab-npm,https://nexus.mgts.ru/repository/gitlab-npm/,micromark-factory-whitespace
gitlab-npm,https://nexus.mgts.ru/repository/gitlab-npm/,micromark-util-character
gitlab-npm,https://nexus.mgts.ru/repository/gitlab-npm/,micromark-util-chunked
gitlab-npm,https://nexus.mgts.ru/repository/gitlab-npm/,micromark-util-classify-character
gitlab-npm,https://nexus.mgts.ru/repository/gitlab-npm/,micromark-util-combine-extensions
gitlab-npm,https://nexus.mgts.ru/repository/gitlab-npm/,micromark-util-decode-numeric-character-reference
gitlab-npm,https://nexus.mgts.ru/repository/gitlab-npm/,micromark-util-decode-string
gitlab-npm,https://nexus.mgts.ru/repository/gitlab-npm/,micromark-util-encode
gitlab-npm,https://nexus.mgts.ru/repository/gitlab-npm/,micromark-util-events-to-acorn
gitlab-npm,https://nexus.mgts.ru/repository/gitlab-npm/,micromark-util-html-tag-name
gitlab-npm,https://nexus.mgts.ru/repository/gitlab-npm/,micromark-util-normalize-identifier
gitlab-npm,https://nexus.mgts.ru/repository/gitlab-npm/,micromark-util-resolve-all
gitlab-npm,https://nexus.mgts.ru/repository/gitlab-npm/,micromark-util-sanitize-uri
gitlab-npm,https://nexus.mgts.ru/repository/gitlab-npm/,micromark-util-subtokenize
gitlab-npm,https://nexus.mgts.ru/repository/gitlab-npm/,micromark-util-symbol
gitlab-npm,https://nexus.mgts.ru/repository/gitlab-npm/,micromark-util-types
gitlab-npm,https://nexus.mgts.ru/repository/gitlab-npm/,micromatch
gitlab-npm,https://nexus.mgts.ru/repository/gitlab-npm/,miller-rabin
gitlab-npm,https://nexus.mgts.ru/repository/gitlab-npm/,mime
gitlab-npm,https://nexus.mgts.ru/repository/gitlab-npm/,mime-db
gitlab-npm,https://nexus.mgts.ru/repository/gitlab-npm/,mime-types
gitlab-npm,https://nexus.mgts.ru/repository/gitlab-npm/,mimic-fn
gitlab-npm,https://nexus.mgts.ru/repository/gitlab-npm/,mimic-function
gitlab-npm,https://nexus.mgts.ru/repository/gitlab-npm/,mimic-response
gitlab-npm,https://nexus.mgts.ru/repository/gitlab-npm/,min-document
gitlab-npm,https://nexus.mgts.ru/repository/gitlab-npm/,min-indent
gitlab-npm,https://nexus.mgts.ru/repository/gitlab-npm/,mini-css-extract-plugin
gitlab-npm,https://nexus.mgts.ru/repository/gitlab-npm/,minimalistic-assert
gitlab-npm,https://nexus.mgts.ru/repository/gitlab-npm/,minimalistic-crypto-utils
gitlab-npm,https://nexus.mgts.ru/repository/gitlab-npm/,minimatch
gitlab-npm,https://nexus.mgts.ru/repository/gitlab-npm/,minimist
gitlab-npm,https://nexus.mgts.ru/repository/gitlab-npm/,minimist-options
gitlab-npm,https://nexus.mgts.ru/repository/gitlab-npm/,minipass
gitlab-npm,https://nexus.mgts.ru/repository/gitlab-npm/,minipass-collect
gitlab-npm,https://nexus.mgts.ru/repository/gitlab-npm/,minipass-fetch
gitlab-npm,https://nexus.mgts.ru/repository/gitlab-npm/,minipass-flush
gitlab-npm,https://nexus.mgts.ru/repository/gitlab-npm/,minipass-json-stream
gitlab-npm,https://nexus.mgts.ru/repository/gitlab-npm/,minipass-pipeline
gitlab-npm,https://nexus.mgts.ru/repository/gitlab-npm/,minipass-sized
gitlab-npm,https://nexus.mgts.ru/repository/gitlab-npm/,minizlib
gitlab-npm,https://nexus.mgts.ru/repository/gitlab-npm/,mississippi
gitlab-npm,https://nexus.mgts.ru/repository/gitlab-npm/,mitt
gitlab-npm,https://nexus.mgts.ru/repository/gitlab-npm/,mixin-deep
gitlab-npm,https://nexus.mgts.ru/repository/gitlab-npm/,mixin-object
gitlab-npm,https://nexus.mgts.ru/repository/gitlab-npm/,mkdirp
gitlab-npm,https://nexus.mgts.ru/repository/gitlab-npm/,mkdirp-classic
gitlab-npm,https://nexus.mgts.ru/repository/gitlab-npm/,ml-array-max
gitlab-npm,https://nexus.mgts.ru/repository/gitlab-npm/,ml-array-min
gitlab-npm,https://nexus.mgts.ru/repository/gitlab-npm/,ml-array-rescale
gitlab-npm,https://nexus.mgts.ru/repository/gitlab-npm/,ml-matrix
gitlab-npm,https://nexus.mgts.ru/repository/gitlab-npm/,mlly
gitlab-npm,https://nexus.mgts.ru/repository/gitlab-npm/,mocha
gitlab-npm,https://nexus.mgts.ru/repository/gitlab-npm/,module-deps
gitlab-npm,https://nexus.mgts.ru/repository/gitlab-npm/,module-details-from-path
gitlab-npm,https://nexus.mgts.ru/repository/gitlab-npm/,moment
gitlab-npm,https://nexus.mgts.ru/repository/gitlab-npm/,moment-timezone
gitlab-npm,https://nexus.mgts.ru/repository/gitlab-npm/,monaco-editor
gitlab-npm,https://nexus.mgts.ru/repository/gitlab-npm/,monaco-themes
gitlab-npm,https://nexus.mgts.ru/repository/gitlab-npm/,monocart-coverage-reports
gitlab-npm,https://nexus.mgts.ru/repository/gitlab-npm/,morgan
gitlab-npm,https://nexus.mgts.ru/repository/gitlab-npm/,motion
gitlab-npm,https://nexus.mgts.ru/repository/gitlab-npm/,motion-dom
gitlab-npm,https://nexus.mgts.ru/repository/gitlab-npm/,motion-utils
gitlab-npm,https://nexus.mgts.ru/repository/gitlab-npm/,move-concurrently
gitlab-npm,https://nexus.mgts.ru/repository/gitlab-npm/,mozjpeg
gitlab-npm,https://nexus.mgts.ru/repository/gitlab-npm/,mri
gitlab-npm,https://nexus.mgts.ru/repository/gitlab-npm/,mrmime
gitlab-npm,https://nexus.mgts.ru/repository/gitlab-npm/,ms
gitlab-npm,https://nexus.mgts.ru/repository/gitlab-npm/,msw
gitlab-npm,https://nexus.mgts.ru/repository/gitlab-npm/,multicast-dns
gitlab-npm,https://nexus.mgts.ru/repository/gitlab-npm/,multicast-dns-service-types
gitlab-npm,https://nexus.mgts.ru/repository/gitlab-npm/,multimatch
gitlab-npm,https://nexus.mgts.ru/repository/gitlab-npm/,multitars
gitlab-npm,https://nexus.mgts.ru/repository/gitlab-npm/,mustache
gitlab-npm,https://nexus.mgts.ru/repository/gitlab-npm/,mute-stdout
gitlab-npm,https://nexus.mgts.ru/repository/gitlab-npm/,mute-stream
gitlab-npm,https://nexus.mgts.ru/repository/gitlab-npm/,mysql2
gitlab-npm,https://nexus.mgts.ru/repository/gitlab-npm/,mz
gitlab-npm,https://nexus.mgts.ru/repository/gitlab-npm/,n
gitlab-npm,https://nexus.mgts.ru/repository/gitlab-npm/,named-placeholders
gitlab-npm,https://nexus.mgts.ru/repository/gitlab-npm/,nan
gitlab-npm,https://nexus.mgts.ru/repository/gitlab-npm/,nanoid
gitlab-npm,https://nexus.mgts.ru/repository/gitlab-npm/,nanomatch
gitlab-npm,https://nexus.mgts.ru/repository/gitlab-npm/,napi-postinstall
gitlab-npm,https://nexus.mgts.ru/repository/gitlab-npm/,natural-compare
gitlab-npm,https://nexus.mgts.ru/repository/gitlab-npm/,natural-compare-lite
gitlab-npm,https://nexus.mgts.ru/repository/gitlab-npm/,needle
gitlab-npm,https://nexus.mgts.ru/repository/gitlab-npm/,negotiator
gitlab-npm,https://nexus.mgts.ru/repository/gitlab-npm/,neo-async
gitlab-npm,https://nexus.mgts.ru/repository/gitlab-npm/,nested-error-stacks
gitlab-npm,https://nexus.mgts.ru/repository/gitlab-npm/,netmask
gitlab-npm,https://nexus.mgts.ru/repository/gitlab-npm/,next
gitlab-npm,https://nexus.mgts.ru/repository/gitlab-npm/,next-auth
gitlab-npm,https://nexus.mgts.ru/repository/gitlab-npm/,next-forge
gitlab-npm,https://nexus.mgts.ru/repository/gitlab-npm/,next-international
gitlab-npm,https://nexus.mgts.ru/repository/gitlab-npm/,next-themes
gitlab-npm,https://nexus.mgts.ru/repository/gitlab-npm/,next-tick
gitlab-npm,https://nexus.mgts.ru/repository/gitlab-npm/,ng-i18next
gitlab-npm,https://nexus.mgts.ru/repository/gitlab-npm/,ng-packagr
gitlab-npm,https://nexus.mgts.ru/repository/gitlab-npm/,ng2-charts
gitlab-npm,https://nexus.mgts.ru/repository/gitlab-npm/,ngx-drag-drop
gitlab-npm,https://nexus.mgts.ru/repository/gitlab-npm/,ngx-highlightjs
gitlab-npm,https://nexus.mgts.ru/repository/gitlab-npm/,ngx-scrollbar
gitlab-npm,https://nexus.mgts.ru/repository/gitlab-npm/,nice-napi
gitlab-npm,https://nexus.mgts.ru/repository/gitlab-npm/,nice-try
gitlab-npm,https://nexus.mgts.ru/repository/gitlab-npm/,no-case
gitlab-npm,https://nexus.mgts.ru/repository/gitlab-npm/,node-abort-controller
gitlab-npm,https://nexus.mgts.ru/repository/gitlab-npm/,node-addon-api
gitlab-npm,https://nexus.mgts.ru/repository/gitlab-npm/,node-domexception
gitlab-npm,https://nexus.mgts.ru/repository/gitlab-npm/,node-emoji
gitlab-npm,https://nexus.mgts.ru/repository/gitlab-npm/,node-env-type
gitlab-npm,https://nexus.mgts.ru/repository/gitlab-npm/,node-exports-info
gitlab-npm,https://nexus.mgts.ru/repository/gitlab-npm/,node-fetch
gitlab-npm,https://nexus.mgts.ru/repository/gitlab-npm/,node-fetch-native
gitlab-npm,https://nexus.mgts.ru/repository/gitlab-npm/,node-forge
gitlab-npm,https://nexus.mgts.ru/repository/gitlab-npm/,node-gyp
gitlab-npm,https://nexus.mgts.ru/repository/gitlab-npm/,node-gyp-build
gitlab-npm,https://nexus.mgts.ru/repository/gitlab-npm/,node-html-parser
gitlab-npm,https://nexus.mgts.ru/repository/gitlab-npm/,node-int64
gitlab-npm,https://nexus.mgts.ru/repository/gitlab-npm/,node-libs-browser
gitlab-npm,https://nexus.mgts.ru/repository/gitlab-npm/,node-modules-regexp
gitlab-npm,https://nexus.mgts.ru/repository/gitlab-npm/,node-notifier
gitlab-npm,https://nexus.mgts.ru/repository/gitlab-npm/,node-plop
gitlab-npm,https://nexus.mgts.ru/repository/gitlab-npm/,node-polyfill-webpack-plugin
gitlab-npm,https://nexus.mgts.ru/repository/gitlab-npm/,node-releases
gitlab-npm,https://nexus.mgts.ru/repository/gitlab-npm/,node-sass
gitlab-npm,https://nexus.mgts.ru/repository/gitlab-npm/,node-status-codes
gitlab-npm,https://nexus.mgts.ru/repository/gitlab-npm/,node-uuid
gitlab-npm,https://nexus.mgts.ru/repository/gitlab-npm/,nodemailer
gitlab-npm,https://nexus.mgts.ru/repository/gitlab-npm/,nopt
gitlab-npm,https://nexus.mgts.ru/repository/gitlab-npm/,normalize-package-data
gitlab-npm,https://nexus.mgts.ru/repository/gitlab-npm/,normalize-path
gitlab-npm,https://nexus.mgts.ru/repository/gitlab-npm/,normalize-range
gitlab-npm,https://nexus.mgts.ru/repository/gitlab-npm/,normalize-url
gitlab-npm,https://nexus.mgts.ru/repository/gitlab-npm/,nosecone
gitlab-npm,https://nexus.mgts.ru/repository/gitlab-npm/,not
gitlab-npm,https://nexus.mgts.ru/repository/gitlab-npm/,now-and-later
gitlab-npm,https://nexus.mgts.ru/repository/gitlab-npm/,npm
gitlab-npm,https://nexus.mgts.ru/repository/gitlab-npm/,npm-bundled
gitlab-npm,https://nexus.mgts.ru/repository/gitlab-npm/,npm-conf
gitlab-npm,https://nexus.mgts.ru/repository/gitlab-npm/,npm-install-checks
gitlab-npm,https://nexus.mgts.ru/repository/gitlab-npm/,npm-normalize-package-bin
gitlab-npm,https://nexus.mgts.ru/repository/gitlab-npm/,npm-package-arg
gitlab-npm,https://nexus.mgts.ru/repository/gitlab-npm/,npm-packlist
gitlab-npm,https://nexus.mgts.ru/repository/gitlab-npm/,npm-pick-manifest
gitlab-npm,https://nexus.mgts.ru/repository/gitlab-npm/,npm-registry-fetch
gitlab-npm,https://nexus.mgts.ru/repository/gitlab-npm/,npm-run-path
gitlab-npm,https://nexus.mgts.ru/repository/gitlab-npm/,npm-to-yarn
gitlab-npm,https://nexus.mgts.ru/repository/gitlab-npm/,npmlog
gitlab-npm,https://nexus.mgts.ru/repository/gitlab-npm/,nth-check
gitlab-npm,https://nexus.mgts.ru/repository/gitlab-npm/,nullthrows
gitlab-npm,https://nexus.mgts.ru/repository/gitlab-npm/,num2fraction
gitlab-npm,https://nexus.mgts.ru/repository/gitlab-npm/,number-is-nan
gitlab-npm,https://nexus.mgts.ru/repository/gitlab-npm/,nuxt
gitlab-npm,https://nexus.mgts.ru/repository/gitlab-npm/,nwsapi
gitlab-npm,https://nexus.mgts.ru/repository/gitlab-npm/,nx
gitlab-npm,https://nexus.mgts.ru/repository/gitlab-npm/,nypm
gitlab-npm,https://nexus.mgts.ru/repository/gitlab-npm/,o-stream
gitlab-npm,https://nexus.mgts.ru/repository/gitlab-npm/,oauth
gitlab-npm,https://nexus.mgts.ru/repository/gitlab-npm/,oauth-sign
gitlab-npm,https://nexus.mgts.ru/repository/gitlab-npm/,ob1
gitlab-npm,https://nexus.mgts.ru/repository/gitlab-npm/,object-assign
gitlab-npm,https://nexus.mgts.ru/repository/gitlab-npm/,object-component
gitlab-npm,https://nexus.mgts.ru/repository/gitlab-npm/,object-copy
gitlab-npm,https://nexus.mgts.ru/repository/gitlab-npm/,object-hash
gitlab-npm,https://nexus.mgts.ru/repository/gitlab-npm/,object-inspect
gitlab-npm,https://nexus.mgts.ru/repository/gitlab-npm/,object-is
gitlab-npm,https://nexus.mgts.ru/repository/gitlab-npm/,object-keys
gitlab-npm,https://nexus.mgts.ru/repository/gitlab-npm/,object-treeify
gitlab-npm,https://nexus.mgts.ru/repository/gitlab-npm/,object-visit
gitlab-npm,https://nexus.mgts.ru/repository/gitlab-npm/,object.assign
gitlab-npm,https://nexus.mgts.ru/repository/gitlab-npm/,object.defaults
gitlab-npm,https://nexus.mgts.ru/repository/gitlab-npm/,object.entries
gitlab-npm,https://nexus.mgts.ru/repository/gitlab-npm/,object.filter
gitlab-npm,https://nexus.mgts.ru/repository/gitlab-npm/,object.fromentries
gitlab-npm,https://nexus.mgts.ru/repository/gitlab-npm/,object.getownpropertydescriptors
gitlab-npm,https://nexus.mgts.ru/repository/gitlab-npm/,object.groupby
gitlab-npm,https://nexus.mgts.ru/repository/gitlab-npm/,object.omit
gitlab-npm,https://nexus.mgts.ru/repository/gitlab-npm/,object.pick
gitlab-npm,https://nexus.mgts.ru/repository/gitlab-npm/,object.reduce
gitlab-npm,https://nexus.mgts.ru/repository/gitlab-npm/,object.values
gitlab-npm,https://nexus.mgts.ru/repository/gitlab-npm/,objectorarray
gitlab-npm,https://nexus.mgts.ru/repository/gitlab-npm/,observable-to-promise
gitlab-npm,https://nexus.mgts.ru/repository/gitlab-npm/,obuf
gitlab-npm,https://nexus.mgts.ru/repository/gitlab-npm/,obug
gitlab-npm,https://nexus.mgts.ru/repository/gitlab-npm/,ohash
gitlab-npm,https://nexus.mgts.ru/repository/gitlab-npm/,oidc-client-ts
gitlab-npm,https://nexus.mgts.ru/repository/gitlab-npm/,oidc-token-hash
gitlab-npm,https://nexus.mgts.ru/repository/gitlab-npm/,ol
gitlab-npm,https://nexus.mgts.ru/repository/gitlab-npm/,on-finished
gitlab-npm,https://nexus.mgts.ru/repository/gitlab-npm/,on-headers
gitlab-npm,https://nexus.mgts.ru/repository/gitlab-npm/,once
gitlab-npm,https://nexus.mgts.ru/repository/gitlab-npm/,onetime
gitlab-npm,https://nexus.mgts.ru/repository/gitlab-npm/,oniguruma-parser
gitlab-npm,https://nexus.mgts.ru/repository/gitlab-npm/,oniguruma-to-es
gitlab-npm,https://nexus.mgts.ru/repository/gitlab-npm/,oniguruma-to-js
gitlab-npm,https://nexus.mgts.ru/repository/gitlab-npm/,open
gitlab-npm,https://nexus.mgts.ru/repository/gitlab-npm/,openai
gitlab-npm,https://nexus.mgts.ru/repository/gitlab-npm/,opener
gitlab-npm,https://nexus.mgts.ru/repository/gitlab-npm/,openid-client
gitlab-npm,https://nexus.mgts.ru/repository/gitlab-npm/,opn
gitlab-npm,https://nexus.mgts.ru/repository/gitlab-npm/,optimist
gitlab-npm,https://nexus.mgts.ru/repository/gitlab-npm/,option-chain
gitlab-npm,https://nexus.mgts.ru/repository/gitlab-npm/,optionator
gitlab-npm,https://nexus.mgts.ru/repository/gitlab-npm/,options
gitlab-npm,https://nexus.mgts.ru/repository/gitlab-npm/,optjs
gitlab-npm,https://nexus.mgts.ru/repository/gitlab-npm/,ora
gitlab-npm,https://nexus.mgts.ru/repository/gitlab-npm/,orderedmap
gitlab-npm,https://nexus.mgts.ru/repository/gitlab-npm/,os-browserify
gitlab-npm,https://nexus.mgts.ru/repository/gitlab-npm/,os-filter-obj
gitlab-npm,https://nexus.mgts.ru/repository/gitlab-npm/,os-homedir
gitlab-npm,https://nexus.mgts.ru/repository/gitlab-npm/,os-locale
gitlab-npm,https://nexus.mgts.ru/repository/gitlab-npm/,os-tmpdir
gitlab-npm,https://nexus.mgts.ru/repository/gitlab-npm/,osenv
gitlab-npm,https://nexus.mgts.ru/repository/gitlab-npm/,ospath
gitlab-npm,https://nexus.mgts.ru/repository/gitlab-npm/,outvariant
gitlab-npm,https://nexus.mgts.ru/repository/gitlab-npm/,overlap-area
gitlab-npm,https://nexus.mgts.ru/repository/gitlab-npm/,own-keys
gitlab-npm,https://nexus.mgts.ru/repository/gitlab-npm/,p-all
gitlab-npm,https://nexus.mgts.ru/repository/gitlab-npm/,p-cancelable
gitlab-npm,https://nexus.mgts.ru/repository/gitlab-npm/,p-event
gitlab-npm,https://nexus.mgts.ru/repository/gitlab-npm/,p-filter
gitlab-npm,https://nexus.mgts.ru/repository/gitlab-npm/,p-finally
gitlab-npm,https://nexus.mgts.ru/repository/gitlab-npm/,p-is-promise
gitlab-npm,https://nexus.mgts.ru/repository/gitlab-npm/,p-limit
gitlab-npm,https://nexus.mgts.ru/repository/gitlab-npm/,p-locate
gitlab-npm,https://nexus.mgts.ru/repository/gitlab-npm/,p-map
gitlab-npm,https://nexus.mgts.ru/repository/gitlab-npm/,p-map-series
gitlab-npm,https://nexus.mgts.ru/repository/gitlab-npm/,p-queue
gitlab-npm,https://nexus.mgts.ru/repository/gitlab-npm/,p-reduce
gitlab-npm,https://nexus.mgts.ru/repository/gitlab-npm/,p-retry
gitlab-npm,https://nexus.mgts.ru/repository/gitlab-npm/,p-timeout
gitlab-npm,https://nexus.mgts.ru/repository/gitlab-npm/,p-try
gitlab-npm,https://nexus.mgts.ru/repository/gitlab-npm/,pac-proxy-agent
gitlab-npm,https://nexus.mgts.ru/repository/gitlab-npm/,pac-resolver
gitlab-npm,https://nexus.mgts.ru/repository/gitlab-npm/,package-hash
gitlab-npm,https://nexus.mgts.ru/repository/gitlab-npm/,package-json
gitlab-npm,https://nexus.mgts.ru/repository/gitlab-npm/,package-json-from-dist
gitlab-npm,https://nexus.mgts.ru/repository/gitlab-npm/,package-manager-detector
gitlab-npm,https://nexus.mgts.ru/repository/gitlab-npm/,pacote
gitlab-npm,https://nexus.mgts.ru/repository/gitlab-npm/,pako
gitlab-npm,https://nexus.mgts.ru/repository/gitlab-npm/,papaparse
gitlab-npm,https://nexus.mgts.ru/repository/gitlab-npm/,parallel-transform
gitlab-npm,https://nexus.mgts.ru/repository/gitlab-npm/,param-case
gitlab-npm,https://nexus.mgts.ru/repository/gitlab-npm/,parent-module
gitlab-npm,https://nexus.mgts.ru/repository/gitlab-npm/,parents
gitlab-npm,https://nexus.mgts.ru/repository/gitlab-npm/,parse-asn1
gitlab-npm,https://nexus.mgts.ru/repository/gitlab-npm/,parse-author
gitlab-npm,https://nexus.mgts.ru/repository/gitlab-npm/,parse-entities
gitlab-npm,https://nexus.mgts.ru/repository/gitlab-npm/,parse-filepath
gitlab-npm,https://nexus.mgts.ru/repository/gitlab-npm/,parse-github-url
gitlab-npm,https://nexus.mgts.ru/repository/gitlab-npm/,parse-glob
gitlab-npm,https://nexus.mgts.ru/repository/gitlab-npm/,parse-headers
gitlab-npm,https://nexus.mgts.ru/repository/gitlab-npm/,parse-json
gitlab-npm,https://nexus.mgts.ru/repository/gitlab-npm/,parse-ms
gitlab-npm,https://nexus.mgts.ru/repository/gitlab-npm/,parse-node-version
gitlab-npm,https://nexus.mgts.ru/repository/gitlab-npm/,parse-numeric-range
gitlab-npm,https://nexus.mgts.ru/repository/gitlab-npm/,parse-passwd
gitlab-npm,https://nexus.mgts.ru/repository/gitlab-npm/,parse-png
gitlab-npm,https://nexus.mgts.ru/repository/gitlab-npm/,parse-srcset
gitlab-npm,https://nexus.mgts.ru/repository/gitlab-npm/,parse5
gitlab-npm,https://nexus.mgts.ru/repository/gitlab-npm/,parse5-html-rewriting-stream
gitlab-npm,https://nexus.mgts.ru/repository/gitlab-npm/,parse5-htmlparser2-tree-adapter
gitlab-npm,https://nexus.mgts.ru/repository/gitlab-npm/,parse5-sax-parser
gitlab-npm,https://nexus.mgts.ru/repository/gitlab-npm/,parsejson
gitlab-npm,https://nexus.mgts.ru/repository/gitlab-npm/,parseley
gitlab-npm,https://nexus.mgts.ru/repository/gitlab-npm/,parseqs
gitlab-npm,https://nexus.mgts.ru/repository/gitlab-npm/,parseuri
gitlab-npm,https://nexus.mgts.ru/repository/gitlab-npm/,parseurl
gitlab-npm,https://nexus.mgts.ru/repository/gitlab-npm/,partyserver
gitlab-npm,https://nexus.mgts.ru/repository/gitlab-npm/,partysocket
gitlab-npm,https://nexus.mgts.ru/repository/gitlab-npm/,pascal-case
gitlab-npm,https://nexus.mgts.ru/repository/gitlab-npm/,pascalcase
gitlab-npm,https://nexus.mgts.ru/repository/gitlab-npm/,path-browserify
gitlab-npm,https://nexus.mgts.ru/repository/gitlab-npm/,path-case
gitlab-npm,https://nexus.mgts.ru/repository/gitlab-npm/,path-data-parser
gitlab-npm,https://nexus.mgts.ru/repository/gitlab-npm/,path-dirname
gitlab-npm,https://nexus.mgts.ru/repository/gitlab-npm/,path-exists
gitlab-npm,https://nexus.mgts.ru/repository/gitlab-npm/,path-is-absolute
gitlab-npm,https://nexus.mgts.ru/repository/gitlab-npm/,path-is-inside
gitlab-npm,https://nexus.mgts.ru/repository/gitlab-npm/,path-key
gitlab-npm,https://nexus.mgts.ru/repository/gitlab-npm/,path-parse
gitlab-npm,https://nexus.mgts.ru/repository/gitlab-npm/,path-platform
gitlab-npm,https://nexus.mgts.ru/repository/gitlab-npm/,path-root
gitlab-npm,https://nexus.mgts.ru/repository/gitlab-npm/,path-root-regex
gitlab-npm,https://nexus.mgts.ru/repository/gitlab-npm/,path-scurry
gitlab-npm,https://nexus.mgts.ru/repository/gitlab-npm/,path-to-regexp
gitlab-npm,https://nexus.mgts.ru/repository/gitlab-npm/,path-type
gitlab-npm,https://nexus.mgts.ru/repository/gitlab-npm/,pathe
gitlab-npm,https://nexus.mgts.ru/repository/gitlab-npm/,pathval
gitlab-npm,https://nexus.mgts.ru/repository/gitlab-npm/,pause-stream
gitlab-npm,https://nexus.mgts.ru/repository/gitlab-npm/,pbf
gitlab-npm,https://nexus.mgts.ru/repository/gitlab-npm/,pbkdf2
gitlab-npm,https://nexus.mgts.ru/repository/gitlab-npm/,pbkdf2-compat
gitlab-npm,https://nexus.mgts.ru/repository/gitlab-npm/,pdfast
gitlab-npm,https://nexus.mgts.ru/repository/gitlab-npm/,peberminta
gitlab-npm,https://nexus.mgts.ru/repository/gitlab-npm/,pend
gitlab-npm,https://nexus.mgts.ru/repository/gitlab-npm/,perfect-debounce
gitlab-npm,https://nexus.mgts.ru/repository/gitlab-npm/,performance-now
gitlab-npm,https://nexus.mgts.ru/repository/gitlab-npm/,pg
gitlab-npm,https://nexus.mgts.ru/repository/gitlab-npm/,pg-cloudflare
gitlab-npm,https://nexus.mgts.ru/repository/gitlab-npm/,pg-connection-string
gitlab-npm,https://nexus.mgts.ru/repository/gitlab-npm/,pg-int8
gitlab-npm,https://nexus.mgts.ru/repository/gitlab-npm/,pg-native
gitlab-npm,https://nexus.mgts.ru/repository/gitlab-npm/,pg-pool
gitlab-npm,https://nexus.mgts.ru/repository/gitlab-npm/,pg-protocol
gitlab-npm,https://nexus.mgts.ru/repository/gitlab-npm/,pg-types
gitlab-npm,https://nexus.mgts.ru/repository/gitlab-npm/,pgpass
gitlab-npm,https://nexus.mgts.ru/repository/gitlab-npm/,phantomjs-prebuilt
gitlab-npm,https://nexus.mgts.ru/repository/gitlab-npm/,phoenix
gitlab-npm,https://nexus.mgts.ru/repository/gitlab-npm/,picocolors
gitlab-npm,https://nexus.mgts.ru/repository/gitlab-npm/,picomatch
gitlab-npm,https://nexus.mgts.ru/repository/gitlab-npm/,pify
gitlab-npm,https://nexus.mgts.ru/repository/gitlab-npm/,pinia
gitlab-npm,https://nexus.mgts.ru/repository/gitlab-npm/,pinkie
gitlab-npm,https://nexus.mgts.ru/repository/gitlab-npm/,pinkie-promise
gitlab-npm,https://nexus.mgts.ru/repository/gitlab-npm/,pirates
gitlab-npm,https://nexus.mgts.ru/repository/gitlab-npm/,piscina
gitlab-npm,https://nexus.mgts.ru/repository/gitlab-npm/,pixelmatch
gitlab-npm,https://nexus.mgts.ru/repository/gitlab-npm/,pkce-challenge
gitlab-npm,https://nexus.mgts.ru/repository/gitlab-npm/,pkg-conf
gitlab-npm,https://nexus.mgts.ru/repository/gitlab-npm/,pkg-config
gitlab-npm,https://nexus.mgts.ru/repository/gitlab-npm/,pkg-dir
gitlab-npm,https://nexus.mgts.ru/repository/gitlab-npm/,pkg-types
gitlab-npm,https://nexus.mgts.ru/repository/gitlab-npm/,pkg-up
gitlab-npm,https://nexus.mgts.ru/repository/gitlab-npm/,playwright
gitlab-npm,https://nexus.mgts.ru/repository/gitlab-npm/,playwright-core
gitlab-npm,https://nexus.mgts.ru/repository/gitlab-npm/,please-upgrade-node
gitlab-npm,https://nexus.mgts.ru/repository/gitlab-npm/,plugin-error
gitlab-npm,https://nexus.mgts.ru/repository/gitlab-npm/,plur
gitlab-npm,https://nexus.mgts.ru/repository/gitlab-npm/,pluralize
gitlab-npm,https://nexus.mgts.ru/repository/gitlab-npm/,pngcrush-bin
gitlab-npm,https://nexus.mgts.ru/repository/gitlab-npm/,pngjs
gitlab-npm,https://nexus.mgts.ru/repository/gitlab-npm/,pngout-bin
gitlab-npm,https://nexus.mgts.ru/repository/gitlab-npm/,pngquant-bin
gitlab-npm,https://nexus.mgts.ru/repository/gitlab-npm/,pnp-webpack-plugin
gitlab-npm,https://nexus.mgts.ru/repository/gitlab-npm/,pnpm
gitlab-npm,https://nexus.mgts.ru/repository/gitlab-npm/,points-on-curve
gitlab-npm,https://nexus.mgts.ru/repository/gitlab-npm/,points-on-path
gitlab-npm,https://nexus.mgts.ru/repository/gitlab-npm/,polished
gitlab-npm,https://nexus.mgts.ru/repository/gitlab-npm/,portfinder
gitlab-npm,https://nexus.mgts.ru/repository/gitlab-npm/,portscanner
gitlab-npm,https://nexus.mgts.ru/repository/gitlab-npm/,posix-character-classes
gitlab-npm,https://nexus.mgts.ru/repository/gitlab-npm/,possible-typed-array-names
gitlab-npm,https://nexus.mgts.ru/repository/gitlab-npm/,postcss
gitlab-npm,https://nexus.mgts.ru/repository/gitlab-npm/,postcss-attribute-case-insensitive
gitlab-npm,https://nexus.mgts.ru/repository/gitlab-npm/,postcss-calc
gitlab-npm,https://nexus.mgts.ru/repository/gitlab-npm/,postcss-clamp
gitlab-npm,https://nexus.mgts.ru/repository/gitlab-npm/,postcss-cli
gitlab-npm,https://nexus.mgts.ru/repository/gitlab-npm/,postcss-color-functional-notation
gitlab-npm,https://nexus.mgts.ru/repository/gitlab-npm/,postcss-color-hex-alpha
gitlab-npm,https://nexus.mgts.ru/repository/gitlab-npm/,postcss-color-rebeccapurple
gitlab-npm,https://nexus.mgts.ru/repository/gitlab-npm/,postcss-colormin
gitlab-npm,https://nexus.mgts.ru/repository/gitlab-npm/,postcss-convert-values
gitlab-npm,https://nexus.mgts.ru/repository/gitlab-npm/,postcss-custom-media
gitlab-npm,https://nexus.mgts.ru/repository/gitlab-npm/,postcss-custom-properties
gitlab-npm,https://nexus.mgts.ru/repository/gitlab-npm/,postcss-custom-selectors
gitlab-npm,https://nexus.mgts.ru/repository/gitlab-npm/,postcss-dir-pseudo-class
gitlab-npm,https://nexus.mgts.ru/repository/gitlab-npm/,postcss-discard-comments
gitlab-npm,https://nexus.mgts.ru/repository/gitlab-npm/,postcss-discard-duplicates
gitlab-npm,https://nexus.mgts.ru/repository/gitlab-npm/,postcss-discard-empty
gitlab-npm,https://nexus.mgts.ru/repository/gitlab-npm/,postcss-discard-overridden
gitlab-npm,https://nexus.mgts.ru/repository/gitlab-npm/,postcss-discard-unused
gitlab-npm,https://nexus.mgts.ru/repository/gitlab-npm/,postcss-double-position-gradients
gitlab-npm,https://nexus.mgts.ru/repository/gitlab-npm/,postcss-env-function
gitlab-npm,https://nexus.mgts.ru/repository/gitlab-npm/,postcss-filter-plugins
gitlab-npm,https://nexus.mgts.ru/repository/gitlab-npm/,postcss-flexbugs-fixes
gitlab-npm,https://nexus.mgts.ru/repository/gitlab-npm/,postcss-focus-visible
gitlab-npm,https://nexus.mgts.ru/repository/gitlab-npm/,postcss-focus-within
gitlab-npm,https://nexus.mgts.ru/repository/gitlab-npm/,postcss-font-variant
gitlab-npm,https://nexus.mgts.ru/repository/gitlab-npm/,postcss-gap-properties
gitlab-npm,https://nexus.mgts.ru/repository/gitlab-npm/,postcss-image-set-function
gitlab-npm,https://nexus.mgts.ru/repository/gitlab-npm/,postcss-import
gitlab-npm,https://nexus.mgts.ru/repository/gitlab-npm/,postcss-initial
gitlab-npm,https://nexus.mgts.ru/repository/gitlab-npm/,postcss-js
gitlab-npm,https://nexus.mgts.ru/repository/gitlab-npm/,postcss-lab-function
gitlab-npm,https://nexus.mgts.ru/repository/gitlab-npm/,postcss-load-config
gitlab-npm,https://nexus.mgts.ru/repository/gitlab-npm/,postcss-loader
gitlab-npm,https://nexus.mgts.ru/repository/gitlab-npm/,postcss-logical
gitlab-npm,https://nexus.mgts.ru/repository/gitlab-npm/,postcss-media-minmax
gitlab-npm,https://nexus.mgts.ru/repository/gitlab-npm/,postcss-media-query-parser
gitlab-npm,https://nexus.mgts.ru/repository/gitlab-npm/,postcss-merge-idents
gitlab-npm,https://nexus.mgts.ru/repository/gitlab-npm/,postcss-merge-longhand
gitlab-npm,https://nexus.mgts.ru/repository/gitlab-npm/,postcss-merge-rules
gitlab-npm,https://nexus.mgts.ru/repository/gitlab-npm/,postcss-message-helpers
gitlab-npm,https://nexus.mgts.ru/repository/gitlab-npm/,postcss-minify-font-values
gitlab-npm,https://nexus.mgts.ru/repository/gitlab-npm/,postcss-minify-gradients
gitlab-npm,https://nexus.mgts.ru/repository/gitlab-npm/,postcss-minify-params
gitlab-npm,https://nexus.mgts.ru/repository/gitlab-npm/,postcss-minify-selectors
gitlab-npm,https://nexus.mgts.ru/repository/gitlab-npm/,postcss-modules-extract-imports
gitlab-npm,https://nexus.mgts.ru/repository/gitlab-npm/,postcss-modules-local-by-default
gitlab-npm,https://nexus.mgts.ru/repository/gitlab-npm/,postcss-modules-scope
gitlab-npm,https://nexus.mgts.ru/repository/gitlab-npm/,postcss-modules-values
gitlab-npm,https://nexus.mgts.ru/repository/gitlab-npm/,postcss-nested
gitlab-npm,https://nexus.mgts.ru/repository/gitlab-npm/,postcss-nesting
gitlab-npm,https://nexus.mgts.ru/repository/gitlab-npm/,postcss-normalize-charset
gitlab-npm,https://nexus.mgts.ru/repository/gitlab-npm/,postcss-normalize-display-values
gitlab-npm,https://nexus.mgts.ru/repository/gitlab-npm/,postcss-normalize-positions
gitlab-npm,https://nexus.mgts.ru/repository/gitlab-npm/,postcss-normalize-repeat-style
gitlab-npm,https://nexus.mgts.ru/repository/gitlab-npm/,postcss-normalize-string
gitlab-npm,https://nexus.mgts.ru/repository/gitlab-npm/,postcss-normalize-timing-functions
gitlab-npm,https://nexus.mgts.ru/repository/gitlab-npm/,postcss-normalize-unicode
gitlab-npm,https://nexus.mgts.ru/repository/gitlab-npm/,postcss-normalize-url
gitlab-npm,https://nexus.mgts.ru/repository/gitlab-npm/,postcss-normalize-whitespace
gitlab-npm,https://nexus.mgts.ru/repository/gitlab-npm/,postcss-opacity-percentage
gitlab-npm,https://nexus.mgts.ru/repository/gitlab-npm/,postcss-ordered-values
gitlab-npm,https://nexus.mgts.ru/repository/gitlab-npm/,postcss-overflow-shorthand
gitlab-npm,https://nexus.mgts.ru/repository/gitlab-npm/,postcss-page-break
gitlab-npm,https://nexus.mgts.ru/repository/gitlab-npm/,postcss-place
gitlab-npm,https://nexus.mgts.ru/repository/gitlab-npm/,postcss-preset-env
gitlab-npm,https://nexus.mgts.ru/repository/gitlab-npm/,postcss-pseudo-class-any-link
gitlab-npm,https://nexus.mgts.ru/repository/gitlab-npm/,postcss-reduce-idents
gitlab-npm,https://nexus.mgts.ru/repository/gitlab-npm/,postcss-reduce-initial
gitlab-npm,https://nexus.mgts.ru/repository/gitlab-npm/,postcss-reduce-transforms
gitlab-npm,https://nexus.mgts.ru/repository/gitlab-npm/,postcss-replace-overflow-wrap
gitlab-npm,https://nexus.mgts.ru/repository/gitlab-npm/,postcss-reporter
gitlab-npm,https://nexus.mgts.ru/repository/gitlab-npm/,postcss-resolve-nested-selector
gitlab-npm,https://nexus.mgts.ru/repository/gitlab-npm/,postcss-safe-parser
gitlab-npm,https://nexus.mgts.ru/repository/gitlab-npm/,postcss-scss
gitlab-npm,https://nexus.mgts.ru/repository/gitlab-npm/,postcss-selector-not
gitlab-npm,https://nexus.mgts.ru/repository/gitlab-npm/,postcss-selector-parser
gitlab-npm,https://nexus.mgts.ru/repository/gitlab-npm/,postcss-svgo
gitlab-npm,https://nexus.mgts.ru/repository/gitlab-npm/,postcss-unique-selectors
gitlab-npm,https://nexus.mgts.ru/repository/gitlab-npm/,postcss-value-parser
gitlab-npm,https://nexus.mgts.ru/repository/gitlab-npm/,postcss-zindex
gitlab-npm,https://nexus.mgts.ru/repository/gitlab-npm/,postgres
gitlab-npm,https://nexus.mgts.ru/repository/gitlab-npm/,postgres-array
gitlab-npm,https://nexus.mgts.ru/repository/gitlab-npm/,postgres-bytea
gitlab-npm,https://nexus.mgts.ru/repository/gitlab-npm/,postgres-date
gitlab-npm,https://nexus.mgts.ru/repository/gitlab-npm/,postgres-interval
gitlab-npm,https://nexus.mgts.ru/repository/gitlab-npm/,posthog-js
gitlab-npm,https://nexus.mgts.ru/repository/gitlab-npm/,posthog-node
gitlab-npm,https://nexus.mgts.ru/repository/gitlab-npm/,power-assert-context-formatter
gitlab-npm,https://nexus.mgts.ru/repository/gitlab-npm/,power-assert-context-traversal
gitlab-npm,https://nexus.mgts.ru/repository/gitlab-npm/,power-assert-renderer-assertion
gitlab-npm,https://nexus.mgts.ru/repository/gitlab-npm/,power-assert-renderer-base
gitlab-npm,https://nexus.mgts.ru/repository/gitlab-npm/,power-assert-renderer-diagram
gitlab-npm,https://nexus.mgts.ru/repository/gitlab-npm/,power-assert-renderer-succinct
gitlab-npm,https://nexus.mgts.ru/repository/gitlab-npm/,power-assert-util-string-width
gitlab-npm,https://nexus.mgts.ru/repository/gitlab-npm/,powershell-utils
gitlab-npm,https://nexus.mgts.ru/repository/gitlab-npm/,preact
gitlab-npm,https://nexus.mgts.ru/repository/gitlab-npm/,preact-render-to-string
gitlab-npm,https://nexus.mgts.ru/repository/gitlab-npm/,preferred-pm
gitlab-npm,https://nexus.mgts.ru/repository/gitlab-npm/,prelude-ls
gitlab-npm,https://nexus.mgts.ru/repository/gitlab-npm/,prepend-http
gitlab-npm,https://nexus.mgts.ru/repository/gitlab-npm/,preserve
gitlab-npm,https://nexus.mgts.ru/repository/gitlab-npm/,prettier
gitlab-npm,https://nexus.mgts.ru/repository/gitlab-npm/,prettier-linter-helpers
gitlab-npm,https://nexus.mgts.ru/repository/gitlab-npm/,pretty-bytes
gitlab-npm,https://nexus.mgts.ru/repository/gitlab-npm/,pretty-error
gitlab-npm,https://nexus.mgts.ru/repository/gitlab-npm/,pretty-format
gitlab-npm,https://nexus.mgts.ru/repository/gitlab-npm/,pretty-hrtime
gitlab-npm,https://nexus.mgts.ru/repository/gitlab-npm/,pretty-ms
gitlab-npm,https://nexus.mgts.ru/repository/gitlab-npm/,prisma
gitlab-npm,https://nexus.mgts.ru/repository/gitlab-npm/,prismjs
gitlab-npm,https://nexus.mgts.ru/repository/gitlab-npm/,private
gitlab-npm,https://nexus.mgts.ru/repository/gitlab-npm/,proc-log
gitlab-npm,https://nexus.mgts.ru/repository/gitlab-npm/,process
gitlab-npm,https://nexus.mgts.ru/repository/gitlab-npm/,process-nextick-args
gitlab-npm,https://nexus.mgts.ru/repository/gitlab-npm/,progress
gitlab-npm,https://nexus.mgts.ru/repository/gitlab-npm/,promise
gitlab-npm,https://nexus.mgts.ru/repository/gitlab-npm/,promise-inflight
gitlab-npm,https://nexus.mgts.ru/repository/gitlab-npm/,promise-nodeify
gitlab-npm,https://nexus.mgts.ru/repository/gitlab-npm/,promise-retry
gitlab-npm,https://nexus.mgts.ru/repository/gitlab-npm/,promise.allsettled
gitlab-npm,https://nexus.mgts.ru/repository/gitlab-npm/,promise.prototype.finally
gitlab-npm,https://nexus.mgts.ru/repository/gitlab-npm/,promisify-call
gitlab-npm,https://nexus.mgts.ru/repository/gitlab-npm/,prompts
gitlab-npm,https://nexus.mgts.ru/repository/gitlab-npm/,prop-types
gitlab-npm,https://nexus.mgts.ru/repository/gitlab-npm/,proper-lockfile
gitlab-npm,https://nexus.mgts.ru/repository/gitlab-npm/,property-expr
gitlab-npm,https://nexus.mgts.ru/repository/gitlab-npm/,property-information
gitlab-npm,https://nexus.mgts.ru/repository/gitlab-npm/,prosemirror-changeset
gitlab-npm,https://nexus.mgts.ru/repository/gitlab-npm/,prosemirror-collab
gitlab-npm,https://nexus.mgts.ru/repository/gitlab-npm/,prosemirror-commands
gitlab-npm,https://nexus.mgts.ru/repository/gitlab-npm/,prosemirror-dropcursor
gitlab-npm,https://nexus.mgts.ru/repository/gitlab-npm/,prosemirror-gapcursor
gitlab-npm,https://nexus.mgts.ru/repository/gitlab-npm/,prosemirror-history
gitlab-npm,https://nexus.mgts.ru/repository/gitlab-npm/,prosemirror-inputrules
gitlab-npm,https://nexus.mgts.ru/repository/gitlab-npm/,prosemirror-keymap
gitlab-npm,https://nexus.mgts.ru/repository/gitlab-npm/,prosemirror-markdown
gitlab-npm,https://nexus.mgts.ru/repository/gitlab-npm/,prosemirror-menu
gitlab-npm,https://nexus.mgts.ru/repository/gitlab-npm/,prosemirror-model
gitlab-npm,https://nexus.mgts.ru/repository/gitlab-npm/,prosemirror-schema-basic
gitlab-npm,https://nexus.mgts.ru/repository/gitlab-npm/,prosemirror-schema-list
gitlab-npm,https://nexus.mgts.ru/repository/gitlab-npm/,prosemirror-state
gitlab-npm,https://nexus.mgts.ru/repository/gitlab-npm/,prosemirror-tables
gitlab-npm,https://nexus.mgts.ru/repository/gitlab-npm/,prosemirror-trailing-node
gitlab-npm,https://nexus.mgts.ru/repository/gitlab-npm/,prosemirror-transform
gitlab-npm,https://nexus.mgts.ru/repository/gitlab-npm/,prosemirror-view
gitlab-npm,https://nexus.mgts.ru/repository/gitlab-npm/,proto-list
gitlab-npm,https://nexus.mgts.ru/repository/gitlab-npm/,protobufjs
gitlab-npm,https://nexus.mgts.ru/repository/gitlab-npm/,protocol-buffers-schema
gitlab-npm,https://nexus.mgts.ru/repository/gitlab-npm/,protractor
gitlab-npm,https://nexus.mgts.ru/repository/gitlab-npm/,proxy-addr
gitlab-npm,https://nexus.mgts.ru/repository/gitlab-npm/,proxy-agent
gitlab-npm,https://nexus.mgts.ru/repository/gitlab-npm/,proxy-from-env
gitlab-npm,https://nexus.mgts.ru/repository/gitlab-npm/,proxying-agent
gitlab-npm,https://nexus.mgts.ru/repository/gitlab-npm/,prr
gitlab-npm,https://nexus.mgts.ru/repository/gitlab-npm/,ps-tree
gitlab-npm,https://nexus.mgts.ru/repository/gitlab-npm/,pseudomap
gitlab-npm,https://nexus.mgts.ru/repository/gitlab-npm/,psl
gitlab-npm,https://nexus.mgts.ru/repository/gitlab-npm/,public-encrypt
gitlab-npm,https://nexus.mgts.ru/repository/gitlab-npm/,pug
gitlab-npm,https://nexus.mgts.ru/repository/gitlab-npm/,pump
gitlab-npm,https://nexus.mgts.ru/repository/gitlab-npm/,pumpify
gitlab-npm,https://nexus.mgts.ru/repository/gitlab-npm/,punycode
gitlab-npm,https://nexus.mgts.ru/repository/gitlab-npm/,punycode.js
gitlab-npm,https://nexus.mgts.ru/repository/gitlab-npm/,puppeteer-core
gitlab-npm,https://nexus.mgts.ru/repository/gitlab-npm/,pure-rand
gitlab-npm,https://nexus.mgts.ru/repository/gitlab-npm/,pusher-js
gitlab-npm,https://nexus.mgts.ru/repository/gitlab-npm/,q
gitlab-npm,https://nexus.mgts.ru/repository/gitlab-npm/,qjobs
gitlab-npm,https://nexus.mgts.ru/repository/gitlab-npm/,qrcode.react
gitlab-npm,https://nexus.mgts.ru/repository/gitlab-npm/,qs
gitlab-npm,https://nexus.mgts.ru/repository/gitlab-npm/,query-string
gitlab-npm,https://nexus.mgts.ru/repository/gitlab-npm/,querystring
gitlab-npm,https://nexus.mgts.ru/repository/gitlab-npm/,querystring-es3
gitlab-npm,https://nexus.mgts.ru/repository/gitlab-npm/,querystringify
gitlab-npm,https://nexus.mgts.ru/repository/gitlab-npm/,queue
gitlab-npm,https://nexus.mgts.ru/repository/gitlab-npm/,queue-microtask
gitlab-npm,https://nexus.mgts.ru/repository/gitlab-npm/,queue-tick
gitlab-npm,https://nexus.mgts.ru/repository/gitlab-npm/,quick-lru
gitlab-npm,https://nexus.mgts.ru/repository/gitlab-npm/,quickselect
gitlab-npm,https://nexus.mgts.ru/repository/gitlab-npm/,radix-ui
gitlab-npm,https://nexus.mgts.ru/repository/gitlab-npm/,ramda
gitlab-npm,https://nexus.mgts.ru/repository/gitlab-npm/,randomatic
gitlab-npm,https://nexus.mgts.ru/repository/gitlab-npm/,randombytes
gitlab-npm,https://nexus.mgts.ru/repository/gitlab-npm/,randomfill
gitlab-npm,https://nexus.mgts.ru/repository/gitlab-npm/,range-parser
gitlab-npm,https://nexus.mgts.ru/repository/gitlab-npm/,raw-body
gitlab-npm,https://nexus.mgts.ru/repository/gitlab-npm/,raw-loader
gitlab-npm,https://nexus.mgts.ru/repository/gitlab-npm/,rbush
gitlab-npm,https://nexus.mgts.ru/repository/gitlab-npm/,rc
gitlab-npm,https://nexus.mgts.ru/repository/gitlab-npm/,rc-cascader
gitlab-npm,https://nexus.mgts.ru/repository/gitlab-npm/,rc-checkbox
gitlab-npm,https://nexus.mgts.ru/repository/gitlab-npm/,rc-collapse
gitlab-npm,https://nexus.mgts.ru/repository/gitlab-npm/,rc-dialog
gitlab-npm,https://nexus.mgts.ru/repository/gitlab-npm/,rc-drawer
gitlab-npm,https://nexus.mgts.ru/repository/gitlab-npm/,rc-dropdown
gitlab-npm,https://nexus.mgts.ru/repository/gitlab-npm/,rc-field-form
gitlab-npm,https://nexus.mgts.ru/repository/gitlab-npm/,rc-image
gitlab-npm,https://nexus.mgts.ru/repository/gitlab-npm/,rc-input
gitlab-npm,https://nexus.mgts.ru/repository/gitlab-npm/,rc-input-number
gitlab-npm,https://nexus.mgts.ru/repository/gitlab-npm/,rc-mentions
gitlab-npm,https://nexus.mgts.ru/repository/gitlab-npm/,rc-menu
gitlab-npm,https://nexus.mgts.ru/repository/gitlab-npm/,rc-motion
gitlab-npm,https://nexus.mgts.ru/repository/gitlab-npm/,rc-notification
gitlab-npm,https://nexus.mgts.ru/repository/gitlab-npm/,rc-overflow
gitlab-npm,https://nexus.mgts.ru/repository/gitlab-npm/,rc-pagination
gitlab-npm,https://nexus.mgts.ru/repository/gitlab-npm/,rc-picker
gitlab-npm,https://nexus.mgts.ru/repository/gitlab-npm/,rc-progress
gitlab-npm,https://nexus.mgts.ru/repository/gitlab-npm/,rc-rate
gitlab-npm,https://nexus.mgts.ru/repository/gitlab-npm/,rc-resize-observer
gitlab-npm,https://nexus.mgts.ru/repository/gitlab-npm/,rc-segmented
gitlab-npm,https://nexus.mgts.ru/repository/gitlab-npm/,rc-select
gitlab-npm,https://nexus.mgts.ru/repository/gitlab-npm/,rc-slider
gitlab-npm,https://nexus.mgts.ru/repository/gitlab-npm/,rc-steps
gitlab-npm,https://nexus.mgts.ru/repository/gitlab-npm/,rc-switch
gitlab-npm,https://nexus.mgts.ru/repository/gitlab-npm/,rc-table
gitlab-npm,https://nexus.mgts.ru/repository/gitlab-npm/,rc-tabs
gitlab-npm,https://nexus.mgts.ru/repository/gitlab-npm/,rc-textarea
gitlab-npm,https://nexus.mgts.ru/repository/gitlab-npm/,rc-tooltip
gitlab-npm,https://nexus.mgts.ru/repository/gitlab-npm/,rc-tree
gitlab-npm,https://nexus.mgts.ru/repository/gitlab-npm/,rc-tree-select
gitlab-npm,https://nexus.mgts.ru/repository/gitlab-npm/,rc-upload
gitlab-npm,https://nexus.mgts.ru/repository/gitlab-npm/,rc-util
gitlab-npm,https://nexus.mgts.ru/repository/gitlab-npm/,rc-virtual-list
gitlab-npm,https://nexus.mgts.ru/repository/gitlab-npm/,rc9
gitlab-npm,https://nexus.mgts.ru/repository/gitlab-npm/,react
gitlab-npm,https://nexus.mgts.ru/repository/gitlab-npm/,react-css-styled
gitlab-npm,https://nexus.mgts.ru/repository/gitlab-npm/,react-day-picker
gitlab-npm,https://nexus.mgts.ru/repository/gitlab-npm/,react-devtools-core
gitlab-npm,https://nexus.mgts.ru/repository/gitlab-npm/,react-docgen
gitlab-npm,https://nexus.mgts.ru/repository/gitlab-npm/,react-docgen-typescript
gitlab-npm,https://nexus.mgts.ru/repository/gitlab-npm/,react-dom
gitlab-npm,https://nexus.mgts.ru/repository/gitlab-npm/,react-dropzone
gitlab-npm,https://nexus.mgts.ru/repository/gitlab-npm/,react-email
gitlab-npm,https://nexus.mgts.ru/repository/gitlab-npm/,react-fast-compare
gitlab-npm,https://nexus.mgts.ru/repository/gitlab-npm/,react-hook-form
gitlab-npm,https://nexus.mgts.ru/repository/gitlab-npm/,react-imask
gitlab-npm,https://nexus.mgts.ru/repository/gitlab-npm/,react-inspector
gitlab-npm,https://nexus.mgts.ru/repository/gitlab-npm/,react-is
gitlab-npm,https://nexus.mgts.ru/repository/gitlab-npm/,react-live-clock
gitlab-npm,https://nexus.mgts.ru/repository/gitlab-npm/,react-markdown
gitlab-npm,https://nexus.mgts.ru/repository/gitlab-npm/,react-merge-refs
gitlab-npm,https://nexus.mgts.ru/repository/gitlab-npm/,react-moveable
gitlab-npm,https://nexus.mgts.ru/repository/gitlab-npm/,react-native
gitlab-npm,https://nexus.mgts.ru/repository/gitlab-npm/,react-native-gesture-handler
gitlab-npm,https://nexus.mgts.ru/repository/gitlab-npm/,react-native-reanimated
gitlab-npm,https://nexus.mgts.ru/repository/gitlab-npm/,react-native-safe-area-context
gitlab-npm,https://nexus.mgts.ru/repository/gitlab-npm/,react-native-screens
gitlab-npm,https://nexus.mgts.ru/repository/gitlab-npm/,react-native-web
gitlab-npm,https://nexus.mgts.ru/repository/gitlab-npm/,react-native-webview
gitlab-npm,https://nexus.mgts.ru/repository/gitlab-npm/,react-native-worklets
gitlab-npm,https://nexus.mgts.ru/repository/gitlab-npm/,react-paginate
gitlab-npm,https://nexus.mgts.ru/repository/gitlab-npm/,react-rating-stars-component
gitlab-npm,https://nexus.mgts.ru/repository/gitlab-npm/,react-reconciler
gitlab-npm,https://nexus.mgts.ru/repository/gitlab-npm/,react-redux
gitlab-npm,https://nexus.mgts.ru/repository/gitlab-npm/,react-refresh
gitlab-npm,https://nexus.mgts.ru/repository/gitlab-npm/,react-remove-scroll
gitlab-npm,https://nexus.mgts.ru/repository/gitlab-npm/,react-remove-scroll-bar
gitlab-npm,https://nexus.mgts.ru/repository/gitlab-npm/,react-resizable-panels
gitlab-npm,https://nexus.mgts.ru/repository/gitlab-npm/,react-router
gitlab-npm,https://nexus.mgts.ru/repository/gitlab-npm/,react-router-dom
gitlab-npm,https://nexus.mgts.ru/repository/gitlab-npm/,react-selecto
gitlab-npm,https://nexus.mgts.ru/repository/gitlab-npm/,react-server-dom-webpack
gitlab-npm,https://nexus.mgts.ru/repository/gitlab-npm/,react-smooth
gitlab-npm,https://nexus.mgts.ru/repository/gitlab-npm/,react-snowfall
gitlab-npm,https://nexus.mgts.ru/repository/gitlab-npm/,react-style-singleton
gitlab-npm,https://nexus.mgts.ru/repository/gitlab-npm/,react-test-renderer
gitlab-npm,https://nexus.mgts.ru/repository/gitlab-npm/,react-transition-group
gitlab-npm,https://nexus.mgts.ru/repository/gitlab-npm/,react-virtual
gitlab-npm,https://nexus.mgts.ru/repository/gitlab-npm/,react-yandex-metrika
gitlab-npm,https://nexus.mgts.ru/repository/gitlab-npm/,read-all-stream
gitlab-npm,https://nexus.mgts.ru/repository/gitlab-npm/,read-cache
gitlab-npm,https://nexus.mgts.ru/repository/gitlab-npm/,read-only-stream
gitlab-npm,https://nexus.mgts.ru/repository/gitlab-npm/,read-package-json-fast
gitlab-npm,https://nexus.mgts.ru/repository/gitlab-npm/,read-pkg
gitlab-npm,https://nexus.mgts.ru/repository/gitlab-npm/,read-pkg-up
gitlab-npm,https://nexus.mgts.ru/repository/gitlab-npm/,readable-stream
gitlab-npm,https://nexus.mgts.ru/repository/gitlab-npm/,readall
gitlab-npm,https://nexus.mgts.ru/repository/gitlab-npm/,readdirp
gitlab-npm,https://nexus.mgts.ru/repository/gitlab-npm/,readline2
gitlab-npm,https://nexus.mgts.ru/repository/gitlab-npm/,recast
gitlab-npm,https://nexus.mgts.ru/repository/gitlab-npm/,recharts
gitlab-npm,https://nexus.mgts.ru/repository/gitlab-npm/,recharts-scale
gitlab-npm,https://nexus.mgts.ru/repository/gitlab-npm/,rechoir
gitlab-npm,https://nexus.mgts.ru/repository/gitlab-npm/,recma-build-jsx
gitlab-npm,https://nexus.mgts.ru/repository/gitlab-npm/,recma-jsx
gitlab-npm,https://nexus.mgts.ru/repository/gitlab-npm/,recma-parse
gitlab-npm,https://nexus.mgts.ru/repository/gitlab-npm/,recma-stringify
gitlab-npm,https://nexus.mgts.ru/repository/gitlab-npm/,redent
gitlab-npm,https://nexus.mgts.ru/repository/gitlab-npm/,redeyed
gitlab-npm,https://nexus.mgts.ru/repository/gitlab-npm/,reduce-css-calc
gitlab-npm,https://nexus.mgts.ru/repository/gitlab-npm/,reduce-flatten
gitlab-npm,https://nexus.mgts.ru/repository/gitlab-npm/,reduce-function-call
gitlab-npm,https://nexus.mgts.ru/repository/gitlab-npm/,redux
gitlab-npm,https://nexus.mgts.ru/repository/gitlab-npm/,redux-thunk
gitlab-npm,https://nexus.mgts.ru/repository/gitlab-npm/,reflect-metadata
gitlab-npm,https://nexus.mgts.ru/repository/gitlab-npm/,reflect.getprototypeof
gitlab-npm,https://nexus.mgts.ru/repository/gitlab-npm/,refractor
gitlab-npm,https://nexus.mgts.ru/repository/gitlab-npm/,regenerate
gitlab-npm,https://nexus.mgts.ru/repository/gitlab-npm/,regenerate-unicode-properties
gitlab-npm,https://nexus.mgts.ru/repository/gitlab-npm/,regenerator-runtime
gitlab-npm,https://nexus.mgts.ru/repository/gitlab-npm/,regenerator-transform
gitlab-npm,https://nexus.mgts.ru/repository/gitlab-npm/,regex
gitlab-npm,https://nexus.mgts.ru/repository/gitlab-npm/,regex-cache
gitlab-npm,https://nexus.mgts.ru/repository/gitlab-npm/,regex-not
gitlab-npm,https://nexus.mgts.ru/repository/gitlab-npm/,regex-parser
gitlab-npm,https://nexus.mgts.ru/repository/gitlab-npm/,regex-recursion
gitlab-npm,https://nexus.mgts.ru/repository/gitlab-npm/,regex-utilities
gitlab-npm,https://nexus.mgts.ru/repository/gitlab-npm/,regexp-to-ast
gitlab-npm,https://nexus.mgts.ru/repository/gitlab-npm/,regexp-tree
gitlab-npm,https://nexus.mgts.ru/repository/gitlab-npm/,regexp.prototype.flags
gitlab-npm,https://nexus.mgts.ru/repository/gitlab-npm/,regexparam
gitlab-npm,https://nexus.mgts.ru/repository/gitlab-npm/,regexpp
gitlab-npm,https://nexus.mgts.ru/repository/gitlab-npm/,regexpu-core
gitlab-npm,https://nexus.mgts.ru/repository/gitlab-npm/,regextras
gitlab-npm,https://nexus.mgts.ru/repository/gitlab-npm/,registry-auth-token
gitlab-npm,https://nexus.mgts.ru/repository/gitlab-npm/,registry-url
gitlab-npm,https://nexus.mgts.ru/repository/gitlab-npm/,regjsgen
gitlab-npm,https://nexus.mgts.ru/repository/gitlab-npm/,regjsparser
gitlab-npm,https://nexus.mgts.ru/repository/gitlab-npm/,rehype
gitlab-npm,https://nexus.mgts.ru/repository/gitlab-npm/,rehype-attr
gitlab-npm,https://nexus.mgts.ru/repository/gitlab-npm/,rehype-autolink-headings
gitlab-npm,https://nexus.mgts.ru/repository/gitlab-npm/,rehype-harden
gitlab-npm,https://nexus.mgts.ru/repository/gitlab-npm/,rehype-ignore
gitlab-npm,https://nexus.mgts.ru/repository/gitlab-npm/,rehype-katex
gitlab-npm,https://nexus.mgts.ru/repository/gitlab-npm/,rehype-parse
gitlab-npm,https://nexus.mgts.ru/repository/gitlab-npm/,rehype-prism-plus
gitlab-npm,https://nexus.mgts.ru/repository/gitlab-npm/,rehype-raw
gitlab-npm,https://nexus.mgts.ru/repository/gitlab-npm/,rehype-recma
gitlab-npm,https://nexus.mgts.ru/repository/gitlab-npm/,rehype-rewrite
gitlab-npm,https://nexus.mgts.ru/repository/gitlab-npm/,rehype-slug
gitlab-npm,https://nexus.mgts.ru/repository/gitlab-npm/,rehype-stringify
gitlab-npm,https://nexus.mgts.ru/repository/gitlab-npm/,relateurl
gitlab-npm,https://nexus.mgts.ru/repository/gitlab-npm/,remark
gitlab-npm,https://nexus.mgts.ru/repository/gitlab-npm/,remark-cjk-friendly
gitlab-npm,https://nexus.mgts.ru/repository/gitlab-npm/,remark-cjk-friendly-gfm-strikethrough
gitlab-npm,https://nexus.mgts.ru/repository/gitlab-npm/,remark-external-links
gitlab-npm,https://nexus.mgts.ru/repository/gitlab-npm/,remark-footnotes
gitlab-npm,https://nexus.mgts.ru/repository/gitlab-npm/,remark-frontmatter
gitlab-npm,https://nexus.mgts.ru/repository/gitlab-npm/,remark-gfm
gitlab-npm,https://nexus.mgts.ru/repository/gitlab-npm/,remark-math
gitlab-npm,https://nexus.mgts.ru/repository/gitlab-npm/,remark-mdx
gitlab-npm,https://nexus.mgts.ru/repository/gitlab-npm/,remark-mdx-frontmatter
gitlab-npm,https://nexus.mgts.ru/repository/gitlab-npm/,remark-parse
gitlab-npm,https://nexus.mgts.ru/repository/gitlab-npm/,remark-rehype
gitlab-npm,https://nexus.mgts.ru/repository/gitlab-npm/,remark-slug
gitlab-npm,https://nexus.mgts.ru/repository/gitlab-npm/,remark-squeeze-paragraphs
gitlab-npm,https://nexus.mgts.ru/repository/gitlab-npm/,remark-stringify
gitlab-npm,https://nexus.mgts.ru/repository/gitlab-npm/,remeda
gitlab-npm,https://nexus.mgts.ru/repository/gitlab-npm/,remend
gitlab-npm,https://nexus.mgts.ru/repository/gitlab-npm/,remove-trailing-separator
gitlab-npm,https://nexus.mgts.ru/repository/gitlab-npm/,renderkid
gitlab-npm,https://nexus.mgts.ru/repository/gitlab-npm/,repeat-element
gitlab-npm,https://nexus.mgts.ru/repository/gitlab-npm/,repeat-string
gitlab-npm,https://nexus.mgts.ru/repository/gitlab-npm/,repeating
gitlab-npm,https://nexus.mgts.ru/repository/gitlab-npm/,replace-ext
gitlab-npm,https://nexus.mgts.ru/repository/gitlab-npm/,replace-homedir
gitlab-npm,https://nexus.mgts.ru/repository/gitlab-npm/,replace-in-file
gitlab-npm,https://nexus.mgts.ru/repository/gitlab-npm/,request
gitlab-npm,https://nexus.mgts.ru/repository/gitlab-npm/,request-light
gitlab-npm,https://nexus.mgts.ru/repository/gitlab-npm/,request-progress
gitlab-npm,https://nexus.mgts.ru/repository/gitlab-npm/,require-directory
gitlab-npm,https://nexus.mgts.ru/repository/gitlab-npm/,require-from-string
gitlab-npm,https://nexus.mgts.ru/repository/gitlab-npm/,require-in-the-middle
gitlab-npm,https://nexus.mgts.ru/repository/gitlab-npm/,require-main-filename
gitlab-npm,https://nexus.mgts.ru/repository/gitlab-npm/,require-precompiled
gitlab-npm,https://nexus.mgts.ru/repository/gitlab-npm/,require-uncached
gitlab-npm,https://nexus.mgts.ru/repository/gitlab-npm/,requireg
gitlab-npm,https://nexus.mgts.ru/repository/gitlab-npm/,requires-port
gitlab-npm,https://nexus.mgts.ru/repository/gitlab-npm/,reselect
gitlab-npm,https://nexus.mgts.ru/repository/gitlab-npm/,resend
gitlab-npm,https://nexus.mgts.ru/repository/gitlab-npm/,resize-detector
gitlab-npm,https://nexus.mgts.ru/repository/gitlab-npm/,resize-observer-polyfill
gitlab-npm,https://nexus.mgts.ru/repository/gitlab-npm/,resolve
gitlab-npm,https://nexus.mgts.ru/repository/gitlab-npm/,resolve-cwd
gitlab-npm,https://nexus.mgts.ru/repository/gitlab-npm/,resolve-dir
gitlab-npm,https://nexus.mgts.ru/repository/gitlab-npm/,resolve-from
gitlab-npm,https://nexus.mgts.ru/repository/gitlab-npm/,resolve-options
gitlab-npm,https://nexus.mgts.ru/repository/gitlab-npm/,resolve-pkg-maps
gitlab-npm,https://nexus.mgts.ru/repository/gitlab-npm/,resolve-protobuf-schema
gitlab-npm,https://nexus.mgts.ru/repository/gitlab-npm/,resolve-url
gitlab-npm,https://nexus.mgts.ru/repository/gitlab-npm/,resolve-url-loader
gitlab-npm,https://nexus.mgts.ru/repository/gitlab-npm/,resolve-workspace-root
gitlab-npm,https://nexus.mgts.ru/repository/gitlab-npm/,resolve.exports
gitlab-npm,https://nexus.mgts.ru/repository/gitlab-npm/,resp-modifier
gitlab-npm,https://nexus.mgts.ru/repository/gitlab-npm/,responselike
gitlab-npm,https://nexus.mgts.ru/repository/gitlab-npm/,restore-cursor
gitlab-npm,https://nexus.mgts.ru/repository/gitlab-npm/,ret
gitlab-npm,https://nexus.mgts.ru/repository/gitlab-npm/,retry
gitlab-npm,https://nexus.mgts.ru/repository/gitlab-npm/,rettime
gitlab-npm,https://nexus.mgts.ru/repository/gitlab-npm/,reusify
gitlab-npm,https://nexus.mgts.ru/repository/gitlab-npm/,rework
gitlab-npm,https://nexus.mgts.ru/repository/gitlab-npm/,rework-visit
gitlab-npm,https://nexus.mgts.ru/repository/gitlab-npm/,rfdc
gitlab-npm,https://nexus.mgts.ru/repository/gitlab-npm/,right-align
gitlab-npm,https://nexus.mgts.ru/repository/gitlab-npm/,rimraf
gitlab-npm,https://nexus.mgts.ru/repository/gitlab-npm/,ripemd160
gitlab-npm,https://nexus.mgts.ru/repository/gitlab-npm/,robust-predicates
gitlab-npm,https://nexus.mgts.ru/repository/gitlab-npm/,rollup
gitlab-npm,https://nexus.mgts.ru/repository/gitlab-npm/,rope-sequence
gitlab-npm,https://nexus.mgts.ru/repository/gitlab-npm/,roughjs
gitlab-npm,https://nexus.mgts.ru/repository/gitlab-npm/,router
gitlab-npm,https://nexus.mgts.ru/repository/gitlab-npm/,rsvp
gitlab-npm,https://nexus.mgts.ru/repository/gitlab-npm/,run-applescript
gitlab-npm,https://nexus.mgts.ru/repository/gitlab-npm/,run-async
gitlab-npm,https://nexus.mgts.ru/repository/gitlab-npm/,run-parallel
gitlab-npm,https://nexus.mgts.ru/repository/gitlab-npm/,run-queue
gitlab-npm,https://nexus.mgts.ru/repository/gitlab-npm/,rw
gitlab-npm,https://nexus.mgts.ru/repository/gitlab-npm/,rx
gitlab-npm,https://nexus.mgts.ru/repository/gitlab-npm/,rx-lite
gitlab-npm,https://nexus.mgts.ru/repository/gitlab-npm/,rxjs
gitlab-npm,https://nexus.mgts.ru/repository/gitlab-npm/,rxjs-for-await
gitlab-npm,https://nexus.mgts.ru/repository/gitlab-npm/,sade
gitlab-npm,https://nexus.mgts.ru/repository/gitlab-npm/,safe-array-concat
gitlab-npm,https://nexus.mgts.ru/repository/gitlab-npm/,safe-buffer
gitlab-npm,https://nexus.mgts.ru/repository/gitlab-npm/,safe-push-apply
gitlab-npm,https://nexus.mgts.ru/repository/gitlab-npm/,safe-regex
gitlab-npm,https://nexus.mgts.ru/repository/gitlab-npm/,safe-regex-test
gitlab-npm,https://nexus.mgts.ru/repository/gitlab-npm/,safe-stable-stringify
gitlab-npm,https://nexus.mgts.ru/repository/gitlab-npm/,safer-buffer
gitlab-npm,https://nexus.mgts.ru/repository/gitlab-npm/,sane
gitlab-npm,https://nexus.mgts.ru/repository/gitlab-npm/,sanitize-html
gitlab-npm,https://nexus.mgts.ru/repository/gitlab-npm/,sass
gitlab-npm,https://nexus.mgts.ru/repository/gitlab-npm/,sass-embedded
gitlab-npm,https://nexus.mgts.ru/repository/gitlab-npm/,sass-graph
gitlab-npm,https://nexus.mgts.ru/repository/gitlab-npm/,sass-loader
gitlab-npm,https://nexus.mgts.ru/repository/gitlab-npm/,saucelabs
gitlab-npm,https://nexus.mgts.ru/repository/gitlab-npm/,sax
gitlab-npm,https://nexus.mgts.ru/repository/gitlab-npm/,saxes
gitlab-npm,https://nexus.mgts.ru/repository/gitlab-npm/,scheduler
gitlab-npm,https://nexus.mgts.ru/repository/gitlab-npm/,schema-dts
gitlab-npm,https://nexus.mgts.ru/repository/gitlab-npm/,schema-utils
gitlab-npm,https://nexus.mgts.ru/repository/gitlab-npm/,scroll-into-view-if-needed
gitlab-npm,https://nexus.mgts.ru/repository/gitlab-npm/,scss-tokenizer
gitlab-npm,https://nexus.mgts.ru/repository/gitlab-npm/,section-matter
gitlab-npm,https://nexus.mgts.ru/repository/gitlab-npm/,secure-json-parse
gitlab-npm,https://nexus.mgts.ru/repository/gitlab-npm/,seek-bzip
gitlab-npm,https://nexus.mgts.ru/repository/gitlab-npm/,selderee
gitlab-npm,https://nexus.mgts.ru/repository/gitlab-npm/,select-hose
gitlab-npm,https://nexus.mgts.ru/repository/gitlab-npm/,selecto
gitlab-npm,https://nexus.mgts.ru/repository/gitlab-npm/,selenium-webdriver
gitlab-npm,https://nexus.mgts.ru/repository/gitlab-npm/,selfsigned
gitlab-npm,https://nexus.mgts.ru/repository/gitlab-npm/,semver
gitlab-npm,https://nexus.mgts.ru/repository/gitlab-npm/,semver-compare
gitlab-npm,https://nexus.mgts.ru/repository/gitlab-npm/,semver-diff
gitlab-npm,https://nexus.mgts.ru/repository/gitlab-npm/,semver-greatest-satisfied-range
gitlab-npm,https://nexus.mgts.ru/repository/gitlab-npm/,semver-regex
gitlab-npm,https://nexus.mgts.ru/repository/gitlab-npm/,semver-truncate
gitlab-npm,https://nexus.mgts.ru/repository/gitlab-npm/,send
gitlab-npm,https://nexus.mgts.ru/repository/gitlab-npm/,sentence-case
gitlab-npm,https://nexus.mgts.ru/repository/gitlab-npm/,seq-queue
gitlab-npm,https://nexus.mgts.ru/repository/gitlab-npm/,serialize-error
gitlab-npm,https://nexus.mgts.ru/repository/gitlab-npm/,serialize-javascript
gitlab-npm,https://nexus.mgts.ru/repository/gitlab-npm/,serve
gitlab-npm,https://nexus.mgts.ru/repository/gitlab-npm/,serve-favicon
gitlab-npm,https://nexus.mgts.ru/repository/gitlab-npm/,serve-handler
gitlab-npm,https://nexus.mgts.ru/repository/gitlab-npm/,serve-index
gitlab-npm,https://nexus.mgts.ru/repository/gitlab-npm/,serve-static
gitlab-npm,https://nexus.mgts.ru/repository/gitlab-npm/,server-destroy
gitlab-npm,https://nexus.mgts.ru/repository/gitlab-npm/,server-only
gitlab-npm,https://nexus.mgts.ru/repository/gitlab-npm/,set-blocking
gitlab-npm,https://nexus.mgts.ru/repository/gitlab-npm/,set-cookie-parser
gitlab-npm,https://nexus.mgts.ru/repository/gitlab-npm/,set-function-length
gitlab-npm,https://nexus.mgts.ru/repository/gitlab-npm/,set-function-name
gitlab-npm,https://nexus.mgts.ru/repository/gitlab-npm/,set-immediate-shim
gitlab-npm,https://nexus.mgts.ru/repository/gitlab-npm/,set-proto
gitlab-npm,https://nexus.mgts.ru/repository/gitlab-npm/,set-value
gitlab-npm,https://nexus.mgts.ru/repository/gitlab-npm/,setimmediate
gitlab-npm,https://nexus.mgts.ru/repository/gitlab-npm/,setprototypeof
gitlab-npm,https://nexus.mgts.ru/repository/gitlab-npm/,sha.js
gitlab-npm,https://nexus.mgts.ru/repository/gitlab-npm/,shadcn
gitlab-npm,https://nexus.mgts.ru/repository/gitlab-npm/,shadcn-ui
gitlab-npm,https://nexus.mgts.ru/repository/gitlab-npm/,shallow-clone
gitlab-npm,https://nexus.mgts.ru/repository/gitlab-npm/,shallowequal
gitlab-npm,https://nexus.mgts.ru/repository/gitlab-npm/,sharp
gitlab-npm,https://nexus.mgts.ru/repository/gitlab-npm/,shasum-object
gitlab-npm,https://nexus.mgts.ru/repository/gitlab-npm/,shebang-command
gitlab-npm,https://nexus.mgts.ru/repository/gitlab-npm/,shebang-regex
gitlab-npm,https://nexus.mgts.ru/repository/gitlab-npm/,shell-quote
gitlab-npm,https://nexus.mgts.ru/repository/gitlab-npm/,shelljs
gitlab-npm,https://nexus.mgts.ru/repository/gitlab-npm/,shiki
gitlab-npm,https://nexus.mgts.ru/repository/gitlab-npm/,side-channel
gitlab-npm,https://nexus.mgts.ru/repository/gitlab-npm/,side-channel-list
gitlab-npm,https://nexus.mgts.ru/repository/gitlab-npm/,side-channel-map
gitlab-npm,https://nexus.mgts.ru/repository/gitlab-npm/,side-channel-weakmap
gitlab-npm,https://nexus.mgts.ru/repository/gitlab-npm/,siginfo
gitlab-npm,https://nexus.mgts.ru/repository/gitlab-npm/,signal-exit
gitlab-npm,https://nexus.mgts.ru/repository/gitlab-npm/,signale
gitlab-npm,https://nexus.mgts.ru/repository/gitlab-npm/,simple-concat
gitlab-npm,https://nexus.mgts.ru/repository/gitlab-npm/,simple-plist
gitlab-npm,https://nexus.mgts.ru/repository/gitlab-npm/,simple-swizzle
gitlab-npm,https://nexus.mgts.ru/repository/gitlab-npm/,simple-wcswidth
gitlab-npm,https://nexus.mgts.ru/repository/gitlab-npm/,sirv
gitlab-npm,https://nexus.mgts.ru/repository/gitlab-npm/,sisteransi
gitlab-npm,https://nexus.mgts.ru/repository/gitlab-npm/,skin-tone
gitlab-npm,https://nexus.mgts.ru/repository/gitlab-npm/,slash
gitlab-npm,https://nexus.mgts.ru/repository/gitlab-npm/,slice-ansi
gitlab-npm,https://nexus.mgts.ru/repository/gitlab-npm/,slide
gitlab-npm,https://nexus.mgts.ru/repository/gitlab-npm/,slugify
gitlab-npm,https://nexus.mgts.ru/repository/gitlab-npm/,smart-buffer
gitlab-npm,https://nexus.mgts.ru/repository/gitlab-npm/,snake-case
gitlab-npm,https://nexus.mgts.ru/repository/gitlab-npm/,snapdragon
gitlab-npm,https://nexus.mgts.ru/repository/gitlab-npm/,snapdragon-node
gitlab-npm,https://nexus.mgts.ru/repository/gitlab-npm/,snapdragon-util
gitlab-npm,https://nexus.mgts.ru/repository/gitlab-npm/,sntp
gitlab-npm,https://nexus.mgts.ru/repository/gitlab-npm/,socket.io
gitlab-npm,https://nexus.mgts.ru/repository/gitlab-npm/,socket.io-adapter
gitlab-npm,https://nexus.mgts.ru/repository/gitlab-npm/,socket.io-client
gitlab-npm,https://nexus.mgts.ru/repository/gitlab-npm/,socket.io-parser
gitlab-npm,https://nexus.mgts.ru/repository/gitlab-npm/,sockjs
gitlab-npm,https://nexus.mgts.ru/repository/gitlab-npm/,sockjs-client
gitlab-npm,https://nexus.mgts.ru/repository/gitlab-npm/,socks
gitlab-npm,https://nexus.mgts.ru/repository/gitlab-npm/,socks-proxy-agent
gitlab-npm,https://nexus.mgts.ru/repository/gitlab-npm/,sonner
gitlab-npm,https://nexus.mgts.ru/repository/gitlab-npm/,sort-keys
gitlab-npm,https://nexus.mgts.ru/repository/gitlab-npm/,sort-keys-length
gitlab-npm,https://nexus.mgts.ru/repository/gitlab-npm/,sortablejs
gitlab-npm,https://nexus.mgts.ru/repository/gitlab-npm/,source-list-map
gitlab-npm,https://nexus.mgts.ru/repository/gitlab-npm/,source-map
gitlab-npm,https://nexus.mgts.ru/repository/gitlab-npm/,source-map-js
gitlab-npm,https://nexus.mgts.ru/repository/gitlab-npm/,source-map-loader
gitlab-npm,https://nexus.mgts.ru/repository/gitlab-npm/,source-map-resolve
gitlab-npm,https://nexus.mgts.ru/repository/gitlab-npm/,source-map-support
gitlab-npm,https://nexus.mgts.ru/repository/gitlab-npm/,source-map-url
gitlab-npm,https://nexus.mgts.ru/repository/gitlab-npm/,sourcemap-codec
gitlab-npm,https://nexus.mgts.ru/repository/gitlab-npm/,space-separated-tokens
gitlab-npm,https://nexus.mgts.ru/repository/gitlab-npm/,sparkles
gitlab-npm,https://nexus.mgts.ru/repository/gitlab-npm/,spawnd
gitlab-npm,https://nexus.mgts.ru/repository/gitlab-npm/,spdx-correct
gitlab-npm,https://nexus.mgts.ru/repository/gitlab-npm/,spdx-exceptions
gitlab-npm,https://nexus.mgts.ru/repository/gitlab-npm/,spdx-expression-parse
gitlab-npm,https://nexus.mgts.ru/repository/gitlab-npm/,spdx-license-ids
gitlab-npm,https://nexus.mgts.ru/repository/gitlab-npm/,spdy
gitlab-npm,https://nexus.mgts.ru/repository/gitlab-npm/,spdy-transport
gitlab-npm,https://nexus.mgts.ru/repository/gitlab-npm/,split
gitlab-npm,https://nexus.mgts.ru/repository/gitlab-npm/,split-on-first
gitlab-npm,https://nexus.mgts.ru/repository/gitlab-npm/,split-string
gitlab-npm,https://nexus.mgts.ru/repository/gitlab-npm/,split2
gitlab-npm,https://nexus.mgts.ru/repository/gitlab-npm/,sprintf-js
gitlab-npm,https://nexus.mgts.ru/repository/gitlab-npm/,sqlstring
gitlab-npm,https://nexus.mgts.ru/repository/gitlab-npm/,squeak
gitlab-npm,https://nexus.mgts.ru/repository/gitlab-npm/,srvx
gitlab-npm,https://nexus.mgts.ru/repository/gitlab-npm/,sshpk
gitlab-npm,https://nexus.mgts.ru/repository/gitlab-npm/,ssim.js
gitlab-npm,https://nexus.mgts.ru/repository/gitlab-npm/,ssri
gitlab-npm,https://nexus.mgts.ru/repository/gitlab-npm/,stable
gitlab-npm,https://nexus.mgts.ru/repository/gitlab-npm/,stable-hash
gitlab-npm,https://nexus.mgts.ru/repository/gitlab-npm/,stack-utils
gitlab-npm,https://nexus.mgts.ru/repository/gitlab-npm/,stackback
gitlab-npm,https://nexus.mgts.ru/repository/gitlab-npm/,stackframe
gitlab-npm,https://nexus.mgts.ru/repository/gitlab-npm/,stacktrace-parser
gitlab-npm,https://nexus.mgts.ru/repository/gitlab-npm/,standard
gitlab-npm,https://nexus.mgts.ru/repository/gitlab-npm/,standard-engine
gitlab-npm,https://nexus.mgts.ru/repository/gitlab-npm/,standardwebhooks
gitlab-npm,https://nexus.mgts.ru/repository/gitlab-npm/,start-server-and-test
gitlab-npm,https://nexus.mgts.ru/repository/gitlab-npm/,state-toggle
gitlab-npm,https://nexus.mgts.ru/repository/gitlab-npm/,static-extend
gitlab-npm,https://nexus.mgts.ru/repository/gitlab-npm/,statuses
gitlab-npm,https://nexus.mgts.ru/repository/gitlab-npm/,std-env
gitlab-npm,https://nexus.mgts.ru/repository/gitlab-npm/,stdin-discarder
gitlab-npm,https://nexus.mgts.ru/repository/gitlab-npm/,steno
gitlab-npm,https://nexus.mgts.ru/repository/gitlab-npm/,stop-iteration-iterator
gitlab-npm,https://nexus.mgts.ru/repository/gitlab-npm/,store2
gitlab-npm,https://nexus.mgts.ru/repository/gitlab-npm/,storybook
gitlab-npm,https://nexus.mgts.ru/repository/gitlab-npm/,stream
gitlab-npm,https://nexus.mgts.ru/repository/gitlab-npm/,stream-browserify
gitlab-npm,https://nexus.mgts.ru/repository/gitlab-npm/,stream-combiner
gitlab-npm,https://nexus.mgts.ru/repository/gitlab-npm/,stream-combiner2
gitlab-npm,https://nexus.mgts.ru/repository/gitlab-npm/,stream-composer
gitlab-npm,https://nexus.mgts.ru/repository/gitlab-npm/,stream-each
gitlab-npm,https://nexus.mgts.ru/repository/gitlab-npm/,stream-exhaust
gitlab-npm,https://nexus.mgts.ru/repository/gitlab-npm/,stream-http
gitlab-npm,https://nexus.mgts.ru/repository/gitlab-npm/,stream-shift
gitlab-npm,https://nexus.mgts.ru/repository/gitlab-npm/,stream-splicer
gitlab-npm,https://nexus.mgts.ru/repository/gitlab-npm/,stream-throttle
gitlab-npm,https://nexus.mgts.ru/repository/gitlab-npm/,streamdown
gitlab-npm,https://nexus.mgts.ru/repository/gitlab-npm/,streaming-json-stringify
gitlab-npm,https://nexus.mgts.ru/repository/gitlab-npm/,streamroller
gitlab-npm,https://nexus.mgts.ru/repository/gitlab-npm/,streamsearch
gitlab-npm,https://nexus.mgts.ru/repository/gitlab-npm/,streamx
gitlab-npm,https://nexus.mgts.ru/repository/gitlab-npm/,strict-event-emitter
gitlab-npm,https://nexus.mgts.ru/repository/gitlab-npm/,strict-uri-encode
gitlab-npm,https://nexus.mgts.ru/repository/gitlab-npm/,string-convert
gitlab-npm,https://nexus.mgts.ru/repository/gitlab-npm/,string-length
gitlab-npm,https://nexus.mgts.ru/repository/gitlab-npm/,string-to-stream
gitlab-npm,https://nexus.mgts.ru/repository/gitlab-npm/,string-width
gitlab-npm,https://nexus.mgts.ru/repository/gitlab-npm/,string.prototype.includes
gitlab-npm,https://nexus.mgts.ru/repository/gitlab-npm/,string.prototype.matchall
gitlab-npm,https://nexus.mgts.ru/repository/gitlab-npm/,string.prototype.padend
gitlab-npm,https://nexus.mgts.ru/repository/gitlab-npm/,string.prototype.padstart
gitlab-npm,https://nexus.mgts.ru/repository/gitlab-npm/,string.prototype.repeat
gitlab-npm,https://nexus.mgts.ru/repository/gitlab-npm/,string.prototype.trim
gitlab-npm,https://nexus.mgts.ru/repository/gitlab-npm/,string.prototype.trimend
gitlab-npm,https://nexus.mgts.ru/repository/gitlab-npm/,string.prototype.trimstart
gitlab-npm,https://nexus.mgts.ru/repository/gitlab-npm/,string_decoder
gitlab-npm,https://nexus.mgts.ru/repository/gitlab-npm/,stringifier
gitlab-npm,https://nexus.mgts.ru/repository/gitlab-npm/,stringify-entities
gitlab-npm,https://nexus.mgts.ru/repository/gitlab-npm/,stringify-object
gitlab-npm,https://nexus.mgts.ru/repository/gitlab-npm/,stringstream
gitlab-npm,https://nexus.mgts.ru/repository/gitlab-npm/,strip-ansi
gitlab-npm,https://nexus.mgts.ru/repository/gitlab-npm/,strip-bom
gitlab-npm,https://nexus.mgts.ru/repository/gitlab-npm/,strip-bom-string
gitlab-npm,https://nexus.mgts.ru/repository/gitlab-npm/,strip-dirs
gitlab-npm,https://nexus.mgts.ru/repository/gitlab-npm/,strip-eof
gitlab-npm,https://nexus.mgts.ru/repository/gitlab-npm/,strip-final-newline
gitlab-npm,https://nexus.mgts.ru/repository/gitlab-npm/,strip-indent
gitlab-npm,https://nexus.mgts.ru/repository/gitlab-npm/,strip-json-comments
gitlab-npm,https://nexus.mgts.ru/repository/gitlab-npm/,strip-outer
gitlab-npm,https://nexus.mgts.ru/repository/gitlab-npm/,stripe
gitlab-npm,https://nexus.mgts.ru/repository/gitlab-npm/,striptags
gitlab-npm,https://nexus.mgts.ru/repository/gitlab-npm/,strnum
gitlab-npm,https://nexus.mgts.ru/repository/gitlab-npm/,strong-log-transformer
gitlab-npm,https://nexus.mgts.ru/repository/gitlab-npm/,structured-headers
gitlab-npm,https://nexus.mgts.ru/repository/gitlab-npm/,stubborn-fs
gitlab-npm,https://nexus.mgts.ru/repository/gitlab-npm/,stubborn-utils
gitlab-npm,https://nexus.mgts.ru/repository/gitlab-npm/,style-dictionary
gitlab-npm,https://nexus.mgts.ru/repository/gitlab-npm/,style-loader
gitlab-npm,https://nexus.mgts.ru/repository/gitlab-npm/,style-search
gitlab-npm,https://nexus.mgts.ru/repository/gitlab-npm/,style-to-js
gitlab-npm,https://nexus.mgts.ru/repository/gitlab-npm/,style-to-object
gitlab-npm,https://nexus.mgts.ru/repository/gitlab-npm/,styled-components
gitlab-npm,https://nexus.mgts.ru/repository/gitlab-npm/,styled-jsx
gitlab-npm,https://nexus.mgts.ru/repository/gitlab-npm/,stylehacks
gitlab-npm,https://nexus.mgts.ru/repository/gitlab-npm/,stylelint
gitlab-npm,https://nexus.mgts.ru/repository/gitlab-npm/,stylelint-config-css-modules
gitlab-npm,https://nexus.mgts.ru/repository/gitlab-npm/,stylelint-config-prettier
gitlab-npm,https://nexus.mgts.ru/repository/gitlab-npm/,stylelint-config-prettier-scss
gitlab-npm,https://nexus.mgts.ru/repository/gitlab-npm/,stylelint-config-recommended
gitlab-npm,https://nexus.mgts.ru/repository/gitlab-npm/,stylelint-config-recommended-scss
gitlab-npm,https://nexus.mgts.ru/repository/gitlab-npm/,stylelint-config-standard
gitlab-npm,https://nexus.mgts.ru/repository/gitlab-npm/,stylelint-config-standard-scss
gitlab-npm,https://nexus.mgts.ru/repository/gitlab-npm/,stylelint-scss
gitlab-npm,https://nexus.mgts.ru/repository/gitlab-npm/,stylis
gitlab-npm,https://nexus.mgts.ru/repository/gitlab-npm/,stylus
gitlab-npm,https://nexus.mgts.ru/repository/gitlab-npm/,stylus-loader
gitlab-npm,https://nexus.mgts.ru/repository/gitlab-npm/,subarg
gitlab-npm,https://nexus.mgts.ru/repository/gitlab-npm/,sucrase
gitlab-npm,https://nexus.mgts.ru/repository/gitlab-npm/,sugarss
gitlab-npm,https://nexus.mgts.ru/repository/gitlab-npm/,sunflower-antd
gitlab-npm,https://nexus.mgts.ru/repository/gitlab-npm/,supports-color
gitlab-npm,https://nexus.mgts.ru/repository/gitlab-npm/,supports-hyperlinks
gitlab-npm,https://nexus.mgts.ru/repository/gitlab-npm/,supports-preserve-symlinks-flag
gitlab-npm,https://nexus.mgts.ru/repository/gitlab-npm/,svelte
gitlab-npm,https://nexus.mgts.ru/repository/gitlab-npm/,sver
gitlab-npm,https://nexus.mgts.ru/repository/gitlab-npm/,svg-pan-zoom
gitlab-npm,https://nexus.mgts.ru/repository/gitlab-npm/,svg-parser
gitlab-npm,https://nexus.mgts.ru/repository/gitlab-npm/,svg-path-parser
gitlab-npm,https://nexus.mgts.ru/repository/gitlab-npm/,svg-tags
gitlab-npm,https://nexus.mgts.ru/repository/gitlab-npm/,svgo
gitlab-npm,https://nexus.mgts.ru/repository/gitlab-npm/,svix
gitlab-npm,https://nexus.mgts.ru/repository/gitlab-npm/,swap-case
gitlab-npm,https://nexus.mgts.ru/repository/gitlab-npm/,swr
gitlab-npm,https://nexus.mgts.ru/repository/gitlab-npm/,symbol
gitlab-npm,https://nexus.mgts.ru/repository/gitlab-npm/,symbol-observable
gitlab-npm,https://nexus.mgts.ru/repository/gitlab-npm/,symbol-tree
gitlab-npm,https://nexus.mgts.ru/repository/gitlab-npm/,symbol.prototype.description
gitlab-npm,https://nexus.mgts.ru/repository/gitlab-npm/,synchronous-promise
gitlab-npm,https://nexus.mgts.ru/repository/gitlab-npm/,synckit
gitlab-npm,https://nexus.mgts.ru/repository/gitlab-npm/,syntax-error
gitlab-npm,https://nexus.mgts.ru/repository/gitlab-npm/,tabbable
gitlab-npm,https://nexus.mgts.ru/repository/gitlab-npm/,table
gitlab-npm,https://nexus.mgts.ru/repository/gitlab-npm/,table-layout
gitlab-npm,https://nexus.mgts.ru/repository/gitlab-npm/,tagged-tag
gitlab-npm,https://nexus.mgts.ru/repository/gitlab-npm/,tailwind-merge
gitlab-npm,https://nexus.mgts.ru/repository/gitlab-npm/,tailwindcss
gitlab-npm,https://nexus.mgts.ru/repository/gitlab-npm/,tapable
gitlab-npm,https://nexus.mgts.ru/repository/gitlab-npm/,tar
gitlab-npm,https://nexus.mgts.ru/repository/gitlab-npm/,tar-stream
gitlab-npm,https://nexus.mgts.ru/repository/gitlab-npm/,tcp-port-used
gitlab-npm,https://nexus.mgts.ru/repository/gitlab-npm/,teex
gitlab-npm,https://nexus.mgts.ru/repository/gitlab-npm/,telejson
gitlab-npm,https://nexus.mgts.ru/repository/gitlab-npm/,temp
gitlab-npm,https://nexus.mgts.ru/repository/gitlab-npm/,temp-dir
gitlab-npm,https://nexus.mgts.ru/repository/gitlab-npm/,tempfile
gitlab-npm,https://nexus.mgts.ru/repository/gitlab-npm/,terminal-link
gitlab-npm,https://nexus.mgts.ru/repository/gitlab-npm/,terser
gitlab-npm,https://nexus.mgts.ru/repository/gitlab-npm/,terser-webpack-plugin
gitlab-npm,https://nexus.mgts.ru/repository/gitlab-npm/,test
gitlab-npm,https://nexus.mgts.ru/repository/gitlab-npm/,test-exclude
gitlab-npm,https://nexus.mgts.ru/repository/gitlab-npm/,text-decoder
gitlab-npm,https://nexus.mgts.ru/repository/gitlab-npm/,text-table
gitlab-npm,https://nexus.mgts.ru/repository/gitlab-npm/,the-argv
gitlab-npm,https://nexus.mgts.ru/repository/gitlab-npm/,thenby
gitlab-npm,https://nexus.mgts.ru/repository/gitlab-npm/,thenify
gitlab-npm,https://nexus.mgts.ru/repository/gitlab-npm/,thenify-all
gitlab-npm,https://nexus.mgts.ru/repository/gitlab-npm/,third-party-capital
gitlab-npm,https://nexus.mgts.ru/repository/gitlab-npm/,throat
gitlab-npm,https://nexus.mgts.ru/repository/gitlab-npm/,throttle-debounce
gitlab-npm,https://nexus.mgts.ru/repository/gitlab-npm/,throttleit
gitlab-npm,https://nexus.mgts.ru/repository/gitlab-npm/,through
gitlab-npm,https://nexus.mgts.ru/repository/gitlab-npm/,through2
gitlab-npm,https://nexus.mgts.ru/repository/gitlab-npm/,thunky
gitlab-npm,https://nexus.mgts.ru/repository/gitlab-npm/,time-require
gitlab-npm,https://nexus.mgts.ru/repository/gitlab-npm/,time-stamp
gitlab-npm,https://nexus.mgts.ru/repository/gitlab-npm/,timed-out
gitlab-npm,https://nexus.mgts.ru/repository/gitlab-npm/,timers
gitlab-npm,https://nexus.mgts.ru/repository/gitlab-npm/,timers-browserify
gitlab-npm,https://nexus.mgts.ru/repository/gitlab-npm/,tinify
gitlab-npm,https://nexus.mgts.ru/repository/gitlab-npm/,tiny-case
gitlab-npm,https://nexus.mgts.ru/repository/gitlab-npm/,tiny-invariant
gitlab-npm,https://nexus.mgts.ru/repository/gitlab-npm/,tinybench
gitlab-npm,https://nexus.mgts.ru/repository/gitlab-npm/,tinycolor2
gitlab-npm,https://nexus.mgts.ru/repository/gitlab-npm/,tinyexec
gitlab-npm,https://nexus.mgts.ru/repository/gitlab-npm/,tinyglobby
gitlab-npm,https://nexus.mgts.ru/repository/gitlab-npm/,tinygradient
gitlab-npm,https://nexus.mgts.ru/repository/gitlab-npm/,tinypool
gitlab-npm,https://nexus.mgts.ru/repository/gitlab-npm/,tinyrainbow
gitlab-npm,https://nexus.mgts.ru/repository/gitlab-npm/,tinyspy
gitlab-npm,https://nexus.mgts.ru/repository/gitlab-npm/,tippy.js
gitlab-npm,https://nexus.mgts.ru/repository/gitlab-npm/,title-case
gitlab-npm,https://nexus.mgts.ru/repository/gitlab-npm/,tldts
gitlab-npm,https://nexus.mgts.ru/repository/gitlab-npm/,tldts-core
gitlab-npm,https://nexus.mgts.ru/repository/gitlab-npm/,tmp
gitlab-npm,https://nexus.mgts.ru/repository/gitlab-npm/,tmpl
gitlab-npm,https://nexus.mgts.ru/repository/gitlab-npm/,to-array
gitlab-npm,https://nexus.mgts.ru/repository/gitlab-npm/,to-arraybuffer
gitlab-npm,https://nexus.mgts.ru/repository/gitlab-npm/,to-buffer
gitlab-npm,https://nexus.mgts.ru/repository/gitlab-npm/,to-fast-properties
gitlab-npm,https://nexus.mgts.ru/repository/gitlab-npm/,to-object-path
gitlab-npm,https://nexus.mgts.ru/repository/gitlab-npm/,to-regex
gitlab-npm,https://nexus.mgts.ru/repository/gitlab-npm/,to-regex-range
gitlab-npm,https://nexus.mgts.ru/repository/gitlab-npm/,to-through
gitlab-npm,https://nexus.mgts.ru/repository/gitlab-npm/,toggle-selection
gitlab-npm,https://nexus.mgts.ru/repository/gitlab-npm/,toidentifier
gitlab-npm,https://nexus.mgts.ru/repository/gitlab-npm/,toml
gitlab-npm,https://nexus.mgts.ru/repository/gitlab-npm/,toposort
gitlab-npm,https://nexus.mgts.ru/repository/gitlab-npm/,toqr
gitlab-npm,https://nexus.mgts.ru/repository/gitlab-npm/,totalist
gitlab-npm,https://nexus.mgts.ru/repository/gitlab-npm/,tough-cookie
gitlab-npm,https://nexus.mgts.ru/repository/gitlab-npm/,tr46
gitlab-npm,https://nexus.mgts.ru/repository/gitlab-npm/,traverse
gitlab-npm,https://nexus.mgts.ru/repository/gitlab-npm/,tree-kill
gitlab-npm,https://nexus.mgts.ru/repository/gitlab-npm/,trim
gitlab-npm,https://nexus.mgts.ru/repository/gitlab-npm/,trim-lines
gitlab-npm,https://nexus.mgts.ru/repository/gitlab-npm/,trim-newlines
gitlab-npm,https://nexus.mgts.ru/repository/gitlab-npm/,trim-repeated
gitlab-npm,https://nexus.mgts.ru/repository/gitlab-npm/,trim-right
gitlab-npm,https://nexus.mgts.ru/repository/gitlab-npm/,trim-trailing-lines
gitlab-npm,https://nexus.mgts.ru/repository/gitlab-npm/,trough
gitlab-npm,https://nexus.mgts.ru/repository/gitlab-npm/,trpc-cli
gitlab-npm,https://nexus.mgts.ru/repository/gitlab-npm/,ts-api-utils
gitlab-npm,https://nexus.mgts.ru/repository/gitlab-npm/,ts-dedent
gitlab-npm,https://nexus.mgts.ru/repository/gitlab-npm/,ts-interface-checker
gitlab-npm,https://nexus.mgts.ru/repository/gitlab-npm/,ts-morph
gitlab-npm,https://nexus.mgts.ru/repository/gitlab-npm/,ts-node
gitlab-npm,https://nexus.mgts.ru/repository/gitlab-npm/,ts-pnp
gitlab-npm,https://nexus.mgts.ru/repository/gitlab-npm/,tsconfig-paths
gitlab-npm,https://nexus.mgts.ru/repository/gitlab-npm/,tsconfig-paths-webpack-plugin
gitlab-npm,https://nexus.mgts.ru/repository/gitlab-npm/,tslib
gitlab-npm,https://nexus.mgts.ru/repository/gitlab-npm/,tsup
gitlab-npm,https://nexus.mgts.ru/repository/gitlab-npm/,tsutils
gitlab-npm,https://nexus.mgts.ru/repository/gitlab-npm/,tsx
gitlab-npm,https://nexus.mgts.ru/repository/gitlab-npm/,tty-browserify
gitlab-npm,https://nexus.mgts.ru/repository/gitlab-npm/,tunnel-agent
gitlab-npm,https://nexus.mgts.ru/repository/gitlab-npm/,turbo
gitlab-npm,https://nexus.mgts.ru/repository/gitlab-npm/,turbo-darwin-64
gitlab-npm,https://nexus.mgts.ru/repository/gitlab-npm/,turbo-darwin-arm64
gitlab-npm,https://nexus.mgts.ru/repository/gitlab-npm/,turbo-linux-64
gitlab-npm,https://nexus.mgts.ru/repository/gitlab-npm/,turbo-linux-arm64
gitlab-npm,https://nexus.mgts.ru/repository/gitlab-npm/,turbo-windows-64
gitlab-npm,https://nexus.mgts.ru/repository/gitlab-npm/,turbo-windows-arm64
gitlab-npm,https://nexus.mgts.ru/repository/gitlab-npm/,tw-animate-css
gitlab-npm,https://nexus.mgts.ru/repository/gitlab-npm/,tweetnacl
gitlab-npm,https://nexus.mgts.ru/repository/gitlab-npm/,type
gitlab-npm,https://nexus.mgts.ru/repository/gitlab-npm/,type-check
gitlab-npm,https://nexus.mgts.ru/repository/gitlab-npm/,type-detect
gitlab-npm,https://nexus.mgts.ru/repository/gitlab-npm/,type-fest
gitlab-npm,https://nexus.mgts.ru/repository/gitlab-npm/,type-is
gitlab-npm,https://nexus.mgts.ru/repository/gitlab-npm/,type-name
gitlab-npm,https://nexus.mgts.ru/repository/gitlab-npm/,typed-array-buffer
gitlab-npm,https://nexus.mgts.ru/repository/gitlab-npm/,typed-array-byte-length
gitlab-npm,https://nexus.mgts.ru/repository/gitlab-npm/,typed-array-byte-offset
gitlab-npm,https://nexus.mgts.ru/repository/gitlab-npm/,typed-array-length
gitlab-npm,https://nexus.mgts.ru/repository/gitlab-npm/,typed-assert
gitlab-npm,https://nexus.mgts.ru/repository/gitlab-npm/,typedarray
gitlab-npm,https://nexus.mgts.ru/repository/gitlab-npm/,typedarray-to-buffer
gitlab-npm,https://nexus.mgts.ru/repository/gitlab-npm/,typedarray.prototype.slice
gitlab-npm,https://nexus.mgts.ru/repository/gitlab-npm/,typeid-js
gitlab-npm,https://nexus.mgts.ru/repository/gitlab-npm/,types-registry
gitlab-npm,https://nexus.mgts.ru/repository/gitlab-npm/,typescript
gitlab-npm,https://nexus.mgts.ru/repository/gitlab-npm/,typescript-eslint
gitlab-npm,https://nexus.mgts.ru/repository/gitlab-npm/,typescript-memoize
gitlab-npm,https://nexus.mgts.ru/repository/gitlab-npm/,typesense
gitlab-npm,https://nexus.mgts.ru/repository/gitlab-npm/,typical
gitlab-npm,https://nexus.mgts.ru/repository/gitlab-npm/,ua-parser-js
gitlab-npm,https://nexus.mgts.ru/repository/gitlab-npm/,uc.micro
gitlab-npm,https://nexus.mgts.ru/repository/gitlab-npm/,ufo
gitlab-npm,https://nexus.mgts.ru/repository/gitlab-npm/,uglify-js
gitlab-npm,https://nexus.mgts.ru/repository/gitlab-npm/,uglify-to-browserify
gitlab-npm,https://nexus.mgts.ru/repository/gitlab-npm/,uid2
gitlab-npm,https://nexus.mgts.ru/repository/gitlab-npm/,uint8array-extras
gitlab-npm,https://nexus.mgts.ru/repository/gitlab-npm/,ultracite
gitlab-npm,https://nexus.mgts.ru/repository/gitlab-npm/,ultron
gitlab-npm,https://nexus.mgts.ru/repository/gitlab-npm/,umd
gitlab-npm,https://nexus.mgts.ru/repository/gitlab-npm/,unbox-primitive
gitlab-npm,https://nexus.mgts.ru/repository/gitlab-npm/,unbzip2-stream
gitlab-npm,https://nexus.mgts.ru/repository/gitlab-npm/,unc-path-regex
gitlab-npm,https://nexus.mgts.ru/repository/gitlab-npm/,uncrypto
gitlab-npm,https://nexus.mgts.ru/repository/gitlab-npm/,undeclared-identifiers
gitlab-npm,https://nexus.mgts.ru/repository/gitlab-npm/,underscore
gitlab-npm,https://nexus.mgts.ru/repository/gitlab-npm/,undertaker
gitlab-npm,https://nexus.mgts.ru/repository/gitlab-npm/,undertaker-registry
gitlab-npm,https://nexus.mgts.ru/repository/gitlab-npm/,undici
gitlab-npm,https://nexus.mgts.ru/repository/gitlab-npm/,undici-types
gitlab-npm,https://nexus.mgts.ru/repository/gitlab-npm/,unfetch
gitlab-npm,https://nexus.mgts.ru/repository/gitlab-npm/,unherit
gitlab-npm,https://nexus.mgts.ru/repository/gitlab-npm/,unicode-canonical-property-names-ecmascript
gitlab-npm,https://nexus.mgts.ru/repository/gitlab-npm/,unicode-emoji-modifier-base
gitlab-npm,https://nexus.mgts.ru/repository/gitlab-npm/,unicode-match-property-ecmascript
gitlab-npm,https://nexus.mgts.ru/repository/gitlab-npm/,unicode-match-property-value-ecmascript
gitlab-npm,https://nexus.mgts.ru/repository/gitlab-npm/,unicode-property-aliases-ecmascript
gitlab-npm,https://nexus.mgts.ru/repository/gitlab-npm/,unicorn-magic
gitlab-npm,https://nexus.mgts.ru/repository/gitlab-npm/,unified
gitlab-npm,https://nexus.mgts.ru/repository/gitlab-npm/,union-value
gitlab-npm,https://nexus.mgts.ru/repository/gitlab-npm/,uniq
gitlab-npm,https://nexus.mgts.ru/repository/gitlab-npm/,uniqs
gitlab-npm,https://nexus.mgts.ru/repository/gitlab-npm/,unique-filename
gitlab-npm,https://nexus.mgts.ru/repository/gitlab-npm/,unique-slug
gitlab-npm,https://nexus.mgts.ru/repository/gitlab-npm/,unique-temp-dir
gitlab-npm,https://nexus.mgts.ru/repository/gitlab-npm/,unist-builder
gitlab-npm,https://nexus.mgts.ru/repository/gitlab-npm/,unist-util-filter
gitlab-npm,https://nexus.mgts.ru/repository/gitlab-npm/,unist-util-find-after
gitlab-npm,https://nexus.mgts.ru/repository/gitlab-npm/,unist-util-generated
gitlab-npm,https://nexus.mgts.ru/repository/gitlab-npm/,unist-util-is
gitlab-npm,https://nexus.mgts.ru/repository/gitlab-npm/,unist-util-position
gitlab-npm,https://nexus.mgts.ru/repository/gitlab-npm/,unist-util-position-from-estree
gitlab-npm,https://nexus.mgts.ru/repository/gitlab-npm/,unist-util-remove
gitlab-npm,https://nexus.mgts.ru/repository/gitlab-npm/,unist-util-remove-position
gitlab-npm,https://nexus.mgts.ru/repository/gitlab-npm/,unist-util-stringify-position
gitlab-npm,https://nexus.mgts.ru/repository/gitlab-npm/,unist-util-visit
gitlab-npm,https://nexus.mgts.ru/repository/gitlab-npm/,unist-util-visit-parents
gitlab-npm,https://nexus.mgts.ru/repository/gitlab-npm/,universal-user-agent
gitlab-npm,https://nexus.mgts.ru/repository/gitlab-npm/,universalify
gitlab-npm,https://nexus.mgts.ru/repository/gitlab-npm/,unpipe
gitlab-npm,https://nexus.mgts.ru/repository/gitlab-npm/,unplugin
gitlab-npm,https://nexus.mgts.ru/repository/gitlab-npm/,unrs-resolver
gitlab-npm,https://nexus.mgts.ru/repository/gitlab-npm/,unset-value
gitlab-npm,https://nexus.mgts.ru/repository/gitlab-npm/,until-async
gitlab-npm,https://nexus.mgts.ru/repository/gitlab-npm/,untildify
gitlab-npm,https://nexus.mgts.ru/repository/gitlab-npm/,unzip-response
gitlab-npm,https://nexus.mgts.ru/repository/gitlab-npm/,upath
gitlab-npm,https://nexus.mgts.ru/repository/gitlab-npm/,update-browserslist-db
gitlab-npm,https://nexus.mgts.ru/repository/gitlab-npm/,update-check
gitlab-npm,https://nexus.mgts.ru/repository/gitlab-npm/,update-notifier
gitlab-npm,https://nexus.mgts.ru/repository/gitlab-npm/,upper-case
gitlab-npm,https://nexus.mgts.ru/repository/gitlab-npm/,upper-case-first
gitlab-npm,https://nexus.mgts.ru/repository/gitlab-npm/,uri-js
gitlab-npm,https://nexus.mgts.ru/repository/gitlab-npm/,urix
gitlab-npm,https://nexus.mgts.ru/repository/gitlab-npm/,url
gitlab-npm,https://nexus.mgts.ru/repository/gitlab-npm/,url-join
gitlab-npm,https://nexus.mgts.ru/repository/gitlab-npm/,url-loader
gitlab-npm,https://nexus.mgts.ru/repository/gitlab-npm/,url-parse
gitlab-npm,https://nexus.mgts.ru/repository/gitlab-npm/,url-parse-lax
gitlab-npm,https://nexus.mgts.ru/repository/gitlab-npm/,url-to-options
gitlab-npm,https://nexus.mgts.ru/repository/gitlab-npm/,urlpattern-polyfill
gitlab-npm,https://nexus.mgts.ru/repository/gitlab-npm/,use
gitlab-npm,https://nexus.mgts.ru/repository/gitlab-npm/,use-callback-ref
gitlab-npm,https://nexus.mgts.ru/repository/gitlab-npm/,use-deep-compare
gitlab-npm,https://nexus.mgts.ru/repository/gitlab-npm/,use-sidecar
gitlab-npm,https://nexus.mgts.ru/repository/gitlab-npm/,use-sync-external-store
gitlab-npm,https://nexus.mgts.ru/repository/gitlab-npm/,user-home
gitlab-npm,https://nexus.mgts.ru/repository/gitlab-npm/,useragent
gitlab-npm,https://nexus.mgts.ru/repository/gitlab-npm/,utf-8-validate
gitlab-npm,https://nexus.mgts.ru/repository/gitlab-npm/,utf8
gitlab-npm,https://nexus.mgts.ru/repository/gitlab-npm/,util
gitlab-npm,https://nexus.mgts.ru/repository/gitlab-npm/,util-deprecate
gitlab-npm,https://nexus.mgts.ru/repository/gitlab-npm/,util.promisify
gitlab-npm,https://nexus.mgts.ru/repository/gitlab-npm/,utila
gitlab-npm,https://nexus.mgts.ru/repository/gitlab-npm/,utils
gitlab-npm,https://nexus.mgts.ru/repository/gitlab-npm/,utils-merge
gitlab-npm,https://nexus.mgts.ru/repository/gitlab-npm/,uuid
gitlab-npm,https://nexus.mgts.ru/repository/gitlab-npm/,uuid-browser
gitlab-npm,https://nexus.mgts.ru/repository/gitlab-npm/,uvu
gitlab-npm,https://nexus.mgts.ru/repository/gitlab-npm/,v8-compile-cache
gitlab-npm,https://nexus.mgts.ru/repository/gitlab-npm/,v8-compile-cache-lib
gitlab-npm,https://nexus.mgts.ru/repository/gitlab-npm/,v8-to-istanbul
gitlab-npm,https://nexus.mgts.ru/repository/gitlab-npm/,v8flags
gitlab-npm,https://nexus.mgts.ru/repository/gitlab-npm/,valibot
gitlab-npm,https://nexus.mgts.ru/repository/gitlab-npm/,validate-npm-package-license
gitlab-npm,https://nexus.mgts.ru/repository/gitlab-npm/,validate-npm-package-name
gitlab-npm,https://nexus.mgts.ru/repository/gitlab-npm/,value-or-function
gitlab-npm,https://nexus.mgts.ru/repository/gitlab-npm/,vary
gitlab-npm,https://nexus.mgts.ru/repository/gitlab-npm/,vaul
gitlab-npm,https://nexus.mgts.ru/repository/gitlab-npm/,vendors
gitlab-npm,https://nexus.mgts.ru/repository/gitlab-npm/,verror
gitlab-npm,https://nexus.mgts.ru/repository/gitlab-npm/,vfile
gitlab-npm,https://nexus.mgts.ru/repository/gitlab-npm/,vfile-location
gitlab-npm,https://nexus.mgts.ru/repository/gitlab-npm/,vfile-message
gitlab-npm,https://nexus.mgts.ru/repository/gitlab-npm/,victory-vendor
gitlab-npm,https://nexus.mgts.ru/repository/gitlab-npm/,vinyl
gitlab-npm,https://nexus.mgts.ru/repository/gitlab-npm/,vinyl-contents
gitlab-npm,https://nexus.mgts.ru/repository/gitlab-npm/,vinyl-fs
gitlab-npm,https://nexus.mgts.ru/repository/gitlab-npm/,vinyl-sourcemap
gitlab-npm,https://nexus.mgts.ru/repository/gitlab-npm/,vinyl-sourcemaps-apply
gitlab-npm,https://nexus.mgts.ru/repository/gitlab-npm/,vite
gitlab-npm,https://nexus.mgts.ru/repository/gitlab-npm/,vite-node
gitlab-npm,https://nexus.mgts.ru/repository/gitlab-npm/,vitest
gitlab-npm,https://nexus.mgts.ru/repository/gitlab-npm/,vlq
gitlab-npm,https://nexus.mgts.ru/repository/gitlab-npm/,vm-browserify
gitlab-npm,https://nexus.mgts.ru/repository/gitlab-npm/,void-elements
gitlab-npm,https://nexus.mgts.ru/repository/gitlab-npm/,vscode-css-languageservice
gitlab-npm,https://nexus.mgts.ru/repository/gitlab-npm/,vscode-html-languageservice
gitlab-npm,https://nexus.mgts.ru/repository/gitlab-npm/,vscode-json-languageservice
gitlab-npm,https://nexus.mgts.ru/repository/gitlab-npm/,vscode-jsonrpc
gitlab-npm,https://nexus.mgts.ru/repository/gitlab-npm/,vscode-langservers-extracted
gitlab-npm,https://nexus.mgts.ru/repository/gitlab-npm/,vscode-languageserver
gitlab-npm,https://nexus.mgts.ru/repository/gitlab-npm/,vscode-languageserver-protocol
gitlab-npm,https://nexus.mgts.ru/repository/gitlab-npm/,vscode-languageserver-textdocument
gitlab-npm,https://nexus.mgts.ru/repository/gitlab-npm/,vscode-languageserver-types
gitlab-npm,https://nexus.mgts.ru/repository/gitlab-npm/,vscode-markdown-languageservice
gitlab-npm,https://nexus.mgts.ru/repository/gitlab-npm/,vscode-nls
gitlab-npm,https://nexus.mgts.ru/repository/gitlab-npm/,vscode-uri
gitlab-npm,https://nexus.mgts.ru/repository/gitlab-npm/,vue
gitlab-npm,https://nexus.mgts.ru/repository/gitlab-npm/,vue-axios
gitlab-npm,https://nexus.mgts.ru/repository/gitlab-npm/,vue-component-type-helpers
gitlab-npm,https://nexus.mgts.ru/repository/gitlab-npm/,vue-cookies
gitlab-npm,https://nexus.mgts.ru/repository/gitlab-npm/,vue-demi
gitlab-npm,https://nexus.mgts.ru/repository/gitlab-npm/,vue-eslint-parser
gitlab-npm,https://nexus.mgts.ru/repository/gitlab-npm/,vue-i18n
gitlab-npm,https://nexus.mgts.ru/repository/gitlab-npm/,vue-router
gitlab-npm,https://nexus.mgts.ru/repository/gitlab-npm/,vuedraggable
gitlab-npm,https://nexus.mgts.ru/repository/gitlab-npm/,vuex
gitlab-npm,https://nexus.mgts.ru/repository/gitlab-npm/,w3c-hr-time
gitlab-npm,https://nexus.mgts.ru/repository/gitlab-npm/,w3c-keyname
gitlab-npm,https://nexus.mgts.ru/repository/gitlab-npm/,w3c-xmlserializer
gitlab-npm,https://nexus.mgts.ru/repository/gitlab-npm/,wait-on
gitlab-npm,https://nexus.mgts.ru/repository/gitlab-npm/,waku
gitlab-npm,https://nexus.mgts.ru/repository/gitlab-npm/,walker
gitlab-npm,https://nexus.mgts.ru/repository/gitlab-npm/,warn-once
gitlab-npm,https://nexus.mgts.ru/repository/gitlab-npm/,warning
gitlab-npm,https://nexus.mgts.ru/repository/gitlab-npm/,wasm-feature-detect
gitlab-npm,https://nexus.mgts.ru/repository/gitlab-npm/,watchpack
gitlab-npm,https://nexus.mgts.ru/repository/gitlab-npm/,watchpack-chokidar2
gitlab-npm,https://nexus.mgts.ru/repository/gitlab-npm/,wbuf
gitlab-npm,https://nexus.mgts.ru/repository/gitlab-npm/,wcwidth
gitlab-npm,https://nexus.mgts.ru/repository/gitlab-npm/,web-namespaces
gitlab-npm,https://nexus.mgts.ru/repository/gitlab-npm/,web-streams-polyfill
gitlab-npm,https://nexus.mgts.ru/repository/gitlab-npm/,web-vitals
gitlab-npm,https://nexus.mgts.ru/repository/gitlab-npm/,web-worker
gitlab-npm,https://nexus.mgts.ru/repository/gitlab-npm/,webdriver-js-extender
gitlab-npm,https://nexus.mgts.ru/repository/gitlab-npm/,webdriver-manager
gitlab-npm,https://nexus.mgts.ru/repository/gitlab-npm/,webdriverio
gitlab-npm,https://nexus.mgts.ru/repository/gitlab-npm/,webidl-conversions
gitlab-npm,https://nexus.mgts.ru/repository/gitlab-npm/,webpack
gitlab-npm,https://nexus.mgts.ru/repository/gitlab-npm/,webpack-bundle-analyzer
gitlab-npm,https://nexus.mgts.ru/repository/gitlab-npm/,webpack-cli
gitlab-npm,https://nexus.mgts.ru/repository/gitlab-npm/,webpack-core
gitlab-npm,https://nexus.mgts.ru/repository/gitlab-npm/,webpack-dev-middleware
gitlab-npm,https://nexus.mgts.ru/repository/gitlab-npm/,webpack-dev-server
gitlab-npm,https://nexus.mgts.ru/repository/gitlab-npm/,webpack-filter-warnings-plugin
gitlab-npm,https://nexus.mgts.ru/repository/gitlab-npm/,webpack-hot-middleware
gitlab-npm,https://nexus.mgts.ru/repository/gitlab-npm/,webpack-log
gitlab-npm,https://nexus.mgts.ru/repository/gitlab-npm/,webpack-merge
gitlab-npm,https://nexus.mgts.ru/repository/gitlab-npm/,webpack-plugin-serve
gitlab-npm,https://nexus.mgts.ru/repository/gitlab-npm/,webpack-sources
gitlab-npm,https://nexus.mgts.ru/repository/gitlab-npm/,webpack-subresource-integrity
gitlab-npm,https://nexus.mgts.ru/repository/gitlab-npm/,webpack-virtual-modules
gitlab-npm,https://nexus.mgts.ru/repository/gitlab-npm/,websocket-driver
gitlab-npm,https://nexus.mgts.ru/repository/gitlab-npm/,websocket-extensions
gitlab-npm,https://nexus.mgts.ru/repository/gitlab-npm/,whatwg-encoding
gitlab-npm,https://nexus.mgts.ru/repository/gitlab-npm/,whatwg-fetch
gitlab-npm,https://nexus.mgts.ru/repository/gitlab-npm/,whatwg-mimetype
gitlab-npm,https://nexus.mgts.ru/repository/gitlab-npm/,whatwg-url
gitlab-npm,https://nexus.mgts.ru/repository/gitlab-npm/,whatwg-url-minimum
gitlab-npm,https://nexus.mgts.ru/repository/gitlab-npm/,when-exit
gitlab-npm,https://nexus.mgts.ru/repository/gitlab-npm/,whet.extend
gitlab-npm,https://nexus.mgts.ru/repository/gitlab-npm/,which
gitlab-npm,https://nexus.mgts.ru/repository/gitlab-npm/,which-boxed-primitive
gitlab-npm,https://nexus.mgts.ru/repository/gitlab-npm/,which-builtin-type
gitlab-npm,https://nexus.mgts.ru/repository/gitlab-npm/,which-collection
gitlab-npm,https://nexus.mgts.ru/repository/gitlab-npm/,which-module
gitlab-npm,https://nexus.mgts.ru/repository/gitlab-npm/,which-pm
gitlab-npm,https://nexus.mgts.ru/repository/gitlab-npm/,which-typed-array
gitlab-npm,https://nexus.mgts.ru/repository/gitlab-npm/,why-is-node-running
gitlab-npm,https://nexus.mgts.ru/repository/gitlab-npm/,wide-align
gitlab-npm,https://nexus.mgts.ru/repository/gitlab-npm/,widest-line
gitlab-npm,https://nexus.mgts.ru/repository/gitlab-npm/,wildcard
gitlab-npm,https://nexus.mgts.ru/repository/gitlab-npm/,window-size
gitlab-npm,https://nexus.mgts.ru/repository/gitlab-npm/,with-callback
gitlab-npm,https://nexus.mgts.ru/repository/gitlab-npm/,word-wrap
gitlab-npm,https://nexus.mgts.ru/repository/gitlab-npm/,wordwrap
gitlab-npm,https://nexus.mgts.ru/repository/gitlab-npm/,wordwrapjs
gitlab-npm,https://nexus.mgts.ru/repository/gitlab-npm/,worker-farm
gitlab-npm,https://nexus.mgts.ru/repository/gitlab-npm/,worker-rpc
gitlab-npm,https://nexus.mgts.ru/repository/gitlab-npm/,wrap-ansi
gitlab-npm,https://nexus.mgts.ru/repository/gitlab-npm/,wrappy
gitlab-npm,https://nexus.mgts.ru/repository/gitlab-npm/,write
gitlab-npm,https://nexus.mgts.ru/repository/gitlab-npm/,write-file-atomic
gitlab-npm,https://nexus.mgts.ru/repository/gitlab-npm/,write-json-file
gitlab-npm,https://nexus.mgts.ru/repository/gitlab-npm/,write-pkg
gitlab-npm,https://nexus.mgts.ru/repository/gitlab-npm/,ws
gitlab-npm,https://nexus.mgts.ru/repository/gitlab-npm/,wsl-utils
gitlab-npm,https://nexus.mgts.ru/repository/gitlab-npm/,x-default-browser
gitlab-npm,https://nexus.mgts.ru/repository/gitlab-npm/,xcode
gitlab-npm,https://nexus.mgts.ru/repository/gitlab-npm/,xdg-basedir
gitlab-npm,https://nexus.mgts.ru/repository/gitlab-npm/,xml-name-validator
gitlab-npm,https://nexus.mgts.ru/repository/gitlab-npm/,xml-utils
gitlab-npm,https://nexus.mgts.ru/repository/gitlab-npm/,xml2js
gitlab-npm,https://nexus.mgts.ru/repository/gitlab-npm/,xmlbuilder
gitlab-npm,https://nexus.mgts.ru/repository/gitlab-npm/,xmlchars
gitlab-npm,https://nexus.mgts.ru/repository/gitlab-npm/,xmlhttprequest-ssl
gitlab-npm,https://nexus.mgts.ru/repository/gitlab-npm/,xtend
gitlab-npm,https://nexus.mgts.ru/repository/gitlab-npm/,y18n
gitlab-npm,https://nexus.mgts.ru/repository/gitlab-npm/,yallist
gitlab-npm,https://nexus.mgts.ru/repository/gitlab-npm/,yaml
gitlab-npm,https://nexus.mgts.ru/repository/gitlab-npm/,yaml-language-server
gitlab-npm,https://nexus.mgts.ru/repository/gitlab-npm/,yargs
gitlab-npm,https://nexus.mgts.ru/repository/gitlab-npm/,yargs-parser
gitlab-npm,https://nexus.mgts.ru/repository/gitlab-npm/,yarn
gitlab-npm,https://nexus.mgts.ru/repository/gitlab-npm/,yauzl
gitlab-npm,https://nexus.mgts.ru/repository/gitlab-npm/,yeast
gitlab-npm,https://nexus.mgts.ru/repository/gitlab-npm/,yn
gitlab-npm,https://nexus.mgts.ru/repository/gitlab-npm/,yocto-queue
gitlab-npm,https://nexus.mgts.ru/repository/gitlab-npm/,yoctocolors
gitlab-npm,https://nexus.mgts.ru/repository/gitlab-npm/,yoctocolors-cjs
gitlab-npm,https://nexus.mgts.ru/repository/gitlab-npm/,yup
gitlab-npm,https://nexus.mgts.ru/repository/gitlab-npm/,zeptomatch
gitlab-npm,https://nexus.mgts.ru/repository/gitlab-npm/,zod
gitlab-npm,https://nexus.mgts.ru/repository/gitlab-npm/,zod-to-json-schema
gitlab-npm,https://nexus.mgts.ru/repository/gitlab-npm/,zod-validation-error
gitlab-npm,https://nexus.mgts.ru/repository/gitlab-npm/,zone.js
gitlab-npm,https://nexus.mgts.ru/repository/gitlab-npm/,zstddec
gitlab-npm,https://nexus.mgts.ru/repository/gitlab-npm/,zustand
gitlab-npm,https://nexus.mgts.ru/repository/gitlab-npm/,zwitch
npm-mts-design,https://nexus.mgts.ru/repository/npm-mts-design/,@mts-ds
npmjs,https://nexus.mgts.ru/repository/npmjs/,@adobe
npmjs,https://nexus.mgts.ru/repository/npmjs/,@ag-grid-community
npmjs,https://nexus.mgts.ru/repository/npmjs/,@aliemir
npmjs,https://nexus.mgts.ru/repository/npmjs/,@alloc
npmjs,https://nexus.mgts.ru/repository/npmjs/,@ampproject
npmjs,https://nexus.mgts.ru/repository/npmjs/,@angular
npmjs,https://nexus.mgts.ru/repository/npmjs/,@angular-devkit
npmjs,https://nexus.mgts.ru/repository/npmjs/,@angular-eslint
npmjs,https://nexus.mgts.ru/repository/npmjs/,@ant-design
npmjs,https://nexus.mgts.ru/repository/npmjs/,@antv
npmjs,https://nexus.mgts.ru/repository/npmjs/,@apideck
npmjs,https://nexus.mgts.ru/repository/npmjs/,@apidevtools
npmjs,https://nexus.mgts.ru/repository/npmjs/,@asamuzakjp
npmjs,https://nexus.mgts.ru/repository/npmjs/,@assemblyscript
npmjs,https://nexus.mgts.ru/repository/npmjs/,@auth
npmjs,https://nexus.mgts.ru/repository/npmjs/,@babel
npmjs,https://nexus.mgts.ru/repository/npmjs/,@base2
npmjs,https://nexus.mgts.ru/repository/npmjs/,@bazel
npmjs,https://nexus.mgts.ru/repository/npmjs/,@bcoe
npmjs,https://nexus.mgts.ru/repository/npmjs/,@bufbuild
npmjs,https://nexus.mgts.ru/repository/npmjs/,@chevrotain
npmjs,https://nexus.mgts.ru/repository/npmjs/,@chromatic-com
npmjs,https://nexus.mgts.ru/repository/npmjs/,@clack
npmjs,https://nexus.mgts.ru/repository/npmjs/,@cnakazawa
npmjs,https://nexus.mgts.ru/repository/npmjs/,@colors
npmjs,https://nexus.mgts.ru/repository/npmjs/,@csstools
npmjs,https://nexus.mgts.ru/repository/npmjs/,@ctrl
npmjs,https://nexus.mgts.ru/repository/npmjs/,@date-fns
npmjs,https://nexus.mgts.ru/repository/npmjs/,@design-systems
npmjs,https://nexus.mgts.ru/repository/npmjs/,@devtools-ds
npmjs,https://nexus.mgts.ru/repository/npmjs/,@discoveryjs
npmjs,https://nexus.mgts.ru/repository/npmjs/,@dnd-kit
npmjs,https://nexus.mgts.ru/repository/npmjs/,@dual-bundle
npmjs,https://nexus.mgts.ru/repository/npmjs/,@electric-sql
npmjs,https://nexus.mgts.ru/repository/npmjs/,@emnapi
npmjs,https://nexus.mgts.ru/repository/npmjs/,@emotion
npmjs,https://nexus.mgts.ru/repository/npmjs/,@es-joy
npmjs,https://nexus.mgts.ru/repository/npmjs/,@esbuild
npmjs,https://nexus.mgts.ru/repository/npmjs/,@eslint
npmjs,https://nexus.mgts.ru/repository/npmjs/,@eslint-community
npmjs,https://nexus.mgts.ru/repository/npmjs/,@expo
npmjs,https://nexus.mgts.ru/repository/npmjs/,@faker-js
npmjs,https://nexus.mgts.ru/repository/npmjs/,@floating-ui
npmjs,https://nexus.mgts.ru/repository/npmjs/,@fontsource
npmjs,https://nexus.mgts.ru/repository/npmjs/,@formatjs
npmjs,https://nexus.mgts.ru/repository/npmjs/,@gar
npmjs,https://nexus.mgts.ru/repository/npmjs/,@go-task
npmjs,https://nexus.mgts.ru/repository/npmjs/,@gulpjs
npmjs,https://nexus.mgts.ru/repository/npmjs/,@hapi
npmjs,https://nexus.mgts.ru/repository/npmjs/,@hono
npmjs,https://nexus.mgts.ru/repository/npmjs/,@hookform
npmjs,https://nexus.mgts.ru/repository/npmjs/,@humanfs
npmjs,https://nexus.mgts.ru/repository/npmjs/,@humanwhocodes
npmjs,https://nexus.mgts.ru/repository/npmjs/,@img
npmjs,https://nexus.mgts.ru/repository/npmjs/,@inquirer
npmjs,https://nexus.mgts.ru/repository/npmjs/,@intlify
npmjs,https://nexus.mgts.ru/repository/npmjs/,@isaacs
npmjs,https://nexus.mgts.ru/repository/npmjs/,@istanbuljs
npmjs,https://nexus.mgts.ru/repository/npmjs/,@jest
npmjs,https://nexus.mgts.ru/repository/npmjs/,@joshwooding
npmjs,https://nexus.mgts.ru/repository/npmjs/,@jridgewell
npmjs,https://nexus.mgts.ru/repository/npmjs/,@jsonjoy.com
npmjs,https://nexus.mgts.ru/repository/npmjs/,@leichtgewicht
npmjs,https://nexus.mgts.ru/repository/npmjs/,@lydell
npmjs,https://nexus.mgts.ru/repository/npmjs/,@mapbox
npmjs,https://nexus.mgts.ru/repository/npmjs/,@mdi
npmjs,https://nexus.mgts.ru/repository/npmjs/,@mdx-js
npmjs,https://nexus.mgts.ru/repository/npmjs/,@module-federation
npmjs,https://nexus.mgts.ru/repository/npmjs/,@mrleebo
npmjs,https://nexus.mgts.ru/repository/npmjs/,@mrmlnc
npmjs,https://nexus.mgts.ru/repository/npmjs/,@napi-rs
npmjs,https://nexus.mgts.ru/repository/npmjs/,@next
npmjs,https://nexus.mgts.ru/repository/npmjs/,@ng-util
npmjs,https://nexus.mgts.ru/repository/npmjs/,@ngneat
npmjs,https://nexus.mgts.ru/repository/npmjs/,@ngtools
npmjs,https://nexus.mgts.ru/repository/npmjs/,@nicolo-ribaudo
npmjs,https://nexus.mgts.ru/repository/npmjs/,@nodelib
npmjs,https://nexus.mgts.ru/repository/npmjs/,@nolyfill
npmjs,https://nexus.mgts.ru/repository/npmjs/,@npmcli
npmjs,https://nexus.mgts.ru/repository/npmjs/,@nrwl
npmjs,https://nexus.mgts.ru/repository/npmjs/,@onlyoffice
npmjs,https://nexus.mgts.ru/repository/npmjs/,@opentelemetry
npmjs,https://nexus.mgts.ru/repository/npmjs/,@panva
npmjs,https://nexus.mgts.ru/repository/npmjs/,@parcel
npmjs,https://nexus.mgts.ru/repository/npmjs/,@petamoriken
npmjs,https://nexus.mgts.ru/repository/npmjs/,@phenomnomnominal
npmjs,https://nexus.mgts.ru/repository/npmjs/,@pkgjs
npmjs,https://nexus.mgts.ru/repository/npmjs/,@pkgr
npmjs,https://nexus.mgts.ru/repository/npmjs/,@playwright
npmjs,https://nexus.mgts.ru/repository/npmjs/,@pmmmwh
npmjs,https://nexus.mgts.ru/repository/npmjs/,@polka
npmjs,https://nexus.mgts.ru/repository/npmjs/,@popperjs
npmjs,https://nexus.mgts.ru/repository/npmjs/,@prisma
npmjs,https://nexus.mgts.ru/repository/npmjs/,@qwen-code
npmjs,https://nexus.mgts.ru/repository/npmjs/,@radix-ui
npmjs,https://nexus.mgts.ru/repository/npmjs/,@rc-component
npmjs,https://nexus.mgts.ru/repository/npmjs/,@reach
npmjs,https://nexus.mgts.ru/repository/npmjs/,@react-keycloak
npmjs,https://nexus.mgts.ru/repository/npmjs/,@react-native
npmjs,https://nexus.mgts.ru/repository/npmjs/,@react-native-community
npmjs,https://nexus.mgts.ru/repository/npmjs/,@react-navigation
npmjs,https://nexus.mgts.ru/repository/npmjs/,@reactuses
npmjs,https://nexus.mgts.ru/repository/npmjs/,@reduxjs
npmjs,https://nexus.mgts.ru/repository/npmjs/,@refinedev
npmjs,https://nexus.mgts.ru/repository/npmjs/,@remirror
npmjs,https://nexus.mgts.ru/repository/npmjs/,@remix-run
npmjs,https://nexus.mgts.ru/repository/npmjs/,@rolldown
npmjs,https://nexus.mgts.ru/repository/npmjs/,@rollup
npmjs,https://nexus.mgts.ru/repository/npmjs/,@rspack
npmjs,https://nexus.mgts.ru/repository/npmjs/,@rtsao
npmjs,https://nexus.mgts.ru/repository/npmjs/,@rushstack
npmjs,https://nexus.mgts.ru/repository/npmjs/,@schematics
npmjs,https://nexus.mgts.ru/repository/npmjs/,@sideway
npmjs,https://nexus.mgts.ru/repository/npmjs/,@simplewebauthn
npmjs,https://nexus.mgts.ru/repository/npmjs/,@sinclair
npmjs,https://nexus.mgts.ru/repository/npmjs/,@sindresorhus
npmjs,https://nexus.mgts.ru/repository/npmjs/,@sinonjs
npmjs,https://nexus.mgts.ru/repository/npmjs/,@socket.io
npmjs,https://nexus.mgts.ru/repository/npmjs/,@somebodyodd
npmjs,https://nexus.mgts.ru/repository/npmjs/,@squoosh
npmjs,https://nexus.mgts.ru/repository/npmjs/,@standard-schema
npmjs,https://nexus.mgts.ru/repository/npmjs/,@storybook
npmjs,https://nexus.mgts.ru/repository/npmjs/,@stylistic
npmjs,https://nexus.mgts.ru/repository/npmjs/,@surma
npmjs,https://nexus.mgts.ru/repository/npmjs/,@svgr
npmjs,https://nexus.mgts.ru/repository/npmjs/,@swc
npmjs,https://nexus.mgts.ru/repository/npmjs/,@swc-node
npmjs,https://nexus.mgts.ru/repository/npmjs/,@tabby_ai
npmjs,https://nexus.mgts.ru/repository/npmjs/,@tailwindcss
npmjs,https://nexus.mgts.ru/repository/npmjs/,@tanstack
npmjs,https://nexus.mgts.ru/repository/npmjs/,@teddyzhu
npmjs,https://nexus.mgts.ru/repository/npmjs/,@testim
npmjs,https://nexus.mgts.ru/repository/npmjs/,@testing-library
npmjs,https://nexus.mgts.ru/repository/npmjs/,@tiptap
npmjs,https://nexus.mgts.ru/repository/npmjs/,@tootallnate
npmjs,https://nexus.mgts.ru/repository/npmjs/,@trysound
npmjs,https://nexus.mgts.ru/repository/npmjs/,@turf
npmjs,https://nexus.mgts.ru/repository/npmjs/,@tybys
npmjs,https://nexus.mgts.ru/repository/npmjs/,@types
npmjs,https://nexus.mgts.ru/repository/npmjs/,@typescript-eslint
npmjs,https://nexus.mgts.ru/repository/npmjs/,@uiw
npmjs,https://nexus.mgts.ru/repository/npmjs/,@umijs
npmjs,https://nexus.mgts.ru/repository/npmjs/,@ungap
npmjs,https://nexus.mgts.ru/repository/npmjs/,@unrs
npmjs,https://nexus.mgts.ru/repository/npmjs/,@vitejs
npmjs,https://nexus.mgts.ru/repository/npmjs/,@vitest
npmjs,https://nexus.mgts.ru/repository/npmjs/,@vscode
npmjs,https://nexus.mgts.ru/repository/npmjs/,@vue
npmjs,https://nexus.mgts.ru/repository/npmjs/,@vue-macros
npmjs,https://nexus.mgts.ru/repository/npmjs/,@vuetify
npmjs,https://nexus.mgts.ru/repository/npmjs/,@web-types
npmjs,https://nexus.mgts.ru/repository/npmjs/,@webassemblyjs
npmjs,https://nexus.mgts.ru/repository/npmjs/,@webpack-cli
npmjs,https://nexus.mgts.ru/repository/npmjs/,@xmldom
npmjs,https://nexus.mgts.ru/repository/npmjs/,@xtuc
npmjs,https://nexus.mgts.ru/repository/npmjs/,@yarnpkg
npmjs,https://nexus.mgts.ru/repository/npmjs/,@zeit
npmjs,https://nexus.mgts.ru/repository/npmjs/,@zkochan
npmjs,https://nexus.mgts.ru/repository/npmjs/,abab
npmjs,https://nexus.mgts.ru/repository/npmjs/,abbrev
npmjs,https://nexus.mgts.ru/repository/npmjs/,abort-controller
npmjs,https://nexus.mgts.ru/repository/npmjs/,accepts
npmjs,https://nexus.mgts.ru/repository/npmjs/,acorn
npmjs,https://nexus.mgts.ru/repository/npmjs/,acorn-globals
npmjs,https://nexus.mgts.ru/repository/npmjs/,acorn-import-assertions
npmjs,https://nexus.mgts.ru/repository/npmjs/,acorn-import-attributes
npmjs,https://nexus.mgts.ru/repository/npmjs/,acorn-import-phases
npmjs,https://nexus.mgts.ru/repository/npmjs/,acorn-jsx
npmjs,https://nexus.mgts.ru/repository/npmjs/,acorn-node
npmjs,https://nexus.mgts.ru/repository/npmjs/,acorn-walk
npmjs,https://nexus.mgts.ru/repository/npmjs/,address
npmjs,https://nexus.mgts.ru/repository/npmjs/,adjust-sourcemap-loader
npmjs,https://nexus.mgts.ru/repository/npmjs/,adler-32
npmjs,https://nexus.mgts.ru/repository/npmjs/,adm-zip
npmjs,https://nexus.mgts.ru/repository/npmjs/,after
npmjs,https://nexus.mgts.ru/repository/npmjs/,agent-base
npmjs,https://nexus.mgts.ru/repository/npmjs/,agentkeepalive
npmjs,https://nexus.mgts.ru/repository/npmjs/,aggregate-error
npmjs,https://nexus.mgts.ru/repository/npmjs/,airbnb-js-shims
npmjs,https://nexus.mgts.ru/repository/npmjs/,ajv
npmjs,https://nexus.mgts.ru/repository/npmjs/,ajv-draft-04
npmjs,https://nexus.mgts.ru/repository/npmjs/,ajv-errors
npmjs,https://nexus.mgts.ru/repository/npmjs/,ajv-formats
npmjs,https://nexus.mgts.ru/repository/npmjs/,ajv-i18n
npmjs,https://nexus.mgts.ru/repository/npmjs/,ajv-keywords
npmjs,https://nexus.mgts.ru/repository/npmjs/,align-text
npmjs,https://nexus.mgts.ru/repository/npmjs/,alphanum-sort
npmjs,https://nexus.mgts.ru/repository/npmjs/,amdefine
npmjs,https://nexus.mgts.ru/repository/npmjs/,angular
npmjs,https://nexus.mgts.ru/repository/npmjs/,angular-animate
npmjs,https://nexus.mgts.ru/repository/npmjs/,angular-i18n
npmjs,https://nexus.mgts.ru/repository/npmjs/,angular-messages
npmjs,https://nexus.mgts.ru/repository/npmjs/,angular-mocks
npmjs,https://nexus.mgts.ru/repository/npmjs/,angular-resource
npmjs,https://nexus.mgts.ru/repository/npmjs/,angular-sanitize
npmjs,https://nexus.mgts.ru/repository/npmjs/,angular-split
npmjs,https://nexus.mgts.ru/repository/npmjs/,angular-ui-bootstrap
npmjs,https://nexus.mgts.ru/repository/npmjs/,angular-ui-codemirror
npmjs,https://nexus.mgts.ru/repository/npmjs/,angular-ui-router
npmjs,https://nexus.mgts.ru/repository/npmjs/,anser
npmjs,https://nexus.mgts.ru/repository/npmjs/,ansi-align
npmjs,https://nexus.mgts.ru/repository/npmjs/,ansi-colors
npmjs,https://nexus.mgts.ru/repository/npmjs/,ansi-cyan
npmjs,https://nexus.mgts.ru/repository/npmjs/,ansi-escapes
npmjs,https://nexus.mgts.ru/repository/npmjs/,ansi-font
npmjs,https://nexus.mgts.ru/repository/npmjs/,ansi-gray
npmjs,https://nexus.mgts.ru/repository/npmjs/,ansi-html
npmjs,https://nexus.mgts.ru/repository/npmjs/,ansi-html-community
npmjs,https://nexus.mgts.ru/repository/npmjs/,ansi-red
npmjs,https://nexus.mgts.ru/repository/npmjs/,ansi-regex
npmjs,https://nexus.mgts.ru/repository/npmjs/,ansi-styles
npmjs,https://nexus.mgts.ru/repository/npmjs/,ansi-to-html
npmjs,https://nexus.mgts.ru/repository/npmjs/,ansi-wrap
npmjs,https://nexus.mgts.ru/repository/npmjs/,ansicolors
npmjs,https://nexus.mgts.ru/repository/npmjs/,antd
npmjs,https://nexus.mgts.ru/repository/npmjs/,any
npmjs,https://nexus.mgts.ru/repository/npmjs/,any-promise
npmjs,https://nexus.mgts.ru/repository/npmjs/,anymatch
npmjs,https://nexus.mgts.ru/repository/npmjs/,app-root-dir
npmjs,https://nexus.mgts.ru/repository/npmjs/,aproba
npmjs,https://nexus.mgts.ru/repository/npmjs/,arch
npmjs,https://nexus.mgts.ru/repository/npmjs/,archive-type
npmjs,https://nexus.mgts.ru/repository/npmjs/,are-we-there-yet
npmjs,https://nexus.mgts.ru/repository/npmjs/,arg
npmjs,https://nexus.mgts.ru/repository/npmjs/,argparse
npmjs,https://nexus.mgts.ru/repository/npmjs/,aria-hidden
npmjs,https://nexus.mgts.ru/repository/npmjs/,aria-query
npmjs,https://nexus.mgts.ru/repository/npmjs/,arr-diff
npmjs,https://nexus.mgts.ru/repository/npmjs/,arr-exclude
npmjs,https://nexus.mgts.ru/repository/npmjs/,arr-flatten
npmjs,https://nexus.mgts.ru/repository/npmjs/,arr-map
npmjs,https://nexus.mgts.ru/repository/npmjs/,arr-union
npmjs,https://nexus.mgts.ru/repository/npmjs/,array-back
npmjs,https://nexus.mgts.ru/repository/npmjs/,array-buffer-byte-length
npmjs,https://nexus.mgts.ru/repository/npmjs/,array-differ
npmjs,https://nexus.mgts.ru/repository/npmjs/,array-each
npmjs,https://nexus.mgts.ru/repository/npmjs/,array-find-index
npmjs,https://nexus.mgts.ru/repository/npmjs/,array-flatten
npmjs,https://nexus.mgts.ru/repository/npmjs/,array-includes
npmjs,https://nexus.mgts.ru/repository/npmjs/,array-slice
npmjs,https://nexus.mgts.ru/repository/npmjs/,array-union
npmjs,https://nexus.mgts.ru/repository/npmjs/,array-uniq
npmjs,https://nexus.mgts.ru/repository/npmjs/,array-unique
npmjs,https://nexus.mgts.ru/repository/npmjs/,array.prototype.findlast
npmjs,https://nexus.mgts.ru/repository/npmjs/,array.prototype.findlastindex
npmjs,https://nexus.mgts.ru/repository/npmjs/,array.prototype.flat
npmjs,https://nexus.mgts.ru/repository/npmjs/,array.prototype.flatmap
npmjs,https://nexus.mgts.ru/repository/npmjs/,array.prototype.map
npmjs,https://nexus.mgts.ru/repository/npmjs/,array.prototype.reduce
npmjs,https://nexus.mgts.ru/repository/npmjs/,array.prototype.tosorted
npmjs,https://nexus.mgts.ru/repository/npmjs/,arraybuffer.prototype.slice
npmjs,https://nexus.mgts.ru/repository/npmjs/,arraybuffer.slice
npmjs,https://nexus.mgts.ru/repository/npmjs/,arrify
npmjs,https://nexus.mgts.ru/repository/npmjs/,asap
npmjs,https://nexus.mgts.ru/repository/npmjs/,ascli
npmjs,https://nexus.mgts.ru/repository/npmjs/,asn1
npmjs,https://nexus.mgts.ru/repository/npmjs/,asn1.js
npmjs,https://nexus.mgts.ru/repository/npmjs/,assert
npmjs,https://nexus.mgts.ru/repository/npmjs/,assert-plus
npmjs,https://nexus.mgts.ru/repository/npmjs/,assertion-error
npmjs,https://nexus.mgts.ru/repository/npmjs/,assign-symbols
npmjs,https://nexus.mgts.ru/repository/npmjs/,ast-kit
npmjs,https://nexus.mgts.ru/repository/npmjs/,ast-types
npmjs,https://nexus.mgts.ru/repository/npmjs/,ast-types-flow
npmjs,https://nexus.mgts.ru/repository/npmjs/,ast-walker-scope
npmjs,https://nexus.mgts.ru/repository/npmjs/,astral-regex
npmjs,https://nexus.mgts.ru/repository/npmjs/,async
npmjs,https://nexus.mgts.ru/repository/npmjs/,async-done
npmjs,https://nexus.mgts.ru/repository/npmjs/,async-each
npmjs,https://nexus.mgts.ru/repository/npmjs/,async-each-series
npmjs,https://nexus.mgts.ru/repository/npmjs/,async-foreach
npmjs,https://nexus.mgts.ru/repository/npmjs/,async-function
npmjs,https://nexus.mgts.ru/repository/npmjs/,async-settle
npmjs,https://nexus.mgts.ru/repository/npmjs/,async-to-gen
npmjs,https://nexus.mgts.ru/repository/npmjs/,asynckit
npmjs,https://nexus.mgts.ru/repository/npmjs/,at-least-node
npmjs,https://nexus.mgts.ru/repository/npmjs/,atob
npmjs,https://nexus.mgts.ru/repository/npmjs/,atomically
npmjs,https://nexus.mgts.ru/repository/npmjs/,attr-accept
npmjs,https://nexus.mgts.ru/repository/npmjs/,auto-bind
npmjs,https://nexus.mgts.ru/repository/npmjs/,autoprefixer
npmjs,https://nexus.mgts.ru/repository/npmjs/,ava
npmjs,https://nexus.mgts.ru/repository/npmjs/,ava-files
npmjs,https://nexus.mgts.ru/repository/npmjs/,ava-init
npmjs,https://nexus.mgts.ru/repository/npmjs/,available-typed-arrays
npmjs,https://nexus.mgts.ru/repository/npmjs/,aws-sign2
npmjs,https://nexus.mgts.ru/repository/npmjs/,aws-ssl-profiles
npmjs,https://nexus.mgts.ru/repository/npmjs/,aws4
npmjs,https://nexus.mgts.ru/repository/npmjs/,axe-core
npmjs,https://nexus.mgts.ru/repository/npmjs/,axios
npmjs,https://nexus.mgts.ru/repository/npmjs/,axobject-query
npmjs,https://nexus.mgts.ru/repository/npmjs/,b4a
npmjs,https://nexus.mgts.ru/repository/npmjs/,babel-code-frame
npmjs,https://nexus.mgts.ru/repository/npmjs/,babel-core
npmjs,https://nexus.mgts.ru/repository/npmjs/,babel-eslint
npmjs,https://nexus.mgts.ru/repository/npmjs/,babel-generator
npmjs,https://nexus.mgts.ru/repository/npmjs/,babel-helper-bindify-decorators
npmjs,https://nexus.mgts.ru/repository/npmjs/,babel-helper-builder-binary-assignment-operator-visitor
npmjs,https://nexus.mgts.ru/repository/npmjs/,babel-helper-call-delegate
npmjs,https://nexus.mgts.ru/repository/npmjs/,babel-helper-define-map
npmjs,https://nexus.mgts.ru/repository/npmjs/,babel-helper-explode-assignable-expression
npmjs,https://nexus.mgts.ru/repository/npmjs/,babel-helper-explode-class
npmjs,https://nexus.mgts.ru/repository/npmjs/,babel-helper-function-name
npmjs,https://nexus.mgts.ru/repository/npmjs/,babel-helper-get-function-arity
npmjs,https://nexus.mgts.ru/repository/npmjs/,babel-helper-hoist-variables
npmjs,https://nexus.mgts.ru/repository/npmjs/,babel-helper-optimise-call-expression
npmjs,https://nexus.mgts.ru/repository/npmjs/,babel-helper-regex
npmjs,https://nexus.mgts.ru/repository/npmjs/,babel-helper-remap-async-to-generator
npmjs,https://nexus.mgts.ru/repository/npmjs/,babel-helper-replace-supers
npmjs,https://nexus.mgts.ru/repository/npmjs/,babel-helpers
npmjs,https://nexus.mgts.ru/repository/npmjs/,babel-istanbul
npmjs,https://nexus.mgts.ru/repository/npmjs/,babel-jest
npmjs,https://nexus.mgts.ru/repository/npmjs/,babel-loader
npmjs,https://nexus.mgts.ru/repository/npmjs/,babel-messages
npmjs,https://nexus.mgts.ru/repository/npmjs/,babel-plugin-apply-mdx-type-prop
npmjs,https://nexus.mgts.ru/repository/npmjs/,babel-plugin-ava-throws-helper
npmjs,https://nexus.mgts.ru/repository/npmjs/,babel-plugin-check-es2015-constants
npmjs,https://nexus.mgts.ru/repository/npmjs/,babel-plugin-detective
npmjs,https://nexus.mgts.ru/repository/npmjs/,babel-plugin-espower
npmjs,https://nexus.mgts.ru/repository/npmjs/,babel-plugin-extract-import-names
npmjs,https://nexus.mgts.ru/repository/npmjs/,babel-plugin-istanbul
npmjs,https://nexus.mgts.ru/repository/npmjs/,babel-plugin-jest-hoist
npmjs,https://nexus.mgts.ru/repository/npmjs/,babel-plugin-macros
npmjs,https://nexus.mgts.ru/repository/npmjs/,babel-plugin-named-asset-import
npmjs,https://nexus.mgts.ru/repository/npmjs/,babel-plugin-polyfill-corejs2
npmjs,https://nexus.mgts.ru/repository/npmjs/,babel-plugin-polyfill-corejs3
npmjs,https://nexus.mgts.ru/repository/npmjs/,babel-plugin-polyfill-regenerator
npmjs,https://nexus.mgts.ru/repository/npmjs/,babel-plugin-react-compiler
npmjs,https://nexus.mgts.ru/repository/npmjs/,babel-plugin-react-native-web
npmjs,https://nexus.mgts.ru/repository/npmjs/,babel-plugin-styled-components
npmjs,https://nexus.mgts.ru/repository/npmjs/,babel-plugin-syntax-async-functions
npmjs,https://nexus.mgts.ru/repository/npmjs/,babel-plugin-syntax-async-generators
npmjs,https://nexus.mgts.ru/repository/npmjs/,babel-plugin-syntax-class-properties
npmjs,https://nexus.mgts.ru/repository/npmjs/,babel-plugin-syntax-decorators
npmjs,https://nexus.mgts.ru/repository/npmjs/,babel-plugin-syntax-dynamic-import
npmjs,https://nexus.mgts.ru/repository/npmjs/,babel-plugin-syntax-exponentiation-operator
npmjs,https://nexus.mgts.ru/repository/npmjs/,babel-plugin-syntax-hermes-parser
npmjs,https://nexus.mgts.ru/repository/npmjs/,babel-plugin-syntax-object-rest-spread
npmjs,https://nexus.mgts.ru/repository/npmjs/,babel-plugin-syntax-trailing-function-commas
npmjs,https://nexus.mgts.ru/repository/npmjs/,babel-plugin-transform-async-generator-functions
npmjs,https://nexus.mgts.ru/repository/npmjs/,babel-plugin-transform-async-to-generator
npmjs,https://nexus.mgts.ru/repository/npmjs/,babel-plugin-transform-class-properties
npmjs,https://nexus.mgts.ru/repository/npmjs/,babel-plugin-transform-decorators
npmjs,https://nexus.mgts.ru/repository/npmjs/,babel-plugin-transform-es2015-arrow-functions
npmjs,https://nexus.mgts.ru/repository/npmjs/,babel-plugin-transform-es2015-block-scoped-functions
npmjs,https://nexus.mgts.ru/repository/npmjs/,babel-plugin-transform-es2015-block-scoping
npmjs,https://nexus.mgts.ru/repository/npmjs/,babel-plugin-transform-es2015-classes
npmjs,https://nexus.mgts.ru/repository/npmjs/,babel-plugin-transform-es2015-computed-properties
npmjs,https://nexus.mgts.ru/repository/npmjs/,babel-plugin-transform-es2015-destructuring
npmjs,https://nexus.mgts.ru/repository/npmjs/,babel-plugin-transform-es2015-duplicate-keys
npmjs,https://nexus.mgts.ru/repository/npmjs/,babel-plugin-transform-es2015-for-of
npmjs,https://nexus.mgts.ru/repository/npmjs/,babel-plugin-transform-es2015-function-name
npmjs,https://nexus.mgts.ru/repository/npmjs/,babel-plugin-transform-es2015-literals
npmjs,https://nexus.mgts.ru/repository/npmjs/,babel-plugin-transform-es2015-modules-amd
npmjs,https://nexus.mgts.ru/repository/npmjs/,babel-plugin-transform-es2015-modules-commonjs
npmjs,https://nexus.mgts.ru/repository/npmjs/,babel-plugin-transform-es2015-modules-systemjs
npmjs,https://nexus.mgts.ru/repository/npmjs/,babel-plugin-transform-es2015-modules-umd
npmjs,https://nexus.mgts.ru/repository/npmjs/,babel-plugin-transform-es2015-object-super
npmjs,https://nexus.mgts.ru/repository/npmjs/,babel-plugin-transform-es2015-parameters
npmjs,https://nexus.mgts.ru/repository/npmjs/,babel-plugin-transform-es2015-shorthand-properties
npmjs,https://nexus.mgts.ru/repository/npmjs/,babel-plugin-transform-es2015-spread
npmjs,https://nexus.mgts.ru/repository/npmjs/,babel-plugin-transform-es2015-sticky-regex
npmjs,https://nexus.mgts.ru/repository/npmjs/,babel-plugin-transform-es2015-template-literals
npmjs,https://nexus.mgts.ru/repository/npmjs/,babel-plugin-transform-es2015-typeof-symbol
npmjs,https://nexus.mgts.ru/repository/npmjs/,babel-plugin-transform-es2015-unicode-regex
npmjs,https://nexus.mgts.ru/repository/npmjs/,babel-plugin-transform-exponentiation-operator
npmjs,https://nexus.mgts.ru/repository/npmjs/,babel-plugin-transform-flow-enums
npmjs,https://nexus.mgts.ru/repository/npmjs/,babel-plugin-transform-object-rest-spread
npmjs,https://nexus.mgts.ru/repository/npmjs/,babel-plugin-transform-react-remove-prop-types
npmjs,https://nexus.mgts.ru/repository/npmjs/,babel-plugin-transform-regenerator
npmjs,https://nexus.mgts.ru/repository/npmjs/,babel-plugin-transform-runtime
npmjs,https://nexus.mgts.ru/repository/npmjs/,babel-plugin-transform-strict-mode
npmjs,https://nexus.mgts.ru/repository/npmjs/,babel-preset-current-node-syntax
npmjs,https://nexus.mgts.ru/repository/npmjs/,babel-preset-es2015
npmjs,https://nexus.mgts.ru/repository/npmjs/,babel-preset-es2015-node4
npmjs,https://nexus.mgts.ru/repository/npmjs/,babel-preset-expo
npmjs,https://nexus.mgts.ru/repository/npmjs/,babel-preset-jest
npmjs,https://nexus.mgts.ru/repository/npmjs/,babel-preset-react-app
npmjs,https://nexus.mgts.ru/repository/npmjs/,babel-preset-stage-2
npmjs,https://nexus.mgts.ru/repository/npmjs/,babel-preset-stage-3
npmjs,https://nexus.mgts.ru/repository/npmjs/,babel-register
npmjs,https://nexus.mgts.ru/repository/npmjs/,babel-runtime
npmjs,https://nexus.mgts.ru/repository/npmjs/,babel-template
npmjs,https://nexus.mgts.ru/repository/npmjs/,babel-traverse
npmjs,https://nexus.mgts.ru/repository/npmjs/,babel-types
npmjs,https://nexus.mgts.ru/repository/npmjs/,babylon
npmjs,https://nexus.mgts.ru/repository/npmjs/,bach
npmjs,https://nexus.mgts.ru/repository/npmjs/,backbone
npmjs,https://nexus.mgts.ru/repository/npmjs/,backo2
npmjs,https://nexus.mgts.ru/repository/npmjs/,bail
npmjs,https://nexus.mgts.ru/repository/npmjs/,balanced-match
npmjs,https://nexus.mgts.ru/repository/npmjs/,bare-events
npmjs,https://nexus.mgts.ru/repository/npmjs/,base
npmjs,https://nexus.mgts.ru/repository/npmjs/,Base64
npmjs,https://nexus.mgts.ru/repository/npmjs/,base64-arraybuffer
npmjs,https://nexus.mgts.ru/repository/npmjs/,base64-js
npmjs,https://nexus.mgts.ru/repository/npmjs/,base64id
npmjs,https://nexus.mgts.ru/repository/npmjs/,basedpyright
npmjs,https://nexus.mgts.ru/repository/npmjs/,baseline-browser-mapping
npmjs,https://nexus.mgts.ru/repository/npmjs/,basic-auth
npmjs,https://nexus.mgts.ru/repository/npmjs/,basic-ftp
npmjs,https://nexus.mgts.ru/repository/npmjs/,batch
npmjs,https://nexus.mgts.ru/repository/npmjs/,bcp-47-match
npmjs,https://nexus.mgts.ru/repository/npmjs/,bcrypt-pbkdf
npmjs,https://nexus.mgts.ru/repository/npmjs/,benchmark
npmjs,https://nexus.mgts.ru/repository/npmjs/,better-assert
npmjs,https://nexus.mgts.ru/repository/npmjs/,better-opn
npmjs,https://nexus.mgts.ru/repository/npmjs/,better-sqlite3
npmjs,https://nexus.mgts.ru/repository/npmjs/,bezier-easing
npmjs,https://nexus.mgts.ru/repository/npmjs/,bfj
npmjs,https://nexus.mgts.ru/repository/npmjs/,big-integer
npmjs,https://nexus.mgts.ru/repository/npmjs/,big.js
npmjs,https://nexus.mgts.ru/repository/npmjs/,bignumber.js
npmjs,https://nexus.mgts.ru/repository/npmjs/,bin-build
npmjs,https://nexus.mgts.ru/repository/npmjs/,bin-check
npmjs,https://nexus.mgts.ru/repository/npmjs/,bin-version
npmjs,https://nexus.mgts.ru/repository/npmjs/,bin-version-check
npmjs,https://nexus.mgts.ru/repository/npmjs/,bin-wrapper
npmjs,https://nexus.mgts.ru/repository/npmjs/,binary-extensions
npmjs,https://nexus.mgts.ru/repository/npmjs/,bindings
npmjs,https://nexus.mgts.ru/repository/npmjs/,bl
npmjs,https://nexus.mgts.ru/repository/npmjs/,blob
npmjs,https://nexus.mgts.ru/repository/npmjs/,block-stream
npmjs,https://nexus.mgts.ru/repository/npmjs/,blocking-proxy
npmjs,https://nexus.mgts.ru/repository/npmjs/,bluebird
npmjs,https://nexus.mgts.ru/repository/npmjs/,bn.js
npmjs,https://nexus.mgts.ru/repository/npmjs/,body-parser
npmjs,https://nexus.mgts.ru/repository/npmjs/,bonjour
npmjs,https://nexus.mgts.ru/repository/npmjs/,bonjour-service
npmjs,https://nexus.mgts.ru/repository/npmjs/,boolbase
npmjs,https://nexus.mgts.ru/repository/npmjs/,boom
npmjs,https://nexus.mgts.ru/repository/npmjs/,bootstrap
npmjs,https://nexus.mgts.ru/repository/npmjs/,bootstrap-icons
npmjs,https://nexus.mgts.ru/repository/npmjs/,bourbon
npmjs,https://nexus.mgts.ru/repository/npmjs/,boxen
npmjs,https://nexus.mgts.ru/repository/npmjs/,bplist-creator
npmjs,https://nexus.mgts.ru/repository/npmjs/,bplist-parser
npmjs,https://nexus.mgts.ru/repository/npmjs/,brace-expansion
npmjs,https://nexus.mgts.ru/repository/npmjs/,braces
npmjs,https://nexus.mgts.ru/repository/npmjs/,brorand
npmjs,https://nexus.mgts.ru/repository/npmjs/,browser-assert
npmjs,https://nexus.mgts.ru/repository/npmjs/,browser-pack
npmjs,https://nexus.mgts.ru/repository/npmjs/,browser-process-hrtime
npmjs,https://nexus.mgts.ru/repository/npmjs/,browser-resolve
npmjs,https://nexus.mgts.ru/repository/npmjs/,browser-stdout
npmjs,https://nexus.mgts.ru/repository/npmjs/,browser-sync
npmjs,https://nexus.mgts.ru/repository/npmjs/,browser-sync-client
npmjs,https://nexus.mgts.ru/repository/npmjs/,browser-sync-ui
npmjs,https://nexus.mgts.ru/repository/npmjs/,browserify
npmjs,https://nexus.mgts.ru/repository/npmjs/,browserify-aes
npmjs,https://nexus.mgts.ru/repository/npmjs/,browserify-cipher
npmjs,https://nexus.mgts.ru/repository/npmjs/,browserify-des
npmjs,https://nexus.mgts.ru/repository/npmjs/,browserify-rsa
npmjs,https://nexus.mgts.ru/repository/npmjs/,browserify-sign
npmjs,https://nexus.mgts.ru/repository/npmjs/,browserify-zlib
npmjs,https://nexus.mgts.ru/repository/npmjs/,browserslist
npmjs,https://nexus.mgts.ru/repository/npmjs/,browserstack
npmjs,https://nexus.mgts.ru/repository/npmjs/,bs-recipes
npmjs,https://nexus.mgts.ru/repository/npmjs/,bser
npmjs,https://nexus.mgts.ru/repository/npmjs/,bubblesets-js
npmjs,https://nexus.mgts.ru/repository/npmjs/,buf-compare
npmjs,https://nexus.mgts.ru/repository/npmjs/,buffer
npmjs,https://nexus.mgts.ru/repository/npmjs/,buffer-alloc
npmjs,https://nexus.mgts.ru/repository/npmjs/,buffer-alloc-unsafe
npmjs,https://nexus.mgts.ru/repository/npmjs/,buffer-builder
npmjs,https://nexus.mgts.ru/repository/npmjs/,buffer-crc32
npmjs,https://nexus.mgts.ru/repository/npmjs/,buffer-fill
npmjs,https://nexus.mgts.ru/repository/npmjs/,buffer-from
npmjs,https://nexus.mgts.ru/repository/npmjs/,buffer-indexof
npmjs,https://nexus.mgts.ru/repository/npmjs/,buffer-xor
npmjs,https://nexus.mgts.ru/repository/npmjs/,bufferutil
npmjs,https://nexus.mgts.ru/repository/npmjs/,builtin-modules
npmjs,https://nexus.mgts.ru/repository/npmjs/,builtin-status-codes
npmjs,https://nexus.mgts.ru/repository/npmjs/,builtins
npmjs,https://nexus.mgts.ru/repository/npmjs/,bundle-loader
npmjs,https://nexus.mgts.ru/repository/npmjs/,bundle-name
npmjs,https://nexus.mgts.ru/repository/npmjs/,busboy
npmjs,https://nexus.mgts.ru/repository/npmjs/,bytebuffer
npmjs,https://nexus.mgts.ru/repository/npmjs/,bytes
npmjs,https://nexus.mgts.ru/repository/npmjs/,c12
npmjs,https://nexus.mgts.ru/repository/npmjs/,cac
npmjs,https://nexus.mgts.ru/repository/npmjs/,cacache
npmjs,https://nexus.mgts.ru/repository/npmjs/,cache-base
npmjs,https://nexus.mgts.ru/repository/npmjs/,cacheable-request
npmjs,https://nexus.mgts.ru/repository/npmjs/,cached-path-relative
npmjs,https://nexus.mgts.ru/repository/npmjs/,caching-transform
npmjs,https://nexus.mgts.ru/repository/npmjs/,call-bind
npmjs,https://nexus.mgts.ru/repository/npmjs/,call-bind-apply-helpers
npmjs,https://nexus.mgts.ru/repository/npmjs/,call-bound
npmjs,https://nexus.mgts.ru/repository/npmjs/,call-matcher
npmjs,https://nexus.mgts.ru/repository/npmjs/,call-me-maybe
npmjs,https://nexus.mgts.ru/repository/npmjs/,call-signature
npmjs,https://nexus.mgts.ru/repository/npmjs/,caller-path
npmjs,https://nexus.mgts.ru/repository/npmjs/,callsite
npmjs,https://nexus.mgts.ru/repository/npmjs/,callsites
npmjs,https://nexus.mgts.ru/repository/npmjs/,camel-case
npmjs,https://nexus.mgts.ru/repository/npmjs/,camelcase
npmjs,https://nexus.mgts.ru/repository/npmjs/,camelcase-css
npmjs,https://nexus.mgts.ru/repository/npmjs/,camelcase-keys
npmjs,https://nexus.mgts.ru/repository/npmjs/,camelize
npmjs,https://nexus.mgts.ru/repository/npmjs/,caniuse-api
npmjs,https://nexus.mgts.ru/repository/npmjs/,caniuse-db
npmjs,https://nexus.mgts.ru/repository/npmjs/,caniuse-lite
npmjs,https://nexus.mgts.ru/repository/npmjs/,canvas
npmjs,https://nexus.mgts.ru/repository/npmjs/,canvg
npmjs,https://nexus.mgts.ru/repository/npmjs/,capture-exit
npmjs,https://nexus.mgts.ru/repository/npmjs/,capture-stack-trace
npmjs,https://nexus.mgts.ru/repository/npmjs/,cardinal
npmjs,https://nexus.mgts.ru/repository/npmjs/,case-sensitive-paths-webpack-plugin
npmjs,https://nexus.mgts.ru/repository/npmjs/,caseless
npmjs,https://nexus.mgts.ru/repository/npmjs/,caw
npmjs,https://nexus.mgts.ru/repository/npmjs/,ccount
npmjs,https://nexus.mgts.ru/repository/npmjs/,center-align
npmjs,https://nexus.mgts.ru/repository/npmjs/,cfb
npmjs,https://nexus.mgts.ru/repository/npmjs/,chai
npmjs,https://nexus.mgts.ru/repository/npmjs/,chalk
npmjs,https://nexus.mgts.ru/repository/npmjs/,chalk-template
npmjs,https://nexus.mgts.ru/repository/npmjs/,char-regex
npmjs,https://nexus.mgts.ru/repository/npmjs/,character-entities
npmjs,https://nexus.mgts.ru/repository/npmjs/,character-entities-html4
npmjs,https://nexus.mgts.ru/repository/npmjs/,character-entities-legacy
npmjs,https://nexus.mgts.ru/repository/npmjs/,character-reference-invalid
npmjs,https://nexus.mgts.ru/repository/npmjs/,chardet
npmjs,https://nexus.mgts.ru/repository/npmjs/,chart.js
npmjs,https://nexus.mgts.ru/repository/npmjs/,chartjs-adapter-date-fns
npmjs,https://nexus.mgts.ru/repository/npmjs/,chartjs-color
npmjs,https://nexus.mgts.ru/repository/npmjs/,chartjs-color-string
npmjs,https://nexus.mgts.ru/repository/npmjs/,chartjs-plugin-annotation
npmjs,https://nexus.mgts.ru/repository/npmjs/,check-error
npmjs,https://nexus.mgts.ru/repository/npmjs/,check-types
npmjs,https://nexus.mgts.ru/repository/npmjs/,cheerio
npmjs,https://nexus.mgts.ru/repository/npmjs/,cheerio-select
npmjs,https://nexus.mgts.ru/repository/npmjs/,chevrotain
npmjs,https://nexus.mgts.ru/repository/npmjs/,chokidar
npmjs,https://nexus.mgts.ru/repository/npmjs/,chownr
npmjs,https://nexus.mgts.ru/repository/npmjs/,chromatic
npmjs,https://nexus.mgts.ru/repository/npmjs/,chrome-trace-event
npmjs,https://nexus.mgts.ru/repository/npmjs/,chromedriver
npmjs,https://nexus.mgts.ru/repository/npmjs/,ci-info
npmjs,https://nexus.mgts.ru/repository/npmjs/,cipher-base
npmjs,https://nexus.mgts.ru/repository/npmjs/,circular-dependency-plugin
npmjs,https://nexus.mgts.ru/repository/npmjs/,circular-json
npmjs,https://nexus.mgts.ru/repository/npmjs/,citty
npmjs,https://nexus.mgts.ru/repository/npmjs/,cjs-module-lexer
npmjs,https://nexus.mgts.ru/repository/npmjs/,clap
npmjs,https://nexus.mgts.ru/repository/npmjs/,class-transformer
npmjs,https://nexus.mgts.ru/repository/npmjs/,class-utils
npmjs,https://nexus.mgts.ru/repository/npmjs/,class-variance-authority
npmjs,https://nexus.mgts.ru/repository/npmjs/,classnames
npmjs,https://nexus.mgts.ru/repository/npmjs/,clean-css
npmjs,https://nexus.mgts.ru/repository/npmjs/,clean-regexp
npmjs,https://nexus.mgts.ru/repository/npmjs/,clean-stack
npmjs,https://nexus.mgts.ru/repository/npmjs/,clean-webpack-plugin
npmjs,https://nexus.mgts.ru/repository/npmjs/,clean-yaml-object
npmjs,https://nexus.mgts.ru/repository/npmjs/,cli-boxes
npmjs,https://nexus.mgts.ru/repository/npmjs/,cli-cursor
npmjs,https://nexus.mgts.ru/repository/npmjs/,cli-spinners
npmjs,https://nexus.mgts.ru/repository/npmjs/,cli-table3
npmjs,https://nexus.mgts.ru/repository/npmjs/,cli-truncate
npmjs,https://nexus.mgts.ru/repository/npmjs/,cli-width
npmjs,https://nexus.mgts.ru/repository/npmjs/,client-only
npmjs,https://nexus.mgts.ru/repository/npmjs/,clipboardy
npmjs,https://nexus.mgts.ru/repository/npmjs/,cliui
npmjs,https://nexus.mgts.ru/repository/npmjs/,clone
npmjs,https://nexus.mgts.ru/repository/npmjs/,clone-buffer
npmjs,https://nexus.mgts.ru/repository/npmjs/,clone-deep
npmjs,https://nexus.mgts.ru/repository/npmjs/,clone-response
npmjs,https://nexus.mgts.ru/repository/npmjs/,clone-stats
npmjs,https://nexus.mgts.ru/repository/npmjs/,cloneable-readable
npmjs,https://nexus.mgts.ru/repository/npmjs/,clsx
npmjs,https://nexus.mgts.ru/repository/npmjs/,co
npmjs,https://nexus.mgts.ru/repository/npmjs/,co-with-promise
npmjs,https://nexus.mgts.ru/repository/npmjs/,coa
npmjs,https://nexus.mgts.ru/repository/npmjs/,code-point-at
npmjs,https://nexus.mgts.ru/repository/npmjs/,codemirror
npmjs,https://nexus.mgts.ru/repository/npmjs/,codepage
npmjs,https://nexus.mgts.ru/repository/npmjs/,collapse-white-space
npmjs,https://nexus.mgts.ru/repository/npmjs/,collect-v8-coverage
npmjs,https://nexus.mgts.ru/repository/npmjs/,collection-visit
npmjs,https://nexus.mgts.ru/repository/npmjs/,color
npmjs,https://nexus.mgts.ru/repository/npmjs/,color-convert
npmjs,https://nexus.mgts.ru/repository/npmjs/,color-name
npmjs,https://nexus.mgts.ru/repository/npmjs/,color-parse
npmjs,https://nexus.mgts.ru/repository/npmjs/,color-rgba
npmjs,https://nexus.mgts.ru/repository/npmjs/,color-space
npmjs,https://nexus.mgts.ru/repository/npmjs/,color-string
npmjs,https://nexus.mgts.ru/repository/npmjs/,color-support
npmjs,https://nexus.mgts.ru/repository/npmjs/,colord
npmjs,https://nexus.mgts.ru/repository/npmjs/,colorette
npmjs,https://nexus.mgts.ru/repository/npmjs/,colorjs.io
npmjs,https://nexus.mgts.ru/repository/npmjs/,colormin
npmjs,https://nexus.mgts.ru/repository/npmjs/,colors
npmjs,https://nexus.mgts.ru/repository/npmjs/,colour
npmjs,https://nexus.mgts.ru/repository/npmjs/,combine-lists
npmjs,https://nexus.mgts.ru/repository/npmjs/,combine-source-map
npmjs,https://nexus.mgts.ru/repository/npmjs/,combined-stream
npmjs,https://nexus.mgts.ru/repository/npmjs/,comlink
npmjs,https://nexus.mgts.ru/repository/npmjs/,comma-separated-tokens
npmjs,https://nexus.mgts.ru/repository/npmjs/,command-line-args
npmjs,https://nexus.mgts.ru/repository/npmjs/,command-line-usage
npmjs,https://nexus.mgts.ru/repository/npmjs/,command-score
npmjs,https://nexus.mgts.ru/repository/npmjs/,commander
npmjs,https://nexus.mgts.ru/repository/npmjs/,comment-parser
npmjs,https://nexus.mgts.ru/repository/npmjs/,common-path-prefix
npmjs,https://nexus.mgts.ru/repository/npmjs/,common-tags
npmjs,https://nexus.mgts.ru/repository/npmjs/,commondir
npmjs,https://nexus.mgts.ru/repository/npmjs/,compare-versions
npmjs,https://nexus.mgts.ru/repository/npmjs/,component-bind
npmjs,https://nexus.mgts.ru/repository/npmjs/,component-emitter
npmjs,https://nexus.mgts.ru/repository/npmjs/,component-inherit
npmjs,https://nexus.mgts.ru/repository/npmjs/,compress-images
npmjs,https://nexus.mgts.ru/repository/npmjs/,compressible
npmjs,https://nexus.mgts.ru/repository/npmjs/,compression
npmjs,https://nexus.mgts.ru/repository/npmjs/,compute-scroll-into-view
npmjs,https://nexus.mgts.ru/repository/npmjs/,concat-map
npmjs,https://nexus.mgts.ru/repository/npmjs/,concat-stream
npmjs,https://nexus.mgts.ru/repository/npmjs/,concat-with-sourcemaps
npmjs,https://nexus.mgts.ru/repository/npmjs/,concaveman
npmjs,https://nexus.mgts.ru/repository/npmjs/,conf
npmjs,https://nexus.mgts.ru/repository/npmjs/,confbox
npmjs,https://nexus.mgts.ru/repository/npmjs/,config-chain
npmjs,https://nexus.mgts.ru/repository/npmjs/,configstore
npmjs,https://nexus.mgts.ru/repository/npmjs/,confusing-browser-globals
npmjs,https://nexus.mgts.ru/repository/npmjs/,connect
npmjs,https://nexus.mgts.ru/repository/npmjs/,connect-history-api-fallback
npmjs,https://nexus.mgts.ru/repository/npmjs/,connect-pause
npmjs,https://nexus.mgts.ru/repository/npmjs/,consola
npmjs,https://nexus.mgts.ru/repository/npmjs/,console-browserify
npmjs,https://nexus.mgts.ru/repository/npmjs/,console-control-strings
npmjs,https://nexus.mgts.ru/repository/npmjs/,console-stream
npmjs,https://nexus.mgts.ru/repository/npmjs/,constants-browserify
npmjs,https://nexus.mgts.ru/repository/npmjs/,content-disposition
npmjs,https://nexus.mgts.ru/repository/npmjs/,content-type
npmjs,https://nexus.mgts.ru/repository/npmjs/,convert-source-map
npmjs,https://nexus.mgts.ru/repository/npmjs/,cookie
npmjs,https://nexus.mgts.ru/repository/npmjs/,cookie-signature
npmjs,https://nexus.mgts.ru/repository/npmjs/,copy-anything
npmjs,https://nexus.mgts.ru/repository/npmjs/,copy-concurrently
npmjs,https://nexus.mgts.ru/repository/npmjs/,copy-descriptor
npmjs,https://nexus.mgts.ru/repository/npmjs/,copy-props
npmjs,https://nexus.mgts.ru/repository/npmjs/,copy-to-clipboard
npmjs,https://nexus.mgts.ru/repository/npmjs/,copy-webpack-plugin
npmjs,https://nexus.mgts.ru/repository/npmjs/,core-assert
npmjs,https://nexus.mgts.ru/repository/npmjs/,core-js
npmjs,https://nexus.mgts.ru/repository/npmjs/,core-js-compat
npmjs,https://nexus.mgts.ru/repository/npmjs/,core-js-pure
npmjs,https://nexus.mgts.ru/repository/npmjs/,core-util-is
npmjs,https://nexus.mgts.ru/repository/npmjs/,cors
npmjs,https://nexus.mgts.ru/repository/npmjs/,cosmiconfig
npmjs,https://nexus.mgts.ru/repository/npmjs/,cp-file
npmjs,https://nexus.mgts.ru/repository/npmjs/,cpy
npmjs,https://nexus.mgts.ru/repository/npmjs/,crc-32
npmjs,https://nexus.mgts.ru/repository/npmjs/,create-ecdh
npmjs,https://nexus.mgts.ru/repository/npmjs/,create-error-class
npmjs,https://nexus.mgts.ru/repository/npmjs/,create-hash
npmjs,https://nexus.mgts.ru/repository/npmjs/,create-hmac
npmjs,https://nexus.mgts.ru/repository/npmjs/,create-ol-app
npmjs,https://nexus.mgts.ru/repository/npmjs/,create-vuetify
npmjs,https://nexus.mgts.ru/repository/npmjs/,crelt
npmjs,https://nexus.mgts.ru/repository/npmjs/,critters
npmjs,https://nexus.mgts.ru/repository/npmjs/,cross-spawn
npmjs,https://nexus.mgts.ru/repository/npmjs/,cross-spawn-async
npmjs,https://nexus.mgts.ru/repository/npmjs/,cryptiles
npmjs,https://nexus.mgts.ru/repository/npmjs/,crypto-browserify
npmjs,https://nexus.mgts.ru/repository/npmjs/,crypto-js
npmjs,https://nexus.mgts.ru/repository/npmjs/,crypto-random-string
npmjs,https://nexus.mgts.ru/repository/npmjs/,css
npmjs,https://nexus.mgts.ru/repository/npmjs/,css-blank-pseudo
npmjs,https://nexus.mgts.ru/repository/npmjs/,css-color-keywords
npmjs,https://nexus.mgts.ru/repository/npmjs/,css-color-names
npmjs,https://nexus.mgts.ru/repository/npmjs/,css-declaration-sorter
npmjs,https://nexus.mgts.ru/repository/npmjs/,css-functions-list
npmjs,https://nexus.mgts.ru/repository/npmjs/,css-has-pseudo
npmjs,https://nexus.mgts.ru/repository/npmjs/,css-line-break
npmjs,https://nexus.mgts.ru/repository/npmjs/,css-loader
npmjs,https://nexus.mgts.ru/repository/npmjs/,css-minimizer-webpack-plugin
npmjs,https://nexus.mgts.ru/repository/npmjs/,css-prefers-color-scheme
npmjs,https://nexus.mgts.ru/repository/npmjs/,css-select
npmjs,https://nexus.mgts.ru/repository/npmjs/,css-select-base-adapter
npmjs,https://nexus.mgts.ru/repository/npmjs/,css-selector-parser
npmjs,https://nexus.mgts.ru/repository/npmjs/,css-selector-tokenizer
npmjs,https://nexus.mgts.ru/repository/npmjs/,css-to-react-native
npmjs,https://nexus.mgts.ru/repository/npmjs/,css-tree
npmjs,https://nexus.mgts.ru/repository/npmjs/,css-what
npmjs,https://nexus.mgts.ru/repository/npmjs/,css.escape
npmjs,https://nexus.mgts.ru/repository/npmjs/,cssdb
npmjs,https://nexus.mgts.ru/repository/npmjs/,cssesc
npmjs,https://nexus.mgts.ru/repository/npmjs/,cssnano
npmjs,https://nexus.mgts.ru/repository/npmjs/,cssnano-preset-default
npmjs,https://nexus.mgts.ru/repository/npmjs/,cssnano-utils
npmjs,https://nexus.mgts.ru/repository/npmjs/,csso
npmjs,https://nexus.mgts.ru/repository/npmjs/,cssom
npmjs,https://nexus.mgts.ru/repository/npmjs/,cssstyle
npmjs,https://nexus.mgts.ru/repository/npmjs/,csstype
npmjs,https://nexus.mgts.ru/repository/npmjs/,currently-unhandled
npmjs,https://nexus.mgts.ru/repository/npmjs/,custom-event
npmjs,https://nexus.mgts.ru/repository/npmjs/,cwd
npmjs,https://nexus.mgts.ru/repository/npmjs/,cwebp-bin
npmjs,https://nexus.mgts.ru/repository/npmjs/,cyclist
npmjs,https://nexus.mgts.ru/repository/npmjs/,d
npmjs,https://nexus.mgts.ru/repository/npmjs/,d3-array
npmjs,https://nexus.mgts.ru/repository/npmjs/,d3-binarytree
npmjs,https://nexus.mgts.ru/repository/npmjs/,d3-color
npmjs,https://nexus.mgts.ru/repository/npmjs/,d3-dispatch
npmjs,https://nexus.mgts.ru/repository/npmjs/,d3-dsv
npmjs,https://nexus.mgts.ru/repository/npmjs/,d3-ease
npmjs,https://nexus.mgts.ru/repository/npmjs/,d3-fetch
npmjs,https://nexus.mgts.ru/repository/npmjs/,d3-force
npmjs,https://nexus.mgts.ru/repository/npmjs/,d3-force-3d
npmjs,https://nexus.mgts.ru/repository/npmjs/,d3-format
npmjs,https://nexus.mgts.ru/repository/npmjs/,d3-geo
npmjs,https://nexus.mgts.ru/repository/npmjs/,d3-geo-projection
npmjs,https://nexus.mgts.ru/repository/npmjs/,d3-hierarchy
npmjs,https://nexus.mgts.ru/repository/npmjs/,d3-interpolate
npmjs,https://nexus.mgts.ru/repository/npmjs/,d3-octree
npmjs,https://nexus.mgts.ru/repository/npmjs/,d3-path
npmjs,https://nexus.mgts.ru/repository/npmjs/,d3-quadtree
npmjs,https://nexus.mgts.ru/repository/npmjs/,d3-random
npmjs,https://nexus.mgts.ru/repository/npmjs/,d3-regression
npmjs,https://nexus.mgts.ru/repository/npmjs/,d3-scale
npmjs,https://nexus.mgts.ru/repository/npmjs/,d3-scale-chromatic
npmjs,https://nexus.mgts.ru/repository/npmjs/,d3-shape
npmjs,https://nexus.mgts.ru/repository/npmjs/,d3-time
npmjs,https://nexus.mgts.ru/repository/npmjs/,d3-time-format
npmjs,https://nexus.mgts.ru/repository/npmjs/,d3-timer
npmjs,https://nexus.mgts.ru/repository/npmjs/,d3-voronoi
npmjs,https://nexus.mgts.ru/repository/npmjs/,dagre
npmjs,https://nexus.mgts.ru/repository/npmjs/,damerau-levenshtein
npmjs,https://nexus.mgts.ru/repository/npmjs/,dash-ast
npmjs,https://nexus.mgts.ru/repository/npmjs/,dashdash
npmjs,https://nexus.mgts.ru/repository/npmjs/,data-uri-to-buffer
npmjs,https://nexus.mgts.ru/repository/npmjs/,data-urls
npmjs,https://nexus.mgts.ru/repository/npmjs/,data-view-buffer
npmjs,https://nexus.mgts.ru/repository/npmjs/,data-view-byte-length
npmjs,https://nexus.mgts.ru/repository/npmjs/,data-view-byte-offset
npmjs,https://nexus.mgts.ru/repository/npmjs/,date-fns
npmjs,https://nexus.mgts.ru/repository/npmjs/,date-fns-jalali
npmjs,https://nexus.mgts.ru/repository/npmjs/,date-format
npmjs,https://nexus.mgts.ru/repository/npmjs/,date-time
npmjs,https://nexus.mgts.ru/repository/npmjs/,dateformat
npmjs,https://nexus.mgts.ru/repository/npmjs/,dayjs
npmjs,https://nexus.mgts.ru/repository/npmjs/,debounce
npmjs,https://nexus.mgts.ru/repository/npmjs/,debounce-fn
npmjs,https://nexus.mgts.ru/repository/npmjs/,debug
npmjs,https://nexus.mgts.ru/repository/npmjs/,debug-log
npmjs,https://nexus.mgts.ru/repository/npmjs/,decamelize
npmjs,https://nexus.mgts.ru/repository/npmjs/,decamelize-keys
npmjs,https://nexus.mgts.ru/repository/npmjs/,decimal.js
npmjs,https://nexus.mgts.ru/repository/npmjs/,decimal.js-light
npmjs,https://nexus.mgts.ru/repository/npmjs/,decode-named-character-reference
npmjs,https://nexus.mgts.ru/repository/npmjs/,decode-uri-component
npmjs,https://nexus.mgts.ru/repository/npmjs/,decompress
npmjs,https://nexus.mgts.ru/repository/npmjs/,decompress-response
npmjs,https://nexus.mgts.ru/repository/npmjs/,decompress-tar
npmjs,https://nexus.mgts.ru/repository/npmjs/,decompress-tarbz2
npmjs,https://nexus.mgts.ru/repository/npmjs/,decompress-targz
npmjs,https://nexus.mgts.ru/repository/npmjs/,decompress-unzip
npmjs,https://nexus.mgts.ru/repository/npmjs/,dedent
npmjs,https://nexus.mgts.ru/repository/npmjs/,deep-diff
npmjs,https://nexus.mgts.ru/repository/npmjs/,deep-eql
npmjs,https://nexus.mgts.ru/repository/npmjs/,deep-equal
npmjs,https://nexus.mgts.ru/repository/npmjs/,deep-extend
npmjs,https://nexus.mgts.ru/repository/npmjs/,deep-is
npmjs,https://nexus.mgts.ru/repository/npmjs/,deepmerge
npmjs,https://nexus.mgts.ru/repository/npmjs/,deepmerge-ts
npmjs,https://nexus.mgts.ru/repository/npmjs/,default-browser
npmjs,https://nexus.mgts.ru/repository/npmjs/,default-browser-id
npmjs,https://nexus.mgts.ru/repository/npmjs/,default-gateway
npmjs,https://nexus.mgts.ru/repository/npmjs/,defaults
npmjs,https://nexus.mgts.ru/repository/npmjs/,define-data-property
npmjs,https://nexus.mgts.ru/repository/npmjs/,define-lazy-prop
npmjs,https://nexus.mgts.ru/repository/npmjs/,define-properties
npmjs,https://nexus.mgts.ru/repository/npmjs/,define-property
npmjs,https://nexus.mgts.ru/repository/npmjs/,defined
npmjs,https://nexus.mgts.ru/repository/npmjs/,defu
npmjs,https://nexus.mgts.ru/repository/npmjs/,degenerator
npmjs,https://nexus.mgts.ru/repository/npmjs/,degit
npmjs,https://nexus.mgts.ru/repository/npmjs/,deglob
npmjs,https://nexus.mgts.ru/repository/npmjs/,del
npmjs,https://nexus.mgts.ru/repository/npmjs/,delayed-stream
npmjs,https://nexus.mgts.ru/repository/npmjs/,delegates
npmjs,https://nexus.mgts.ru/repository/npmjs/,denque
npmjs,https://nexus.mgts.ru/repository/npmjs/,density-clustering
npmjs,https://nexus.mgts.ru/repository/npmjs/,depd
npmjs,https://nexus.mgts.ru/repository/npmjs/,dependency-graph
npmjs,https://nexus.mgts.ru/repository/npmjs/,deps-sort
npmjs,https://nexus.mgts.ru/repository/npmjs/,dequal
npmjs,https://nexus.mgts.ru/repository/npmjs/,des.js
npmjs,https://nexus.mgts.ru/repository/npmjs/,destr
npmjs,https://nexus.mgts.ru/repository/npmjs/,destroy
npmjs,https://nexus.mgts.ru/repository/npmjs/,detab
npmjs,https://nexus.mgts.ru/repository/npmjs/,detect-file
npmjs,https://nexus.mgts.ru/repository/npmjs/,detect-indent
npmjs,https://nexus.mgts.ru/repository/npmjs/,detect-libc
npmjs,https://nexus.mgts.ru/repository/npmjs/,detect-newline
npmjs,https://nexus.mgts.ru/repository/npmjs/,detect-node
npmjs,https://nexus.mgts.ru/repository/npmjs/,detect-node-es
npmjs,https://nexus.mgts.ru/repository/npmjs/,detect-package-manager
npmjs,https://nexus.mgts.ru/repository/npmjs/,detect-port
npmjs,https://nexus.mgts.ru/repository/npmjs/,detect-port-alt
npmjs,https://nexus.mgts.ru/repository/npmjs/,detective
npmjs,https://nexus.mgts.ru/repository/npmjs/,dev-ip
npmjs,https://nexus.mgts.ru/repository/npmjs/,devlop
npmjs,https://nexus.mgts.ru/repository/npmjs/,di
npmjs,https://nexus.mgts.ru/repository/npmjs/,didyoumean
npmjs,https://nexus.mgts.ru/repository/npmjs/,diff
npmjs,https://nexus.mgts.ru/repository/npmjs/,diff-match-patch
npmjs,https://nexus.mgts.ru/repository/npmjs/,diff-sequences
npmjs,https://nexus.mgts.ru/repository/npmjs/,diffie-hellman
npmjs,https://nexus.mgts.ru/repository/npmjs/,dir-glob
npmjs,https://nexus.mgts.ru/repository/npmjs/,direction
npmjs,https://nexus.mgts.ru/repository/npmjs/,dlv
npmjs,https://nexus.mgts.ru/repository/npmjs/,dns-equal
npmjs,https://nexus.mgts.ru/repository/npmjs/,dns-packet
npmjs,https://nexus.mgts.ru/repository/npmjs/,dns-txt
npmjs,https://nexus.mgts.ru/repository/npmjs/,dnssd-advertise
npmjs,https://nexus.mgts.ru/repository/npmjs/,doctrine
npmjs,https://nexus.mgts.ru/repository/npmjs/,dom-accessibility-api
npmjs,https://nexus.mgts.ru/repository/npmjs/,dom-converter
npmjs,https://nexus.mgts.ru/repository/npmjs/,dom-helpers
npmjs,https://nexus.mgts.ru/repository/npmjs/,dom-serialize
npmjs,https://nexus.mgts.ru/repository/npmjs/,dom-serializer
npmjs,https://nexus.mgts.ru/repository/npmjs/,dom-walk
npmjs,https://nexus.mgts.ru/repository/npmjs/,domain-browser
npmjs,https://nexus.mgts.ru/repository/npmjs/,domelementtype
npmjs,https://nexus.mgts.ru/repository/npmjs/,domexception
npmjs,https://nexus.mgts.ru/repository/npmjs/,domhandler
npmjs,https://nexus.mgts.ru/repository/npmjs/,domino
npmjs,https://nexus.mgts.ru/repository/npmjs/,dompurify
npmjs,https://nexus.mgts.ru/repository/npmjs/,domutils
npmjs,https://nexus.mgts.ru/repository/npmjs/,dot-case
npmjs,https://nexus.mgts.ru/repository/npmjs/,dot-prop
npmjs,https://nexus.mgts.ru/repository/npmjs/,dotenv
npmjs,https://nexus.mgts.ru/repository/npmjs/,dotenv-defaults
npmjs,https://nexus.mgts.ru/repository/npmjs/,dotenv-expand
npmjs,https://nexus.mgts.ru/repository/npmjs/,dotenv-webpack
npmjs,https://nexus.mgts.ru/repository/npmjs/,download
npmjs,https://nexus.mgts.ru/repository/npmjs/,dunder-proto
npmjs,https://nexus.mgts.ru/repository/npmjs/,duplexer
npmjs,https://nexus.mgts.ru/repository/npmjs/,duplexer2
npmjs,https://nexus.mgts.ru/repository/npmjs/,duplexer3
npmjs,https://nexus.mgts.ru/repository/npmjs/,duplexify
npmjs,https://nexus.mgts.ru/repository/npmjs/,each-props
npmjs,https://nexus.mgts.ru/repository/npmjs/,earcut
npmjs,https://nexus.mgts.ru/repository/npmjs/,eastasianwidth
npmjs,https://nexus.mgts.ru/repository/npmjs/,easy-extender
npmjs,https://nexus.mgts.ru/repository/npmjs/,eazy-logger
npmjs,https://nexus.mgts.ru/repository/npmjs/,ecc-jsbn
npmjs,https://nexus.mgts.ru/repository/npmjs/,ee-first
npmjs,https://nexus.mgts.ru/repository/npmjs/,effect
npmjs,https://nexus.mgts.ru/repository/npmjs/,ejs
npmjs,https://nexus.mgts.ru/repository/npmjs/,electron-to-chromium
npmjs,https://nexus.mgts.ru/repository/npmjs/,elliptic
npmjs,https://nexus.mgts.ru/repository/npmjs/,emitter-component
npmjs,https://nexus.mgts.ru/repository/npmjs/,emittery
npmjs,https://nexus.mgts.ru/repository/npmjs/,emoji-regex
npmjs,https://nexus.mgts.ru/repository/npmjs/,emojilib
npmjs,https://nexus.mgts.ru/repository/npmjs/,emojis-list
npmjs,https://nexus.mgts.ru/repository/npmjs/,empathic
npmjs,https://nexus.mgts.ru/repository/npmjs/,empower-core
npmjs,https://nexus.mgts.ru/repository/npmjs/,encodeurl
npmjs,https://nexus.mgts.ru/repository/npmjs/,encoding
npmjs,https://nexus.mgts.ru/repository/npmjs/,end-of-stream
npmjs,https://nexus.mgts.ru/repository/npmjs/,engine.io
npmjs,https://nexus.mgts.ru/repository/npmjs/,engine.io-client
npmjs,https://nexus.mgts.ru/repository/npmjs/,engine.io-parser
npmjs,https://nexus.mgts.ru/repository/npmjs/,enhanced-resolve
npmjs,https://nexus.mgts.ru/repository/npmjs/,enquirer
npmjs,https://nexus.mgts.ru/repository/npmjs/,ent
npmjs,https://nexus.mgts.ru/repository/npmjs/,entities
npmjs,https://nexus.mgts.ru/repository/npmjs/,env-paths
npmjs,https://nexus.mgts.ru/repository/npmjs/,envinfo
npmjs,https://nexus.mgts.ru/repository/npmjs/,err-code
npmjs,https://nexus.mgts.ru/repository/npmjs/,errno
npmjs,https://nexus.mgts.ru/repository/npmjs/,error-ex
npmjs,https://nexus.mgts.ru/repository/npmjs/,error-stack-parser
npmjs,https://nexus.mgts.ru/repository/npmjs/,errorhandler
npmjs,https://nexus.mgts.ru/repository/npmjs/,es-abstract
npmjs,https://nexus.mgts.ru/repository/npmjs/,es-array-method-boxes-properly
npmjs,https://nexus.mgts.ru/repository/npmjs/,es-define-property
npmjs,https://nexus.mgts.ru/repository/npmjs/,es-errors
npmjs,https://nexus.mgts.ru/repository/npmjs/,es-get-iterator
npmjs,https://nexus.mgts.ru/repository/npmjs/,es-iterator-helpers
npmjs,https://nexus.mgts.ru/repository/npmjs/,es-module-lexer
npmjs,https://nexus.mgts.ru/repository/npmjs/,es-object-atoms
npmjs,https://nexus.mgts.ru/repository/npmjs/,es-set-tostringtag
npmjs,https://nexus.mgts.ru/repository/npmjs/,es-shim-unscopables
npmjs,https://nexus.mgts.ru/repository/npmjs/,es-to-primitive
npmjs,https://nexus.mgts.ru/repository/npmjs/,es-toolkit
npmjs,https://nexus.mgts.ru/repository/npmjs/,es5-ext
npmjs,https://nexus.mgts.ru/repository/npmjs/,es5-shim
npmjs,https://nexus.mgts.ru/repository/npmjs/,es6-iterator
npmjs,https://nexus.mgts.ru/repository/npmjs/,es6-map
npmjs,https://nexus.mgts.ru/repository/npmjs/,es6-promise
npmjs,https://nexus.mgts.ru/repository/npmjs/,es6-promisify
npmjs,https://nexus.mgts.ru/repository/npmjs/,es6-set
npmjs,https://nexus.mgts.ru/repository/npmjs/,es6-shim
npmjs,https://nexus.mgts.ru/repository/npmjs/,es6-symbol
npmjs,https://nexus.mgts.ru/repository/npmjs/,es6-weak-map
npmjs,https://nexus.mgts.ru/repository/npmjs/,esbuild
npmjs,https://nexus.mgts.ru/repository/npmjs/,esbuild-android-arm64
npmjs,https://nexus.mgts.ru/repository/npmjs/,esbuild-darwin-64
npmjs,https://nexus.mgts.ru/repository/npmjs/,esbuild-darwin-arm64
npmjs,https://nexus.mgts.ru/repository/npmjs/,esbuild-freebsd-64
npmjs,https://nexus.mgts.ru/repository/npmjs/,esbuild-freebsd-arm64
npmjs,https://nexus.mgts.ru/repository/npmjs/,esbuild-linux-32
npmjs,https://nexus.mgts.ru/repository/npmjs/,esbuild-linux-64
npmjs,https://nexus.mgts.ru/repository/npmjs/,esbuild-linux-arm
npmjs,https://nexus.mgts.ru/repository/npmjs/,esbuild-linux-arm64
npmjs,https://nexus.mgts.ru/repository/npmjs/,esbuild-linux-mips64le
npmjs,https://nexus.mgts.ru/repository/npmjs/,esbuild-linux-ppc64le
npmjs,https://nexus.mgts.ru/repository/npmjs/,esbuild-linux-riscv64
npmjs,https://nexus.mgts.ru/repository/npmjs/,esbuild-linux-s390x
npmjs,https://nexus.mgts.ru/repository/npmjs/,esbuild-netbsd-64
npmjs,https://nexus.mgts.ru/repository/npmjs/,esbuild-openbsd-64
npmjs,https://nexus.mgts.ru/repository/npmjs/,esbuild-register
npmjs,https://nexus.mgts.ru/repository/npmjs/,esbuild-sunos-64
npmjs,https://nexus.mgts.ru/repository/npmjs/,esbuild-wasm
npmjs,https://nexus.mgts.ru/repository/npmjs/,esbuild-windows-32
npmjs,https://nexus.mgts.ru/repository/npmjs/,esbuild-windows-64
npmjs,https://nexus.mgts.ru/repository/npmjs/,esbuild-windows-arm64
npmjs,https://nexus.mgts.ru/repository/npmjs/,escalade
npmjs,https://nexus.mgts.ru/repository/npmjs/,escape-html
npmjs,https://nexus.mgts.ru/repository/npmjs/,escape-string-regexp
npmjs,https://nexus.mgts.ru/repository/npmjs/,escodegen
npmjs,https://nexus.mgts.ru/repository/npmjs/,escope
npmjs,https://nexus.mgts.ru/repository/npmjs/,eslint
npmjs,https://nexus.mgts.ru/repository/npmjs/,eslint-compat-utils
npmjs,https://nexus.mgts.ru/repository/npmjs/,eslint-config-airbnb
npmjs,https://nexus.mgts.ru/repository/npmjs/,eslint-config-airbnb-base
npmjs,https://nexus.mgts.ru/repository/npmjs/,eslint-config-airbnb-typescript
npmjs,https://nexus.mgts.ru/repository/npmjs/,eslint-config-flat-gitignore
npmjs,https://nexus.mgts.ru/repository/npmjs/,eslint-config-next
npmjs,https://nexus.mgts.ru/repository/npmjs/,eslint-config-prettier
npmjs,https://nexus.mgts.ru/repository/npmjs/,eslint-config-react-app
npmjs,https://nexus.mgts.ru/repository/npmjs/,eslint-config-standard
npmjs,https://nexus.mgts.ru/repository/npmjs/,eslint-config-standard-jsx
npmjs,https://nexus.mgts.ru/repository/npmjs/,eslint-config-vuetify
npmjs,https://nexus.mgts.ru/repository/npmjs/,eslint-flat-config-utils
npmjs,https://nexus.mgts.ru/repository/npmjs/,eslint-import-context
npmjs,https://nexus.mgts.ru/repository/npmjs/,eslint-import-resolver-node
npmjs,https://nexus.mgts.ru/repository/npmjs/,eslint-import-resolver-typescript
npmjs,https://nexus.mgts.ru/repository/npmjs/,eslint-json-compat-utils
npmjs,https://nexus.mgts.ru/repository/npmjs/,eslint-module-utils
npmjs,https://nexus.mgts.ru/repository/npmjs/,eslint-plugin-antfu
npmjs,https://nexus.mgts.ru/repository/npmjs/,eslint-plugin-eslint-comments
npmjs,https://nexus.mgts.ru/repository/npmjs/,eslint-plugin-flowtype
npmjs,https://nexus.mgts.ru/repository/npmjs/,eslint-plugin-import
npmjs,https://nexus.mgts.ru/repository/npmjs/,eslint-plugin-import-x
npmjs,https://nexus.mgts.ru/repository/npmjs/,eslint-plugin-jest
npmjs,https://nexus.mgts.ru/repository/npmjs/,eslint-plugin-jsdoc
npmjs,https://nexus.mgts.ru/repository/npmjs/,eslint-plugin-jsonc
npmjs,https://nexus.mgts.ru/repository/npmjs/,eslint-plugin-jsx-a11y
npmjs,https://nexus.mgts.ru/repository/npmjs/,eslint-plugin-no-only-tests
npmjs,https://nexus.mgts.ru/repository/npmjs/,eslint-plugin-perfectionist
npmjs,https://nexus.mgts.ru/repository/npmjs/,eslint-plugin-pnpm
npmjs,https://nexus.mgts.ru/repository/npmjs/,eslint-plugin-prefer-arrow
npmjs,https://nexus.mgts.ru/repository/npmjs/,eslint-plugin-prettier
npmjs,https://nexus.mgts.ru/repository/npmjs/,eslint-plugin-promise
npmjs,https://nexus.mgts.ru/repository/npmjs/,eslint-plugin-react
npmjs,https://nexus.mgts.ru/repository/npmjs/,eslint-plugin-react-hooks
npmjs,https://nexus.mgts.ru/repository/npmjs/,eslint-plugin-react-refresh
npmjs,https://nexus.mgts.ru/repository/npmjs/,eslint-plugin-regexp
npmjs,https://nexus.mgts.ru/repository/npmjs/,eslint-plugin-simple-import-sort
npmjs,https://nexus.mgts.ru/repository/npmjs/,eslint-plugin-standard
npmjs,https://nexus.mgts.ru/repository/npmjs/,eslint-plugin-storybook
npmjs,https://nexus.mgts.ru/repository/npmjs/,eslint-plugin-testing-library
npmjs,https://nexus.mgts.ru/repository/npmjs/,eslint-plugin-unicorn
npmjs,https://nexus.mgts.ru/repository/npmjs/,eslint-plugin-unused-imports
npmjs,https://nexus.mgts.ru/repository/npmjs/,eslint-plugin-vue
npmjs,https://nexus.mgts.ru/repository/npmjs/,eslint-plugin-vuejs-accessibility
npmjs,https://nexus.mgts.ru/repository/npmjs/,eslint-scope
npmjs,https://nexus.mgts.ru/repository/npmjs/,eslint-typegen
npmjs,https://nexus.mgts.ru/repository/npmjs/,eslint-utils
npmjs,https://nexus.mgts.ru/repository/npmjs/,eslint-visitor-keys
npmjs,https://nexus.mgts.ru/repository/npmjs/,eslint-webpack-plugin
npmjs,https://nexus.mgts.ru/repository/npmjs/,esniff
npmjs,https://nexus.mgts.ru/repository/npmjs/,espower-location-detector
npmjs,https://nexus.mgts.ru/repository/npmjs/,espree
npmjs,https://nexus.mgts.ru/repository/npmjs/,esprima
npmjs,https://nexus.mgts.ru/repository/npmjs/,espurify
npmjs,https://nexus.mgts.ru/repository/npmjs/,esquery
npmjs,https://nexus.mgts.ru/repository/npmjs/,esrecurse
npmjs,https://nexus.mgts.ru/repository/npmjs/,estraverse
npmjs,https://nexus.mgts.ru/repository/npmjs/,estree-util-is-identifier-name
npmjs,https://nexus.mgts.ru/repository/npmjs/,estree-walker
npmjs,https://nexus.mgts.ru/repository/npmjs/,esutils
npmjs,https://nexus.mgts.ru/repository/npmjs/,etag
npmjs,https://nexus.mgts.ru/repository/npmjs/,event-emitter
npmjs,https://nexus.mgts.ru/repository/npmjs/,eventemitter-asyncresource
npmjs,https://nexus.mgts.ru/repository/npmjs/,eventemitter3
npmjs,https://nexus.mgts.ru/repository/npmjs/,events
npmjs,https://nexus.mgts.ru/repository/npmjs/,evp_bytestokey
npmjs,https://nexus.mgts.ru/repository/npmjs/,exec-sh
npmjs,https://nexus.mgts.ru/repository/npmjs/,execa
npmjs,https://nexus.mgts.ru/repository/npmjs/,executable
npmjs,https://nexus.mgts.ru/repository/npmjs/,exenv
npmjs,https://nexus.mgts.ru/repository/npmjs/,exit
npmjs,https://nexus.mgts.ru/repository/npmjs/,exit-hook
npmjs,https://nexus.mgts.ru/repository/npmjs/,expand-braces
npmjs,https://nexus.mgts.ru/repository/npmjs/,expand-brackets
npmjs,https://nexus.mgts.ru/repository/npmjs/,expand-range
npmjs,https://nexus.mgts.ru/repository/npmjs/,expand-tilde
npmjs,https://nexus.mgts.ru/repository/npmjs/,expect
npmjs,https://nexus.mgts.ru/repository/npmjs/,expect-puppeteer
npmjs,https://nexus.mgts.ru/repository/npmjs/,expect-type
npmjs,https://nexus.mgts.ru/repository/npmjs/,expo
npmjs,https://nexus.mgts.ru/repository/npmjs/,expo-asset
npmjs,https://nexus.mgts.ru/repository/npmjs/,expo-constants
npmjs,https://nexus.mgts.ru/repository/npmjs/,expo-file-system
npmjs,https://nexus.mgts.ru/repository/npmjs/,expo-font
npmjs,https://nexus.mgts.ru/repository/npmjs/,expo-keep-awake
npmjs,https://nexus.mgts.ru/repository/npmjs/,expo-linking
npmjs,https://nexus.mgts.ru/repository/npmjs/,expo-modules-autolinking
npmjs,https://nexus.mgts.ru/repository/npmjs/,expo-modules-core
npmjs,https://nexus.mgts.ru/repository/npmjs/,expo-router
npmjs,https://nexus.mgts.ru/repository/npmjs/,expo-server
npmjs,https://nexus.mgts.ru/repository/npmjs/,expo-widgets
npmjs,https://nexus.mgts.ru/repository/npmjs/,exponential-backoff
npmjs,https://nexus.mgts.ru/repository/npmjs/,export-dirs
npmjs,https://nexus.mgts.ru/repository/npmjs/,export-files
npmjs,https://nexus.mgts.ru/repository/npmjs/,exports-loader
npmjs,https://nexus.mgts.ru/repository/npmjs/,express
npmjs,https://nexus.mgts.ru/repository/npmjs/,express-urlrewrite
npmjs,https://nexus.mgts.ru/repository/npmjs/,exsolve
npmjs,https://nexus.mgts.ru/repository/npmjs/,ext
npmjs,https://nexus.mgts.ru/repository/npmjs/,ext-list
npmjs,https://nexus.mgts.ru/repository/npmjs/,ext-name
npmjs,https://nexus.mgts.ru/repository/npmjs/,extend
npmjs,https://nexus.mgts.ru/repository/npmjs/,extend-shallow
npmjs,https://nexus.mgts.ru/repository/npmjs/,external-editor
npmjs,https://nexus.mgts.ru/repository/npmjs/,extglob
npmjs,https://nexus.mgts.ru/repository/npmjs/,extract-text-webpack-plugin
npmjs,https://nexus.mgts.ru/repository/npmjs/,extract-zip
npmjs,https://nexus.mgts.ru/repository/npmjs/,extsprintf
npmjs,https://nexus.mgts.ru/repository/npmjs/,fancy-log
npmjs,https://nexus.mgts.ru/repository/npmjs/,fast-check
npmjs,https://nexus.mgts.ru/repository/npmjs/,fast-deep-equal
npmjs,https://nexus.mgts.ru/repository/npmjs/,fast-diff
npmjs,https://nexus.mgts.ru/repository/npmjs/,fast-equals
npmjs,https://nexus.mgts.ru/repository/npmjs/,fast-fifo
npmjs,https://nexus.mgts.ru/repository/npmjs/,fast-glob
npmjs,https://nexus.mgts.ru/repository/npmjs/,fast-json-stable-stringify
npmjs,https://nexus.mgts.ru/repository/npmjs/,fast-levenshtein
npmjs,https://nexus.mgts.ru/repository/npmjs/,fast-plist
npmjs,https://nexus.mgts.ru/repository/npmjs/,fast-png
npmjs,https://nexus.mgts.ru/repository/npmjs/,fast-safe-stringify
npmjs,https://nexus.mgts.ru/repository/npmjs/,fast-uri
npmjs,https://nexus.mgts.ru/repository/npmjs/,fast-xml-parser
npmjs,https://nexus.mgts.ru/repository/npmjs/,fastest-levenshtein
npmjs,https://nexus.mgts.ru/repository/npmjs/,fastparse
npmjs,https://nexus.mgts.ru/repository/npmjs/,fastq
npmjs,https://nexus.mgts.ru/repository/npmjs/,faye-websocket
npmjs,https://nexus.mgts.ru/repository/npmjs/,fb-watchman
npmjs,https://nexus.mgts.ru/repository/npmjs/,fd-package-json
npmjs,https://nexus.mgts.ru/repository/npmjs/,fd-slicer
npmjs,https://nexus.mgts.ru/repository/npmjs/,fdir
npmjs,https://nexus.mgts.ru/repository/npmjs/,fecha
npmjs,https://nexus.mgts.ru/repository/npmjs/,fetch-nodeshim
npmjs,https://nexus.mgts.ru/repository/npmjs/,fetch-retry
npmjs,https://nexus.mgts.ru/repository/npmjs/,fflate
npmjs,https://nexus.mgts.ru/repository/npmjs/,fibers
npmjs,https://nexus.mgts.ru/repository/npmjs/,figgy-pudding
npmjs,https://nexus.mgts.ru/repository/npmjs/,figlet
npmjs,https://nexus.mgts.ru/repository/npmjs/,figures
npmjs,https://nexus.mgts.ru/repository/npmjs/,file-entry-cache
npmjs,https://nexus.mgts.ru/repository/npmjs/,file-loader
npmjs,https://nexus.mgts.ru/repository/npmjs/,file-saver
npmjs,https://nexus.mgts.ru/repository/npmjs/,file-selector
npmjs,https://nexus.mgts.ru/repository/npmjs/,file-system-cache
npmjs,https://nexus.mgts.ru/repository/npmjs/,file-type
npmjs,https://nexus.mgts.ru/repository/npmjs/,file-uri-to-path
npmjs,https://nexus.mgts.ru/repository/npmjs/,filelist
npmjs,https://nexus.mgts.ru/repository/npmjs/,filename-regex
npmjs,https://nexus.mgts.ru/repository/npmjs/,filename-reserved-regex
npmjs,https://nexus.mgts.ru/repository/npmjs/,filenamify
npmjs,https://nexus.mgts.ru/repository/npmjs/,fileset
npmjs,https://nexus.mgts.ru/repository/npmjs/,filesize
npmjs,https://nexus.mgts.ru/repository/npmjs/,fill-range
npmjs,https://nexus.mgts.ru/repository/npmjs/,filled-array
npmjs,https://nexus.mgts.ru/repository/npmjs/,filter-obj
npmjs,https://nexus.mgts.ru/repository/npmjs/,finalhandler
npmjs,https://nexus.mgts.ru/repository/npmjs/,find-cache-dir
npmjs,https://nexus.mgts.ru/repository/npmjs/,find-file-up
npmjs,https://nexus.mgts.ru/repository/npmjs/,find-pkg
npmjs,https://nexus.mgts.ru/repository/npmjs/,find-process
npmjs,https://nexus.mgts.ru/repository/npmjs/,find-replace
npmjs,https://nexus.mgts.ru/repository/npmjs/,find-root
npmjs,https://nexus.mgts.ru/repository/npmjs/,find-up
npmjs,https://nexus.mgts.ru/repository/npmjs/,find-up-simple
npmjs,https://nexus.mgts.ru/repository/npmjs/,find-versions
npmjs,https://nexus.mgts.ru/repository/npmjs/,find-yarn-workspace-root2
npmjs,https://nexus.mgts.ru/repository/npmjs/,findup-sync
npmjs,https://nexus.mgts.ru/repository/npmjs/,fined
npmjs,https://nexus.mgts.ru/repository/npmjs/,flagged-respawn
npmjs,https://nexus.mgts.ru/repository/npmjs/,flat
npmjs,https://nexus.mgts.ru/repository/npmjs/,flat-cache
npmjs,https://nexus.mgts.ru/repository/npmjs/,flatted
npmjs,https://nexus.mgts.ru/repository/npmjs/,flatten
npmjs,https://nexus.mgts.ru/repository/npmjs/,flow-enums-runtime
npmjs,https://nexus.mgts.ru/repository/npmjs/,flow-parser
npmjs,https://nexus.mgts.ru/repository/npmjs/,flru
npmjs,https://nexus.mgts.ru/repository/npmjs/,flush-write-stream
npmjs,https://nexus.mgts.ru/repository/npmjs/,fn-name
npmjs,https://nexus.mgts.ru/repository/npmjs/,focus-lock
npmjs,https://nexus.mgts.ru/repository/npmjs/,follow-redirects
npmjs,https://nexus.mgts.ru/repository/npmjs/,font-awesome
npmjs,https://nexus.mgts.ru/repository/npmjs/,fontfaceobserver
npmjs,https://nexus.mgts.ru/repository/npmjs/,for-each
npmjs,https://nexus.mgts.ru/repository/npmjs/,for-in
npmjs,https://nexus.mgts.ru/repository/npmjs/,for-own
npmjs,https://nexus.mgts.ru/repository/npmjs/,foreground-child
npmjs,https://nexus.mgts.ru/repository/npmjs/,forever-agent
npmjs,https://nexus.mgts.ru/repository/npmjs/,fork-ts-checker-webpack-plugin
npmjs,https://nexus.mgts.ru/repository/npmjs/,form-data
npmjs,https://nexus.mgts.ru/repository/npmjs/,forwarded
npmjs,https://nexus.mgts.ru/repository/npmjs/,frac
npmjs,https://nexus.mgts.ru/repository/npmjs/,fraction.js
npmjs,https://nexus.mgts.ru/repository/npmjs/,fragment-cache
npmjs,https://nexus.mgts.ru/repository/npmjs/,framer-motion
npmjs,https://nexus.mgts.ru/repository/npmjs/,fresh
npmjs,https://nexus.mgts.ru/repository/npmjs/,from2
npmjs,https://nexus.mgts.ru/repository/npmjs/,fs-constants
npmjs,https://nexus.mgts.ru/repository/npmjs/,fs-exists-sync
npmjs,https://nexus.mgts.ru/repository/npmjs/,fs-extra
npmjs,https://nexus.mgts.ru/repository/npmjs/,fs-minipass
npmjs,https://nexus.mgts.ru/repository/npmjs/,fs-mkdirp-stream
npmjs,https://nexus.mgts.ru/repository/npmjs/,fs-monkey
npmjs,https://nexus.mgts.ru/repository/npmjs/,fs-write-stream-atomic
npmjs,https://nexus.mgts.ru/repository/npmjs/,fs.realpath
npmjs,https://nexus.mgts.ru/repository/npmjs/,fsevents
npmjs,https://nexus.mgts.ru/repository/npmjs/,fstream
npmjs,https://nexus.mgts.ru/repository/npmjs/,function-bind
npmjs,https://nexus.mgts.ru/repository/npmjs/,function.prototype.name
npmjs,https://nexus.mgts.ru/repository/npmjs/,functional-red-black-tree
npmjs,https://nexus.mgts.ru/repository/npmjs/,functions-have-names
npmjs,https://nexus.mgts.ru/repository/npmjs/,fuse.js
npmjs,https://nexus.mgts.ru/repository/npmjs/,gauge
npmjs,https://nexus.mgts.ru/repository/npmjs/,gaze
npmjs,https://nexus.mgts.ru/repository/npmjs/,geist
npmjs,https://nexus.mgts.ru/repository/npmjs/,geist-mono
npmjs,https://nexus.mgts.ru/repository/npmjs/,generate-function
npmjs,https://nexus.mgts.ru/repository/npmjs/,generate-object-property
npmjs,https://nexus.mgts.ru/repository/npmjs/,generator-function
npmjs,https://nexus.mgts.ru/repository/npmjs/,gensync
npmjs,https://nexus.mgts.ru/repository/npmjs/,geojson
npmjs,https://nexus.mgts.ru/repository/npmjs/,geojson-equality
npmjs,https://nexus.mgts.ru/repository/npmjs/,geojson-rbush
npmjs,https://nexus.mgts.ru/repository/npmjs/,geotiff
npmjs,https://nexus.mgts.ru/repository/npmjs/,get-assigned-identifiers
npmjs,https://nexus.mgts.ru/repository/npmjs/,get-caller-file
npmjs,https://nexus.mgts.ru/repository/npmjs/,get-func-name
npmjs,https://nexus.mgts.ru/repository/npmjs/,get-intrinsic
npmjs,https://nexus.mgts.ru/repository/npmjs/,get-nonce
npmjs,https://nexus.mgts.ru/repository/npmjs/,get-own-enumerable-property-symbols
npmjs,https://nexus.mgts.ru/repository/npmjs/,get-package-type
npmjs,https://nexus.mgts.ru/repository/npmjs/,get-port
npmjs,https://nexus.mgts.ru/repository/npmjs/,get-port-please
npmjs,https://nexus.mgts.ru/repository/npmjs/,get-proto
npmjs,https://nexus.mgts.ru/repository/npmjs/,get-proxy
npmjs,https://nexus.mgts.ru/repository/npmjs/,get-stdin
npmjs,https://nexus.mgts.ru/repository/npmjs/,get-stream
npmjs,https://nexus.mgts.ru/repository/npmjs/,get-symbol-description
npmjs,https://nexus.mgts.ru/repository/npmjs/,get-tsconfig
npmjs,https://nexus.mgts.ru/repository/npmjs/,get-uri
npmjs,https://nexus.mgts.ru/repository/npmjs/,get-value
npmjs,https://nexus.mgts.ru/repository/npmjs/,getenv
npmjs,https://nexus.mgts.ru/repository/npmjs/,getpass
npmjs,https://nexus.mgts.ru/repository/npmjs/,gifsicle
npmjs,https://nexus.mgts.ru/repository/npmjs/,giget
npmjs,https://nexus.mgts.ru/repository/npmjs/,github-slugger
npmjs,https://nexus.mgts.ru/repository/npmjs/,gl-matrix
npmjs,https://nexus.mgts.ru/repository/npmjs/,glob
npmjs,https://nexus.mgts.ru/repository/npmjs/,glob-base
npmjs,https://nexus.mgts.ru/repository/npmjs/,glob-parent
npmjs,https://nexus.mgts.ru/repository/npmjs/,glob-promise
npmjs,https://nexus.mgts.ru/repository/npmjs/,glob-stream
npmjs,https://nexus.mgts.ru/repository/npmjs/,glob-to-regexp
npmjs,https://nexus.mgts.ru/repository/npmjs/,glob-watcher
npmjs,https://nexus.mgts.ru/repository/npmjs/,global
npmjs,https://nexus.mgts.ru/repository/npmjs/,global-modules
npmjs,https://nexus.mgts.ru/repository/npmjs/,global-prefix
npmjs,https://nexus.mgts.ru/repository/npmjs/,globals
npmjs,https://nexus.mgts.ru/repository/npmjs/,globalthis
npmjs,https://nexus.mgts.ru/repository/npmjs/,globby
npmjs,https://nexus.mgts.ru/repository/npmjs/,globjoin
npmjs,https://nexus.mgts.ru/repository/npmjs/,globule
npmjs,https://nexus.mgts.ru/repository/npmjs/,glogg
npmjs,https://nexus.mgts.ru/repository/npmjs/,glur
npmjs,https://nexus.mgts.ru/repository/npmjs/,gopd
npmjs,https://nexus.mgts.ru/repository/npmjs/,got
npmjs,https://nexus.mgts.ru/repository/npmjs/,graceful-fs
npmjs,https://nexus.mgts.ru/repository/npmjs/,graceful-readlink
npmjs,https://nexus.mgts.ru/repository/npmjs/,grammex
npmjs,https://nexus.mgts.ru/repository/npmjs/,granat2.0-react
npmjs,https://nexus.mgts.ru/repository/npmjs/,graphemer
npmjs,https://nexus.mgts.ru/repository/npmjs/,graphlib
npmjs,https://nexus.mgts.ru/repository/npmjs/,graphmatch
npmjs,https://nexus.mgts.ru/repository/npmjs/,gray-matter
npmjs,https://nexus.mgts.ru/repository/npmjs/,growl
npmjs,https://nexus.mgts.ru/repository/npmjs/,grpc
npmjs,https://nexus.mgts.ru/repository/npmjs/,grpc-caller
npmjs,https://nexus.mgts.ru/repository/npmjs/,grpc-create-metadata
npmjs,https://nexus.mgts.ru/repository/npmjs/,grpc-inspect
npmjs,https://nexus.mgts.ru/repository/npmjs/,gulp
npmjs,https://nexus.mgts.ru/repository/npmjs/,gulp-autoprefixer
npmjs,https://nexus.mgts.ru/repository/npmjs/,gulp-clean
npmjs,https://nexus.mgts.ru/repository/npmjs/,gulp-clean-css
npmjs,https://nexus.mgts.ru/repository/npmjs/,gulp-cli
npmjs,https://nexus.mgts.ru/repository/npmjs/,gulp-concat
npmjs,https://nexus.mgts.ru/repository/npmjs/,gulp-less
npmjs,https://nexus.mgts.ru/repository/npmjs/,gulp-sass
npmjs,https://nexus.mgts.ru/repository/npmjs/,gulp-uglify-es
npmjs,https://nexus.mgts.ru/repository/npmjs/,gulplog
npmjs,https://nexus.mgts.ru/repository/npmjs/,gzip-size
npmjs,https://nexus.mgts.ru/repository/npmjs/,handle-thing
npmjs,https://nexus.mgts.ru/repository/npmjs/,handlebars
npmjs,https://nexus.mgts.ru/repository/npmjs/,har-schema
npmjs,https://nexus.mgts.ru/repository/npmjs/,har-validator
npmjs,https://nexus.mgts.ru/repository/npmjs/,hard-rejection
npmjs,https://nexus.mgts.ru/repository/npmjs/,harmony-reflect
npmjs,https://nexus.mgts.ru/repository/npmjs/,has
npmjs,https://nexus.mgts.ru/repository/npmjs/,has-ansi
npmjs,https://nexus.mgts.ru/repository/npmjs/,has-bigints
npmjs,https://nexus.mgts.ru/repository/npmjs/,has-binary
npmjs,https://nexus.mgts.ru/repository/npmjs/,has-color
npmjs,https://nexus.mgts.ru/repository/npmjs/,has-cors
npmjs,https://nexus.mgts.ru/repository/npmjs/,has-flag
npmjs,https://nexus.mgts.ru/repository/npmjs/,has-glob
npmjs,https://nexus.mgts.ru/repository/npmjs/,has-property-descriptors
npmjs,https://nexus.mgts.ru/repository/npmjs/,has-proto
npmjs,https://nexus.mgts.ru/repository/npmjs/,has-symbol-support-x
npmjs,https://nexus.mgts.ru/repository/npmjs/,has-symbols
npmjs,https://nexus.mgts.ru/repository/npmjs/,has-to-string-tag-x
npmjs,https://nexus.mgts.ru/repository/npmjs/,has-tostringtag
npmjs,https://nexus.mgts.ru/repository/npmjs/,has-unicode
npmjs,https://nexus.mgts.ru/repository/npmjs/,has-value
npmjs,https://nexus.mgts.ru/repository/npmjs/,has-values
npmjs,https://nexus.mgts.ru/repository/npmjs/,hash-base
npmjs,https://nexus.mgts.ru/repository/npmjs/,hash.js
npmjs,https://nexus.mgts.ru/repository/npmjs/,hasha
npmjs,https://nexus.mgts.ru/repository/npmjs/,hasown
npmjs,https://nexus.mgts.ru/repository/npmjs/,hast-to-hyperscript
npmjs,https://nexus.mgts.ru/repository/npmjs/,hast-util-from-parse5
npmjs,https://nexus.mgts.ru/repository/npmjs/,hast-util-has-property
npmjs,https://nexus.mgts.ru/repository/npmjs/,hast-util-heading-rank
npmjs,https://nexus.mgts.ru/repository/npmjs/,hast-util-is-element
npmjs,https://nexus.mgts.ru/repository/npmjs/,hast-util-parse-selector
npmjs,https://nexus.mgts.ru/repository/npmjs/,hast-util-raw
npmjs,https://nexus.mgts.ru/repository/npmjs/,hast-util-select
npmjs,https://nexus.mgts.ru/repository/npmjs/,hast-util-to-html
npmjs,https://nexus.mgts.ru/repository/npmjs/,hast-util-to-jsx-runtime
npmjs,https://nexus.mgts.ru/repository/npmjs/,hast-util-to-parse5
npmjs,https://nexus.mgts.ru/repository/npmjs/,hast-util-to-string
npmjs,https://nexus.mgts.ru/repository/npmjs/,hast-util-whitespace
npmjs,https://nexus.mgts.ru/repository/npmjs/,hastscript
npmjs,https://nexus.mgts.ru/repository/npmjs/,hawk
npmjs,https://nexus.mgts.ru/repository/npmjs/,hdr-histogram-js
npmjs,https://nexus.mgts.ru/repository/npmjs/,hdr-histogram-percentiles-obj
npmjs,https://nexus.mgts.ru/repository/npmjs/,he
npmjs,https://nexus.mgts.ru/repository/npmjs/,hermes-compiler
npmjs,https://nexus.mgts.ru/repository/npmjs/,hermes-estree
npmjs,https://nexus.mgts.ru/repository/npmjs/,hermes-parser
npmjs,https://nexus.mgts.ru/repository/npmjs/,highlight.js
npmjs,https://nexus.mgts.ru/repository/npmjs/,highlightjs-line-numbers.js
npmjs,https://nexus.mgts.ru/repository/npmjs/,hmac-drbg
npmjs,https://nexus.mgts.ru/repository/npmjs/,hoek
npmjs,https://nexus.mgts.ru/repository/npmjs/,hoist-non-react-statics
npmjs,https://nexus.mgts.ru/repository/npmjs/,home-or-tmp
npmjs,https://nexus.mgts.ru/repository/npmjs/,homedir-polyfill
npmjs,https://nexus.mgts.ru/repository/npmjs/,hono
npmjs,https://nexus.mgts.ru/repository/npmjs/,hoopy
npmjs,https://nexus.mgts.ru/repository/npmjs/,hosted-git-info
npmjs,https://nexus.mgts.ru/repository/npmjs/,hpack.js
npmjs,https://nexus.mgts.ru/repository/npmjs/,html-comment-regex
npmjs,https://nexus.mgts.ru/repository/npmjs/,html-encoding-sniffer
npmjs,https://nexus.mgts.ru/repository/npmjs/,html-entities
npmjs,https://nexus.mgts.ru/repository/npmjs/,html-escaper
npmjs,https://nexus.mgts.ru/repository/npmjs/,html-loader
npmjs,https://nexus.mgts.ru/repository/npmjs/,html-minifier-terser
npmjs,https://nexus.mgts.ru/repository/npmjs/,html-tags
npmjs,https://nexus.mgts.ru/repository/npmjs/,html-url-attributes
npmjs,https://nexus.mgts.ru/repository/npmjs/,html-void-elements
npmjs,https://nexus.mgts.ru/repository/npmjs/,html-webpack-plugin
npmjs,https://nexus.mgts.ru/repository/npmjs/,html2canvas
npmjs,https://nexus.mgts.ru/repository/npmjs/,htmlescape
npmjs,https://nexus.mgts.ru/repository/npmjs/,htmlparser2
npmjs,https://nexus.mgts.ru/repository/npmjs/,http-browserify
npmjs,https://nexus.mgts.ru/repository/npmjs/,http-cache-semantics
npmjs,https://nexus.mgts.ru/repository/npmjs/,http-deceiver
npmjs,https://nexus.mgts.ru/repository/npmjs/,http-errors
npmjs,https://nexus.mgts.ru/repository/npmjs/,http-parser-js
npmjs,https://nexus.mgts.ru/repository/npmjs/,http-proxy
npmjs,https://nexus.mgts.ru/repository/npmjs/,http-proxy-agent
npmjs,https://nexus.mgts.ru/repository/npmjs/,http-proxy-middleware
npmjs,https://nexus.mgts.ru/repository/npmjs/,http-signature
npmjs,https://nexus.mgts.ru/repository/npmjs/,http-status-codes
npmjs,https://nexus.mgts.ru/repository/npmjs/,https-browserify
npmjs,https://nexus.mgts.ru/repository/npmjs/,https-proxy-agent
npmjs,https://nexus.mgts.ru/repository/npmjs/,human-signals
npmjs,https://nexus.mgts.ru/repository/npmjs/,humanize-ms
npmjs,https://nexus.mgts.ru/repository/npmjs/,husky
npmjs,https://nexus.mgts.ru/repository/npmjs/,hyperdyperid
npmjs,https://nexus.mgts.ru/repository/npmjs/,i18next
npmjs,https://nexus.mgts.ru/repository/npmjs/,i18next-xhr-backend
npmjs,https://nexus.mgts.ru/repository/npmjs/,iconv-lite
npmjs,https://nexus.mgts.ru/repository/npmjs/,icss-replace-symbols
npmjs,https://nexus.mgts.ru/repository/npmjs/,icss-utils
npmjs,https://nexus.mgts.ru/repository/npmjs/,idb
npmjs,https://nexus.mgts.ru/repository/npmjs/,identity-obj-proxy
npmjs,https://nexus.mgts.ru/repository/npmjs/,ieee754
npmjs,https://nexus.mgts.ru/repository/npmjs/,iferr
npmjs,https://nexus.mgts.ru/repository/npmjs/,ignore
npmjs,https://nexus.mgts.ru/repository/npmjs/,ignore-by-default
npmjs,https://nexus.mgts.ru/repository/npmjs/,ignore-walk
npmjs,https://nexus.mgts.ru/repository/npmjs/,image-minimizer-webpack-plugin
npmjs,https://nexus.mgts.ru/repository/npmjs/,image-size
npmjs,https://nexus.mgts.ru/repository/npmjs/,imask
npmjs,https://nexus.mgts.ru/repository/npmjs/,immediate
npmjs,https://nexus.mgts.ru/repository/npmjs/,immer
npmjs,https://nexus.mgts.ru/repository/npmjs/,immutable
npmjs,https://nexus.mgts.ru/repository/npmjs/,import-fresh
npmjs,https://nexus.mgts.ru/repository/npmjs/,import-from-esm
npmjs,https://nexus.mgts.ru/repository/npmjs/,import-lazy
npmjs,https://nexus.mgts.ru/repository/npmjs/,import-local
npmjs,https://nexus.mgts.ru/repository/npmjs/,import-meta-resolve
npmjs,https://nexus.mgts.ru/repository/npmjs/,imports-loader
npmjs,https://nexus.mgts.ru/repository/npmjs/,imurmurhash
npmjs,https://nexus.mgts.ru/repository/npmjs/,in-publish
npmjs,https://nexus.mgts.ru/repository/npmjs/,indent-string
npmjs,https://nexus.mgts.ru/repository/npmjs/,index-to-position
npmjs,https://nexus.mgts.ru/repository/npmjs/,indexes-of
npmjs,https://nexus.mgts.ru/repository/npmjs/,indexof
npmjs,https://nexus.mgts.ru/repository/npmjs/,infer-owner
npmjs,https://nexus.mgts.ru/repository/npmjs/,inflight
npmjs,https://nexus.mgts.ru/repository/npmjs/,inherits
npmjs,https://nexus.mgts.ru/repository/npmjs/,ini
npmjs,https://nexus.mgts.ru/repository/npmjs/,inline-source-map
npmjs,https://nexus.mgts.ru/repository/npmjs/,inline-style-parser
npmjs,https://nexus.mgts.ru/repository/npmjs/,inquirer
npmjs,https://nexus.mgts.ru/repository/npmjs/,inquirer-autocomplete-prompt
npmjs,https://nexus.mgts.ru/repository/npmjs/,insert-module-globals
npmjs,https://nexus.mgts.ru/repository/npmjs/,internal-slot
npmjs,https://nexus.mgts.ru/repository/npmjs/,internmap
npmjs,https://nexus.mgts.ru/repository/npmjs/,interpret
npmjs,https://nexus.mgts.ru/repository/npmjs/,intl-messageformat
npmjs,https://nexus.mgts.ru/repository/npmjs/,intl-unofficial-duration-unit-format
npmjs,https://nexus.mgts.ru/repository/npmjs/,into-stream
npmjs,https://nexus.mgts.ru/repository/npmjs/,invariant
npmjs,https://nexus.mgts.ru/repository/npmjs/,invert-kv
npmjs,https://nexus.mgts.ru/repository/npmjs/,iobuffer
npmjs,https://nexus.mgts.ru/repository/npmjs/,ip
npmjs,https://nexus.mgts.ru/repository/npmjs/,ip-address
npmjs,https://nexus.mgts.ru/repository/npmjs/,ip-regex
npmjs,https://nexus.mgts.ru/repository/npmjs/,ipaddr.js
npmjs,https://nexus.mgts.ru/repository/npmjs/,irregular-plurals
npmjs,https://nexus.mgts.ru/repository/npmjs/,is-absolute
npmjs,https://nexus.mgts.ru/repository/npmjs/,is-absolute-url
npmjs,https://nexus.mgts.ru/repository/npmjs/,is-accessor-descriptor
npmjs,https://nexus.mgts.ru/repository/npmjs/,is-alphabetical
npmjs,https://nexus.mgts.ru/repository/npmjs/,is-alphanumerical
npmjs,https://nexus.mgts.ru/repository/npmjs/,is-any-array
npmjs,https://nexus.mgts.ru/repository/npmjs/,is-arguments
npmjs,https://nexus.mgts.ru/repository/npmjs/,is-array-buffer
npmjs,https://nexus.mgts.ru/repository/npmjs/,is-arrayish
npmjs,https://nexus.mgts.ru/repository/npmjs/,is-async-function
npmjs,https://nexus.mgts.ru/repository/npmjs/,is-bigint
npmjs,https://nexus.mgts.ru/repository/npmjs/,is-binary-path
npmjs,https://nexus.mgts.ru/repository/npmjs/,is-boolean-object
npmjs,https://nexus.mgts.ru/repository/npmjs/,is-buffer
npmjs,https://nexus.mgts.ru/repository/npmjs/,is-builtin-module
npmjs,https://nexus.mgts.ru/repository/npmjs/,is-bun-module
npmjs,https://nexus.mgts.ru/repository/npmjs/,is-callable
npmjs,https://nexus.mgts.ru/repository/npmjs/,is-ci
npmjs,https://nexus.mgts.ru/repository/npmjs/,is-core-module
npmjs,https://nexus.mgts.ru/repository/npmjs/,is-data-descriptor
npmjs,https://nexus.mgts.ru/repository/npmjs/,is-data-view
npmjs,https://nexus.mgts.ru/repository/npmjs/,is-date-object
npmjs,https://nexus.mgts.ru/repository/npmjs/,is-decimal
npmjs,https://nexus.mgts.ru/repository/npmjs/,is-descriptor
npmjs,https://nexus.mgts.ru/repository/npmjs/,is-docker
npmjs,https://nexus.mgts.ru/repository/npmjs/,is-dom
npmjs,https://nexus.mgts.ru/repository/npmjs/,is-dotfile
npmjs,https://nexus.mgts.ru/repository/npmjs/,is-equal-shallow
npmjs,https://nexus.mgts.ru/repository/npmjs/,is-error
npmjs,https://nexus.mgts.ru/repository/npmjs/,is-extendable
npmjs,https://nexus.mgts.ru/repository/npmjs/,is-extglob
npmjs,https://nexus.mgts.ru/repository/npmjs/,is-finalizationregistry
npmjs,https://nexus.mgts.ru/repository/npmjs/,is-finite
npmjs,https://nexus.mgts.ru/repository/npmjs/,is-fullwidth-code-point
npmjs,https://nexus.mgts.ru/repository/npmjs/,is-function
npmjs,https://nexus.mgts.ru/repository/npmjs/,is-generator-fn
npmjs,https://nexus.mgts.ru/repository/npmjs/,is-generator-function
npmjs,https://nexus.mgts.ru/repository/npmjs/,is-git-clean
npmjs,https://nexus.mgts.ru/repository/npmjs/,is-glob
npmjs,https://nexus.mgts.ru/repository/npmjs/,is-hexadecimal
npmjs,https://nexus.mgts.ru/repository/npmjs/,is-inside-container
npmjs,https://nexus.mgts.ru/repository/npmjs/,is-interactive
npmjs,https://nexus.mgts.ru/repository/npmjs/,is-lambda
npmjs,https://nexus.mgts.ru/repository/npmjs/,is-map
npmjs,https://nexus.mgts.ru/repository/npmjs/,is-module
npmjs,https://nexus.mgts.ru/repository/npmjs/,is-my-ip-valid
npmjs,https://nexus.mgts.ru/repository/npmjs/,is-my-json-valid
npmjs,https://nexus.mgts.ru/repository/npmjs/,is-natural-number
npmjs,https://nexus.mgts.ru/repository/npmjs/,is-negated-glob
npmjs,https://nexus.mgts.ru/repository/npmjs/,is-negative-zero
npmjs,https://nexus.mgts.ru/repository/npmjs/,is-network-error
npmjs,https://nexus.mgts.ru/repository/npmjs/,is-npm
npmjs,https://nexus.mgts.ru/repository/npmjs/,is-number
npmjs,https://nexus.mgts.ru/repository/npmjs/,is-number-like
npmjs,https://nexus.mgts.ru/repository/npmjs/,is-number-object
npmjs,https://nexus.mgts.ru/repository/npmjs/,is-obj
npmjs,https://nexus.mgts.ru/repository/npmjs/,is-object
npmjs,https://nexus.mgts.ru/repository/npmjs/,is-observable
npmjs,https://nexus.mgts.ru/repository/npmjs/,is-odd
npmjs,https://nexus.mgts.ru/repository/npmjs/,is-path-cwd
npmjs,https://nexus.mgts.ru/repository/npmjs/,is-path-in-cwd
npmjs,https://nexus.mgts.ru/repository/npmjs/,is-path-inside
npmjs,https://nexus.mgts.ru/repository/npmjs/,is-plain-obj
npmjs,https://nexus.mgts.ru/repository/npmjs/,is-plain-object
npmjs,https://nexus.mgts.ru/repository/npmjs/,is-port-reachable
npmjs,https://nexus.mgts.ru/repository/npmjs/,is-posix-bracket
npmjs,https://nexus.mgts.ru/repository/npmjs/,is-potential-custom-element-name
npmjs,https://nexus.mgts.ru/repository/npmjs/,is-primitive
npmjs,https://nexus.mgts.ru/repository/npmjs/,is-promise
npmjs,https://nexus.mgts.ru/repository/npmjs/,is-property
npmjs,https://nexus.mgts.ru/repository/npmjs/,is-redirect
npmjs,https://nexus.mgts.ru/repository/npmjs/,is-regex
npmjs,https://nexus.mgts.ru/repository/npmjs/,is-regexp
npmjs,https://nexus.mgts.ru/repository/npmjs/,is-relative
npmjs,https://nexus.mgts.ru/repository/npmjs/,is-resolvable
npmjs,https://nexus.mgts.ru/repository/npmjs/,is-retry-allowed
npmjs,https://nexus.mgts.ru/repository/npmjs/,is-root
npmjs,https://nexus.mgts.ru/repository/npmjs/,is-set
npmjs,https://nexus.mgts.ru/repository/npmjs/,is-shared-array-buffer
npmjs,https://nexus.mgts.ru/repository/npmjs/,is-stream
npmjs,https://nexus.mgts.ru/repository/npmjs/,is-string
npmjs,https://nexus.mgts.ru/repository/npmjs/,is-svg
npmjs,https://nexus.mgts.ru/repository/npmjs/,is-symbol
npmjs,https://nexus.mgts.ru/repository/npmjs/,is-typed-array
npmjs,https://nexus.mgts.ru/repository/npmjs/,is-typedarray
npmjs,https://nexus.mgts.ru/repository/npmjs/,is-unc-path
npmjs,https://nexus.mgts.ru/repository/npmjs/,is-unicode-supported
npmjs,https://nexus.mgts.ru/repository/npmjs/,is-url
npmjs,https://nexus.mgts.ru/repository/npmjs/,is-utf8
npmjs,https://nexus.mgts.ru/repository/npmjs/,is-valid-glob
npmjs,https://nexus.mgts.ru/repository/npmjs/,is-weakmap
npmjs,https://nexus.mgts.ru/repository/npmjs/,is-weakref
npmjs,https://nexus.mgts.ru/repository/npmjs/,is-weakset
npmjs,https://nexus.mgts.ru/repository/npmjs/,is-what
npmjs,https://nexus.mgts.ru/repository/npmjs/,is-whitespace-character
npmjs,https://nexus.mgts.ru/repository/npmjs/,is-window
npmjs,https://nexus.mgts.ru/repository/npmjs/,is-windows
npmjs,https://nexus.mgts.ru/repository/npmjs/,is-word-character
npmjs,https://nexus.mgts.ru/repository/npmjs/,is-wsl
npmjs,https://nexus.mgts.ru/repository/npmjs/,is2
npmjs,https://nexus.mgts.ru/repository/npmjs/,isarray
npmjs,https://nexus.mgts.ru/repository/npmjs/,isbinaryfile
npmjs,https://nexus.mgts.ru/repository/npmjs/,isexe
npmjs,https://nexus.mgts.ru/repository/npmjs/,isobject
npmjs,https://nexus.mgts.ru/repository/npmjs/,isomorphic-unfetch
npmjs,https://nexus.mgts.ru/repository/npmjs/,isstream
npmjs,https://nexus.mgts.ru/repository/npmjs/,istanbul
npmjs,https://nexus.mgts.ru/repository/npmjs/,istanbul-lib-coverage
npmjs,https://nexus.mgts.ru/repository/npmjs/,istanbul-lib-instrument
npmjs,https://nexus.mgts.ru/repository/npmjs/,istanbul-lib-report
npmjs,https://nexus.mgts.ru/repository/npmjs/,istanbul-lib-source-maps
npmjs,https://nexus.mgts.ru/repository/npmjs/,istanbul-reports
npmjs,https://nexus.mgts.ru/repository/npmjs/,isurl
npmjs,https://nexus.mgts.ru/repository/npmjs/,iterate-iterator
npmjs,https://nexus.mgts.ru/repository/npmjs/,iterate-value
npmjs,https://nexus.mgts.ru/repository/npmjs/,iterator.prototype
npmjs,https://nexus.mgts.ru/repository/npmjs/,its-fine
npmjs,https://nexus.mgts.ru/repository/npmjs/,jackspeak
npmjs,https://nexus.mgts.ru/repository/npmjs/,jake
npmjs,https://nexus.mgts.ru/repository/npmjs/,jasmine
npmjs,https://nexus.mgts.ru/repository/npmjs/,jasmine-core
npmjs,https://nexus.mgts.ru/repository/npmjs/,jasmine-spec-reporter
npmjs,https://nexus.mgts.ru/repository/npmjs/,jasminewd2
npmjs,https://nexus.mgts.ru/repository/npmjs/,jest
npmjs,https://nexus.mgts.ru/repository/npmjs/,jest-changed-files
npmjs,https://nexus.mgts.ru/repository/npmjs/,jest-circus
npmjs,https://nexus.mgts.ru/repository/npmjs/,jest-cli
npmjs,https://nexus.mgts.ru/repository/npmjs/,jest-config
npmjs,https://nexus.mgts.ru/repository/npmjs/,jest-dev-server
npmjs,https://nexus.mgts.ru/repository/npmjs/,jest-diff
npmjs,https://nexus.mgts.ru/repository/npmjs/,jest-docblock
npmjs,https://nexus.mgts.ru/repository/npmjs/,jest-each
npmjs,https://nexus.mgts.ru/repository/npmjs/,jest-environment-jsdom
npmjs,https://nexus.mgts.ru/repository/npmjs/,jest-environment-node
npmjs,https://nexus.mgts.ru/repository/npmjs/,jest-environment-puppeteer
npmjs,https://nexus.mgts.ru/repository/npmjs/,jest-get-type
npmjs,https://nexus.mgts.ru/repository/npmjs/,jest-haste-map
npmjs,https://nexus.mgts.ru/repository/npmjs/,jest-image-snapshot
npmjs,https://nexus.mgts.ru/repository/npmjs/,jest-jasmine2
npmjs,https://nexus.mgts.ru/repository/npmjs/,jest-leak-detector
npmjs,https://nexus.mgts.ru/repository/npmjs/,jest-matcher-utils
npmjs,https://nexus.mgts.ru/repository/npmjs/,jest-message-util
npmjs,https://nexus.mgts.ru/repository/npmjs/,jest-mock
npmjs,https://nexus.mgts.ru/repository/npmjs/,jest-pnp-resolver
npmjs,https://nexus.mgts.ru/repository/npmjs/,jest-puppeteer
npmjs,https://nexus.mgts.ru/repository/npmjs/,jest-regex-util
npmjs,https://nexus.mgts.ru/repository/npmjs/,jest-resolve
npmjs,https://nexus.mgts.ru/repository/npmjs/,jest-resolve-dependencies
npmjs,https://nexus.mgts.ru/repository/npmjs/,jest-runner
npmjs,https://nexus.mgts.ru/repository/npmjs/,jest-runtime
npmjs,https://nexus.mgts.ru/repository/npmjs/,jest-serializer
npmjs,https://nexus.mgts.ru/repository/npmjs/,jest-snapshot
npmjs,https://nexus.mgts.ru/repository/npmjs/,jest-util
npmjs,https://nexus.mgts.ru/repository/npmjs/,jest-validate
npmjs,https://nexus.mgts.ru/repository/npmjs/,jest-watch-typeahead
npmjs,https://nexus.mgts.ru/repository/npmjs/,jest-watcher
npmjs,https://nexus.mgts.ru/repository/npmjs/,jest-worker
npmjs,https://nexus.mgts.ru/repository/npmjs/,jimp-compact
npmjs,https://nexus.mgts.ru/repository/npmjs/,jiti
npmjs,https://nexus.mgts.ru/repository/npmjs/,jju
npmjs,https://nexus.mgts.ru/repository/npmjs/,joi
npmjs,https://nexus.mgts.ru/repository/npmjs/,jointjs
npmjs,https://nexus.mgts.ru/repository/npmjs/,jose
npmjs,https://nexus.mgts.ru/repository/npmjs/,jpeg-recompress-bin
npmjs,https://nexus.mgts.ru/repository/npmjs/,jpegtran-bin
npmjs,https://nexus.mgts.ru/repository/npmjs/,jquery
npmjs,https://nexus.mgts.ru/repository/npmjs/,jquery.cookie
npmjs,https://nexus.mgts.ru/repository/npmjs/,js-base64
npmjs,https://nexus.mgts.ru/repository/npmjs/,js-cookie
npmjs,https://nexus.mgts.ru/repository/npmjs/,js-string-escape
npmjs,https://nexus.mgts.ru/repository/npmjs/,js-tokens
npmjs,https://nexus.mgts.ru/repository/npmjs/,js-yaml
npmjs,https://nexus.mgts.ru/repository/npmjs/,jsbn
npmjs,https://nexus.mgts.ru/repository/npmjs/,jsc-safe-url
npmjs,https://nexus.mgts.ru/repository/npmjs/,jscodeshift
npmjs,https://nexus.mgts.ru/repository/npmjs/,jsdoc-type-pratt-parser
npmjs,https://nexus.mgts.ru/repository/npmjs/,jsdom
npmjs,https://nexus.mgts.ru/repository/npmjs/,jsesc
npmjs,https://nexus.mgts.ru/repository/npmjs/,json-bigint
npmjs,https://nexus.mgts.ru/repository/npmjs/,json-buffer
npmjs,https://nexus.mgts.ru/repository/npmjs/,json-loader
npmjs,https://nexus.mgts.ru/repository/npmjs/,json-parse-better-errors
npmjs,https://nexus.mgts.ru/repository/npmjs/,json-parse-even-better-errors
npmjs,https://nexus.mgts.ru/repository/npmjs/,json-parse-helpfulerror
npmjs,https://nexus.mgts.ru/repository/npmjs/,json-schema
npmjs,https://nexus.mgts.ru/repository/npmjs/,json-schema-to-typescript-lite
npmjs,https://nexus.mgts.ru/repository/npmjs/,json-schema-traverse
npmjs,https://nexus.mgts.ru/repository/npmjs/,json-schema-typed
npmjs,https://nexus.mgts.ru/repository/npmjs/,json-server
npmjs,https://nexus.mgts.ru/repository/npmjs/,json-stable-stringify
npmjs,https://nexus.mgts.ru/repository/npmjs/,json-stable-stringify-without-jsonify
npmjs,https://nexus.mgts.ru/repository/npmjs/,json-stringify-safe
npmjs,https://nexus.mgts.ru/repository/npmjs/,json2mq
npmjs,https://nexus.mgts.ru/repository/npmjs/,json3
npmjs,https://nexus.mgts.ru/repository/npmjs/,json5
npmjs,https://nexus.mgts.ru/repository/npmjs/,jsonc-eslint-parser
npmjs,https://nexus.mgts.ru/repository/npmjs/,jsonc-parser
npmjs,https://nexus.mgts.ru/repository/npmjs/,jsonfile
npmjs,https://nexus.mgts.ru/repository/npmjs/,jsonify
npmjs,https://nexus.mgts.ru/repository/npmjs/,jsonp
npmjs,https://nexus.mgts.ru/repository/npmjs/,jsonparse
npmjs,https://nexus.mgts.ru/repository/npmjs/,jsonpath
npmjs,https://nexus.mgts.ru/repository/npmjs/,jsonpointer
npmjs,https://nexus.mgts.ru/repository/npmjs/,JSONStream
npmjs,https://nexus.mgts.ru/repository/npmjs/,jspdf
npmjs,https://nexus.mgts.ru/repository/npmjs/,jsprim
npmjs,https://nexus.mgts.ru/repository/npmjs/,jsx-ast-utils
npmjs,https://nexus.mgts.ru/repository/npmjs/,jszip
npmjs,https://nexus.mgts.ru/repository/npmjs/,junk
npmjs,https://nexus.mgts.ru/repository/npmjs/,jwt-decode
npmjs,https://nexus.mgts.ru/repository/npmjs/,karma
npmjs,https://nexus.mgts.ru/repository/npmjs/,karma-babel-preprocessor
npmjs,https://nexus.mgts.ru/repository/npmjs/,karma-chai
npmjs,https://nexus.mgts.ru/repository/npmjs/,karma-chrome-launcher
npmjs,https://nexus.mgts.ru/repository/npmjs/,karma-coverage
npmjs,https://nexus.mgts.ru/repository/npmjs/,karma-coverage-istanbul-reporter
npmjs,https://nexus.mgts.ru/repository/npmjs/,karma-htmlfile-reporter
npmjs,https://nexus.mgts.ru/repository/npmjs/,karma-jasmine
npmjs,https://nexus.mgts.ru/repository/npmjs/,karma-jasmine-html-reporter
npmjs,https://nexus.mgts.ru/repository/npmjs/,karma-mocha
npmjs,https://nexus.mgts.ru/repository/npmjs/,karma-mocha-reporter
npmjs,https://nexus.mgts.ru/repository/npmjs/,karma-phantomjs-launcher
npmjs,https://nexus.mgts.ru/repository/npmjs/,karma-source-map-support
npmjs,https://nexus.mgts.ru/repository/npmjs/,karma-sourcemap-loader
npmjs,https://nexus.mgts.ru/repository/npmjs/,karma-webpack
npmjs,https://nexus.mgts.ru/repository/npmjs/,kbar
npmjs,https://nexus.mgts.ru/repository/npmjs/,kew
npmjs,https://nexus.mgts.ru/repository/npmjs/,keycloak-js
npmjs,https://nexus.mgts.ru/repository/npmjs/,keyv
npmjs,https://nexus.mgts.ru/repository/npmjs/,kill-port
npmjs,https://nexus.mgts.ru/repository/npmjs/,kind-of
npmjs,https://nexus.mgts.ru/repository/npmjs/,klaw
npmjs,https://nexus.mgts.ru/repository/npmjs/,kleur
npmjs,https://nexus.mgts.ru/repository/npmjs/,klona
npmjs,https://nexus.mgts.ru/repository/npmjs/,known-css-properties
npmjs,https://nexus.mgts.ru/repository/npmjs/,kolorist
npmjs,https://nexus.mgts.ru/repository/npmjs/,konva
npmjs,https://nexus.mgts.ru/repository/npmjs/,labeled-stream-splicer
npmjs,https://nexus.mgts.ru/repository/npmjs/,lan-network
npmjs,https://nexus.mgts.ru/repository/npmjs/,language-subtag-registry
npmjs,https://nexus.mgts.ru/repository/npmjs/,language-tags
npmjs,https://nexus.mgts.ru/repository/npmjs/,last-line-stream
npmjs,https://nexus.mgts.ru/repository/npmjs/,last-run
npmjs,https://nexus.mgts.ru/repository/npmjs/,latest-version
npmjs,https://nexus.mgts.ru/repository/npmjs/,launch-editor
npmjs,https://nexus.mgts.ru/repository/npmjs/,lazy-cache
npmjs,https://nexus.mgts.ru/repository/npmjs/,lazy-req
npmjs,https://nexus.mgts.ru/repository/npmjs/,lazy-universal-dotenv
npmjs,https://nexus.mgts.ru/repository/npmjs/,lcid
npmjs,https://nexus.mgts.ru/repository/npmjs/,lead
npmjs,https://nexus.mgts.ru/repository/npmjs/,leaflet
npmjs,https://nexus.mgts.ru/repository/npmjs/,lerc
npmjs,https://nexus.mgts.ru/repository/npmjs/,less
npmjs,https://nexus.mgts.ru/repository/npmjs/,less-loader
npmjs,https://nexus.mgts.ru/repository/npmjs/,leven
npmjs,https://nexus.mgts.ru/repository/npmjs/,levn
npmjs,https://nexus.mgts.ru/repository/npmjs/,license-webpack-plugin
npmjs,https://nexus.mgts.ru/repository/npmjs/,lie
npmjs,https://nexus.mgts.ru/repository/npmjs/,liftoff
npmjs,https://nexus.mgts.ru/repository/npmjs/,lightningcss
npmjs,https://nexus.mgts.ru/repository/npmjs/,lightningcss-android-arm64
npmjs,https://nexus.mgts.ru/repository/npmjs/,lightningcss-darwin-arm64
npmjs,https://nexus.mgts.ru/repository/npmjs/,lightningcss-darwin-x64
npmjs,https://nexus.mgts.ru/repository/npmjs/,lightningcss-freebsd-x64
npmjs,https://nexus.mgts.ru/repository/npmjs/,lightningcss-linux-arm-gnueabihf
npmjs,https://nexus.mgts.ru/repository/npmjs/,lightningcss-linux-arm64-gnu
npmjs,https://nexus.mgts.ru/repository/npmjs/,lightningcss-linux-arm64-musl
npmjs,https://nexus.mgts.ru/repository/npmjs/,lightningcss-linux-x64-gnu
npmjs,https://nexus.mgts.ru/repository/npmjs/,lightningcss-linux-x64-musl
npmjs,https://nexus.mgts.ru/repository/npmjs/,lightningcss-win32-arm64-msvc
npmjs,https://nexus.mgts.ru/repository/npmjs/,lightningcss-win32-x64-msvc
npmjs,https://nexus.mgts.ru/repository/npmjs/,lilconfig
npmjs,https://nexus.mgts.ru/repository/npmjs/,limiter
npmjs,https://nexus.mgts.ru/repository/npmjs/,lines-and-columns
npmjs,https://nexus.mgts.ru/repository/npmjs/,linkify-it
npmjs,https://nexus.mgts.ru/repository/npmjs/,linkifyjs
npmjs,https://nexus.mgts.ru/repository/npmjs/,load-json-file
npmjs,https://nexus.mgts.ru/repository/npmjs/,load-yaml-file
npmjs,https://nexus.mgts.ru/repository/npmjs/,loader-runner
npmjs,https://nexus.mgts.ru/repository/npmjs/,loader-utils
npmjs,https://nexus.mgts.ru/repository/npmjs/,local-pkg
npmjs,https://nexus.mgts.ru/repository/npmjs/,locate-path
npmjs,https://nexus.mgts.ru/repository/npmjs/,lodash
npmjs,https://nexus.mgts.ru/repository/npmjs/,lodash-es
npmjs,https://nexus.mgts.ru/repository/npmjs/,lodash-id
npmjs,https://nexus.mgts.ru/repository/npmjs/,lodash._baseassign
npmjs,https://nexus.mgts.ru/repository/npmjs/,lodash._basecopy
npmjs,https://nexus.mgts.ru/repository/npmjs/,lodash._basecreate
npmjs,https://nexus.mgts.ru/repository/npmjs/,lodash._bindcallback
npmjs,https://nexus.mgts.ru/repository/npmjs/,lodash._createassigner
npmjs,https://nexus.mgts.ru/repository/npmjs/,lodash._createcompounder
npmjs,https://nexus.mgts.ru/repository/npmjs/,lodash._getnative
npmjs,https://nexus.mgts.ru/repository/npmjs/,lodash._isiterateecall
npmjs,https://nexus.mgts.ru/repository/npmjs/,lodash._root
npmjs,https://nexus.mgts.ru/repository/npmjs/,lodash.assign
npmjs,https://nexus.mgts.ru/repository/npmjs/,lodash.camelcase
npmjs,https://nexus.mgts.ru/repository/npmjs/,lodash.clone
npmjs,https://nexus.mgts.ru/repository/npmjs/,lodash.clonedeep
npmjs,https://nexus.mgts.ru/repository/npmjs/,lodash.create
npmjs,https://nexus.mgts.ru/repository/npmjs/,lodash.debounce
npmjs,https://nexus.mgts.ru/repository/npmjs/,lodash.deburr
npmjs,https://nexus.mgts.ru/repository/npmjs/,lodash.defaults
npmjs,https://nexus.mgts.ru/repository/npmjs/,lodash.difference
npmjs,https://nexus.mgts.ru/repository/npmjs/,lodash.find
npmjs,https://nexus.mgts.ru/repository/npmjs/,lodash.flatten
npmjs,https://nexus.mgts.ru/repository/npmjs/,lodash.isarguments
npmjs,https://nexus.mgts.ru/repository/npmjs/,lodash.isarray
npmjs,https://nexus.mgts.ru/repository/npmjs/,lodash.isempty
npmjs,https://nexus.mgts.ru/repository/npmjs/,lodash.isequal
npmjs,https://nexus.mgts.ru/repository/npmjs/,lodash.isfinite
npmjs,https://nexus.mgts.ru/repository/npmjs/,lodash.kebabcase
npmjs,https://nexus.mgts.ru/repository/npmjs/,lodash.keys
npmjs,https://nexus.mgts.ru/repository/npmjs/,lodash.memoize
npmjs,https://nexus.mgts.ru/repository/npmjs/,lodash.merge
npmjs,https://nexus.mgts.ru/repository/npmjs/,lodash.pick
npmjs,https://nexus.mgts.ru/repository/npmjs/,lodash.restparam
npmjs,https://nexus.mgts.ru/repository/npmjs/,lodash.sortby
npmjs,https://nexus.mgts.ru/repository/npmjs/,lodash.throttle
npmjs,https://nexus.mgts.ru/repository/npmjs/,lodash.truncate
npmjs,https://nexus.mgts.ru/repository/npmjs/,lodash.uniq
npmjs,https://nexus.mgts.ru/repository/npmjs/,lodash.words
npmjs,https://nexus.mgts.ru/repository/npmjs/,log-symbols
npmjs,https://nexus.mgts.ru/repository/npmjs/,log4js
npmjs,https://nexus.mgts.ru/repository/npmjs/,logalot
npmjs,https://nexus.mgts.ru/repository/npmjs/,loglevel
npmjs,https://nexus.mgts.ru/repository/npmjs/,long
npmjs,https://nexus.mgts.ru/repository/npmjs/,longest
npmjs,https://nexus.mgts.ru/repository/npmjs/,longest-streak
npmjs,https://nexus.mgts.ru/repository/npmjs/,loose-envify
npmjs,https://nexus.mgts.ru/repository/npmjs/,loud-rejection
npmjs,https://nexus.mgts.ru/repository/npmjs/,loupe
npmjs,https://nexus.mgts.ru/repository/npmjs/,lowdb
npmjs,https://nexus.mgts.ru/repository/npmjs/,lower-case
npmjs,https://nexus.mgts.ru/repository/npmjs/,lowercase-keys
npmjs,https://nexus.mgts.ru/repository/npmjs/,lowlight
npmjs,https://nexus.mgts.ru/repository/npmjs/,lpad-align
npmjs,https://nexus.mgts.ru/repository/npmjs/,lru-cache
npmjs,https://nexus.mgts.ru/repository/npmjs/,lru.min
npmjs,https://nexus.mgts.ru/repository/npmjs/,lucide-react
npmjs,https://nexus.mgts.ru/repository/npmjs/,lz-string
npmjs,https://nexus.mgts.ru/repository/npmjs/,magic-string
npmjs,https://nexus.mgts.ru/repository/npmjs/,magic-string-ast
npmjs,https://nexus.mgts.ru/repository/npmjs/,magicast
npmjs,https://nexus.mgts.ru/repository/npmjs/,make-dir
npmjs,https://nexus.mgts.ru/repository/npmjs/,make-fetch-happen
npmjs,https://nexus.mgts.ru/repository/npmjs/,make-iterator
npmjs,https://nexus.mgts.ru/repository/npmjs/,makeerror
npmjs,https://nexus.mgts.ru/repository/npmjs/,map-cache
npmjs,https://nexus.mgts.ru/repository/npmjs/,map-obj
npmjs,https://nexus.mgts.ru/repository/npmjs/,map-or-similar
npmjs,https://nexus.mgts.ru/repository/npmjs/,map-visit
npmjs,https://nexus.mgts.ru/repository/npmjs/,markdown-escapes
npmjs,https://nexus.mgts.ru/repository/npmjs/,markdown-it
npmjs,https://nexus.mgts.ru/repository/npmjs/,markdown-table
npmjs,https://nexus.mgts.ru/repository/npmjs/,markdown-to-jsx
npmjs,https://nexus.mgts.ru/repository/npmjs/,marked
npmjs,https://nexus.mgts.ru/repository/npmjs/,marked-terminal
npmjs,https://nexus.mgts.ru/repository/npmjs/,matcher
npmjs,https://nexus.mgts.ru/repository/npmjs/,material-icons
npmjs,https://nexus.mgts.ru/repository/npmjs/,math-expression-evaluator
npmjs,https://nexus.mgts.ru/repository/npmjs/,math-intrinsics
npmjs,https://nexus.mgts.ru/repository/npmjs/,math-random
npmjs,https://nexus.mgts.ru/repository/npmjs/,mathml-tag-names
npmjs,https://nexus.mgts.ru/repository/npmjs/,max-timeout
npmjs,https://nexus.mgts.ru/repository/npmjs/,md5-hex
npmjs,https://nexus.mgts.ru/repository/npmjs/,md5-o-matic
npmjs,https://nexus.mgts.ru/repository/npmjs/,md5.js
npmjs,https://nexus.mgts.ru/repository/npmjs/,mdast-squeeze-paragraphs
npmjs,https://nexus.mgts.ru/repository/npmjs/,mdast-util-definitions
npmjs,https://nexus.mgts.ru/repository/npmjs/,mdast-util-find-and-replace
npmjs,https://nexus.mgts.ru/repository/npmjs/,mdast-util-from-markdown
npmjs,https://nexus.mgts.ru/repository/npmjs/,mdast-util-gfm
npmjs,https://nexus.mgts.ru/repository/npmjs/,mdast-util-gfm-autolink-literal
npmjs,https://nexus.mgts.ru/repository/npmjs/,mdast-util-gfm-footnote
npmjs,https://nexus.mgts.ru/repository/npmjs/,mdast-util-gfm-strikethrough
npmjs,https://nexus.mgts.ru/repository/npmjs/,mdast-util-gfm-table
npmjs,https://nexus.mgts.ru/repository/npmjs/,mdast-util-gfm-task-list-item
npmjs,https://nexus.mgts.ru/repository/npmjs/,mdast-util-mdx-expression
npmjs,https://nexus.mgts.ru/repository/npmjs/,mdast-util-mdx-jsx
npmjs,https://nexus.mgts.ru/repository/npmjs/,mdast-util-mdxjs-esm
npmjs,https://nexus.mgts.ru/repository/npmjs/,mdast-util-phrasing
npmjs,https://nexus.mgts.ru/repository/npmjs/,mdast-util-to-hast
npmjs,https://nexus.mgts.ru/repository/npmjs/,mdast-util-to-markdown
npmjs,https://nexus.mgts.ru/repository/npmjs/,mdast-util-to-string
npmjs,https://nexus.mgts.ru/repository/npmjs/,mdn-data
npmjs,https://nexus.mgts.ru/repository/npmjs/,mdurl
npmjs,https://nexus.mgts.ru/repository/npmjs/,media-typer
npmjs,https://nexus.mgts.ru/repository/npmjs/,memfs
npmjs,https://nexus.mgts.ru/repository/npmjs/,memoize-one
npmjs,https://nexus.mgts.ru/repository/npmjs/,memoizerific
npmjs,https://nexus.mgts.ru/repository/npmjs/,memory-fs
npmjs,https://nexus.mgts.ru/repository/npmjs/,meow
npmjs,https://nexus.mgts.ru/repository/npmjs/,merge-deep
npmjs,https://nexus.mgts.ru/repository/npmjs/,merge-descriptors
npmjs,https://nexus.mgts.ru/repository/npmjs/,merge-stream
npmjs,https://nexus.mgts.ru/repository/npmjs/,merge2
npmjs,https://nexus.mgts.ru/repository/npmjs/,method-override
npmjs,https://nexus.mgts.ru/repository/npmjs/,methods
npmjs,https://nexus.mgts.ru/repository/npmjs/,metro
npmjs,https://nexus.mgts.ru/repository/npmjs/,metro-babel-transformer
npmjs,https://nexus.mgts.ru/repository/npmjs/,metro-cache
npmjs,https://nexus.mgts.ru/repository/npmjs/,metro-cache-key
npmjs,https://nexus.mgts.ru/repository/npmjs/,metro-config
npmjs,https://nexus.mgts.ru/repository/npmjs/,metro-core
npmjs,https://nexus.mgts.ru/repository/npmjs/,metro-file-map
npmjs,https://nexus.mgts.ru/repository/npmjs/,metro-minify-terser
npmjs,https://nexus.mgts.ru/repository/npmjs/,metro-resolver
npmjs,https://nexus.mgts.ru/repository/npmjs/,metro-runtime
npmjs,https://nexus.mgts.ru/repository/npmjs/,metro-source-map
npmjs,https://nexus.mgts.ru/repository/npmjs/,metro-symbolicate
npmjs,https://nexus.mgts.ru/repository/npmjs/,metro-transform-plugins
npmjs,https://nexus.mgts.ru/repository/npmjs/,metro-transform-worker
npmjs,https://nexus.mgts.ru/repository/npmjs/,microevent.ts
npmjs,https://nexus.mgts.ru/repository/npmjs/,micromark
npmjs,https://nexus.mgts.ru/repository/npmjs/,micromark-core-commonmark
npmjs,https://nexus.mgts.ru/repository/npmjs/,micromark-extension-gfm
npmjs,https://nexus.mgts.ru/repository/npmjs/,micromark-extension-gfm-autolink-literal
npmjs,https://nexus.mgts.ru/repository/npmjs/,micromark-extension-gfm-footnote
npmjs,https://nexus.mgts.ru/repository/npmjs/,micromark-extension-gfm-strikethrough
npmjs,https://nexus.mgts.ru/repository/npmjs/,micromark-extension-gfm-table
npmjs,https://nexus.mgts.ru/repository/npmjs/,micromark-extension-gfm-tagfilter
npmjs,https://nexus.mgts.ru/repository/npmjs/,micromark-extension-gfm-task-list-item
npmjs,https://nexus.mgts.ru/repository/npmjs/,micromark-factory-destination
npmjs,https://nexus.mgts.ru/repository/npmjs/,micromark-factory-label
npmjs,https://nexus.mgts.ru/repository/npmjs/,micromark-factory-space
npmjs,https://nexus.mgts.ru/repository/npmjs/,micromark-factory-title
npmjs,https://nexus.mgts.ru/repository/npmjs/,micromark-factory-whitespace
npmjs,https://nexus.mgts.ru/repository/npmjs/,micromark-util-character
npmjs,https://nexus.mgts.ru/repository/npmjs/,micromark-util-chunked
npmjs,https://nexus.mgts.ru/repository/npmjs/,micromark-util-classify-character
npmjs,https://nexus.mgts.ru/repository/npmjs/,micromark-util-combine-extensions
npmjs,https://nexus.mgts.ru/repository/npmjs/,micromark-util-decode-numeric-character-reference
npmjs,https://nexus.mgts.ru/repository/npmjs/,micromark-util-decode-string
npmjs,https://nexus.mgts.ru/repository/npmjs/,micromark-util-encode
npmjs,https://nexus.mgts.ru/repository/npmjs/,micromark-util-html-tag-name
npmjs,https://nexus.mgts.ru/repository/npmjs/,micromark-util-normalize-identifier
npmjs,https://nexus.mgts.ru/repository/npmjs/,micromark-util-resolve-all
npmjs,https://nexus.mgts.ru/repository/npmjs/,micromark-util-sanitize-uri
npmjs,https://nexus.mgts.ru/repository/npmjs/,micromark-util-subtokenize
npmjs,https://nexus.mgts.ru/repository/npmjs/,micromark-util-symbol
npmjs,https://nexus.mgts.ru/repository/npmjs/,micromark-util-types
npmjs,https://nexus.mgts.ru/repository/npmjs/,micromatch
npmjs,https://nexus.mgts.ru/repository/npmjs/,miller-rabin
npmjs,https://nexus.mgts.ru/repository/npmjs/,mime
npmjs,https://nexus.mgts.ru/repository/npmjs/,mime-db
npmjs,https://nexus.mgts.ru/repository/npmjs/,mime-types
npmjs,https://nexus.mgts.ru/repository/npmjs/,mimic-fn
npmjs,https://nexus.mgts.ru/repository/npmjs/,mimic-response
npmjs,https://nexus.mgts.ru/repository/npmjs/,min-document
npmjs,https://nexus.mgts.ru/repository/npmjs/,min-indent
npmjs,https://nexus.mgts.ru/repository/npmjs/,mini-css-extract-plugin
npmjs,https://nexus.mgts.ru/repository/npmjs/,minimalistic-assert
npmjs,https://nexus.mgts.ru/repository/npmjs/,minimalistic-crypto-utils
npmjs,https://nexus.mgts.ru/repository/npmjs/,minimatch
npmjs,https://nexus.mgts.ru/repository/npmjs/,minimist
npmjs,https://nexus.mgts.ru/repository/npmjs/,minimist-options
npmjs,https://nexus.mgts.ru/repository/npmjs/,minipass
npmjs,https://nexus.mgts.ru/repository/npmjs/,minipass-collect
npmjs,https://nexus.mgts.ru/repository/npmjs/,minipass-fetch
npmjs,https://nexus.mgts.ru/repository/npmjs/,minipass-flush
npmjs,https://nexus.mgts.ru/repository/npmjs/,minipass-json-stream
npmjs,https://nexus.mgts.ru/repository/npmjs/,minipass-pipeline
npmjs,https://nexus.mgts.ru/repository/npmjs/,minipass-sized
npmjs,https://nexus.mgts.ru/repository/npmjs/,minizlib
npmjs,https://nexus.mgts.ru/repository/npmjs/,mississippi
npmjs,https://nexus.mgts.ru/repository/npmjs/,mitt
npmjs,https://nexus.mgts.ru/repository/npmjs/,mixin-deep
npmjs,https://nexus.mgts.ru/repository/npmjs/,mixin-object
npmjs,https://nexus.mgts.ru/repository/npmjs/,mkdirp
npmjs,https://nexus.mgts.ru/repository/npmjs/,mkdirp-classic
npmjs,https://nexus.mgts.ru/repository/npmjs/,ml-array-max
npmjs,https://nexus.mgts.ru/repository/npmjs/,ml-array-min
npmjs,https://nexus.mgts.ru/repository/npmjs/,ml-array-rescale
npmjs,https://nexus.mgts.ru/repository/npmjs/,ml-matrix
npmjs,https://nexus.mgts.ru/repository/npmjs/,mlly
npmjs,https://nexus.mgts.ru/repository/npmjs/,mocha
npmjs,https://nexus.mgts.ru/repository/npmjs/,module-deps
npmjs,https://nexus.mgts.ru/repository/npmjs/,moment
npmjs,https://nexus.mgts.ru/repository/npmjs/,moment-timezone
npmjs,https://nexus.mgts.ru/repository/npmjs/,monaco-editor
npmjs,https://nexus.mgts.ru/repository/npmjs/,monaco-themes
npmjs,https://nexus.mgts.ru/repository/npmjs/,morgan
npmjs,https://nexus.mgts.ru/repository/npmjs/,move-concurrently
npmjs,https://nexus.mgts.ru/repository/npmjs/,mozjpeg
npmjs,https://nexus.mgts.ru/repository/npmjs/,mri
npmjs,https://nexus.mgts.ru/repository/npmjs/,mrmime
npmjs,https://nexus.mgts.ru/repository/npmjs/,ms
npmjs,https://nexus.mgts.ru/repository/npmjs/,multicast-dns
npmjs,https://nexus.mgts.ru/repository/npmjs/,multicast-dns-service-types
npmjs,https://nexus.mgts.ru/repository/npmjs/,multimatch
npmjs,https://nexus.mgts.ru/repository/npmjs/,multitars
npmjs,https://nexus.mgts.ru/repository/npmjs/,mute-stdout
npmjs,https://nexus.mgts.ru/repository/npmjs/,mute-stream
npmjs,https://nexus.mgts.ru/repository/npmjs/,mysql2
npmjs,https://nexus.mgts.ru/repository/npmjs/,mz
npmjs,https://nexus.mgts.ru/repository/npmjs/,n
npmjs,https://nexus.mgts.ru/repository/npmjs/,named-placeholders
npmjs,https://nexus.mgts.ru/repository/npmjs/,nan
npmjs,https://nexus.mgts.ru/repository/npmjs/,nanoid
npmjs,https://nexus.mgts.ru/repository/npmjs/,nanomatch
npmjs,https://nexus.mgts.ru/repository/npmjs/,napi-postinstall
npmjs,https://nexus.mgts.ru/repository/npmjs/,natural-compare
npmjs,https://nexus.mgts.ru/repository/npmjs/,natural-compare-lite
npmjs,https://nexus.mgts.ru/repository/npmjs/,natural-orderby
npmjs,https://nexus.mgts.ru/repository/npmjs/,needle
npmjs,https://nexus.mgts.ru/repository/npmjs/,negotiator
npmjs,https://nexus.mgts.ru/repository/npmjs/,neo-async
npmjs,https://nexus.mgts.ru/repository/npmjs/,nested-error-stacks
npmjs,https://nexus.mgts.ru/repository/npmjs/,netmask
npmjs,https://nexus.mgts.ru/repository/npmjs/,next
npmjs,https://nexus.mgts.ru/repository/npmjs/,next-auth
npmjs,https://nexus.mgts.ru/repository/npmjs/,next-themes
npmjs,https://nexus.mgts.ru/repository/npmjs/,next-tick
npmjs,https://nexus.mgts.ru/repository/npmjs/,ng-i18next
npmjs,https://nexus.mgts.ru/repository/npmjs/,ng-packagr
npmjs,https://nexus.mgts.ru/repository/npmjs/,ng2-charts
npmjs,https://nexus.mgts.ru/repository/npmjs/,ngx-drag-drop
npmjs,https://nexus.mgts.ru/repository/npmjs/,ngx-highlightjs
npmjs,https://nexus.mgts.ru/repository/npmjs/,ngx-scrollbar
npmjs,https://nexus.mgts.ru/repository/npmjs/,nice-napi
npmjs,https://nexus.mgts.ru/repository/npmjs/,nice-try
npmjs,https://nexus.mgts.ru/repository/npmjs/,no-case
npmjs,https://nexus.mgts.ru/repository/npmjs/,node-addon-api
npmjs,https://nexus.mgts.ru/repository/npmjs/,node-dir
npmjs,https://nexus.mgts.ru/repository/npmjs/,node-emoji
npmjs,https://nexus.mgts.ru/repository/npmjs/,node-env-type
npmjs,https://nexus.mgts.ru/repository/npmjs/,node-exports-info
npmjs,https://nexus.mgts.ru/repository/npmjs/,node-fetch
npmjs,https://nexus.mgts.ru/repository/npmjs/,node-fetch-native
npmjs,https://nexus.mgts.ru/repository/npmjs/,node-forge
npmjs,https://nexus.mgts.ru/repository/npmjs/,node-gyp
npmjs,https://nexus.mgts.ru/repository/npmjs/,node-gyp-build
npmjs,https://nexus.mgts.ru/repository/npmjs/,node-html-parser
npmjs,https://nexus.mgts.ru/repository/npmjs/,node-int64
npmjs,https://nexus.mgts.ru/repository/npmjs/,node-libs-browser
npmjs,https://nexus.mgts.ru/repository/npmjs/,node-modules-regexp
npmjs,https://nexus.mgts.ru/repository/npmjs/,node-notifier
npmjs,https://nexus.mgts.ru/repository/npmjs/,node-releases
npmjs,https://nexus.mgts.ru/repository/npmjs/,node-sass
npmjs,https://nexus.mgts.ru/repository/npmjs/,node-status-codes
npmjs,https://nexus.mgts.ru/repository/npmjs/,node-uuid
npmjs,https://nexus.mgts.ru/repository/npmjs/,nodemailer
npmjs,https://nexus.mgts.ru/repository/npmjs/,nopt
npmjs,https://nexus.mgts.ru/repository/npmjs/,normalize-package-data
npmjs,https://nexus.mgts.ru/repository/npmjs/,normalize-path
npmjs,https://nexus.mgts.ru/repository/npmjs/,normalize-range
npmjs,https://nexus.mgts.ru/repository/npmjs/,normalize-url
npmjs,https://nexus.mgts.ru/repository/npmjs/,not
npmjs,https://nexus.mgts.ru/repository/npmjs/,now-and-later
npmjs,https://nexus.mgts.ru/repository/npmjs/,npm
npmjs,https://nexus.mgts.ru/repository/npmjs/,npm-bundled
npmjs,https://nexus.mgts.ru/repository/npmjs/,npm-conf
npmjs,https://nexus.mgts.ru/repository/npmjs/,npm-install-checks
npmjs,https://nexus.mgts.ru/repository/npmjs/,npm-normalize-package-bin
npmjs,https://nexus.mgts.ru/repository/npmjs/,npm-package-arg
npmjs,https://nexus.mgts.ru/repository/npmjs/,npm-packlist
npmjs,https://nexus.mgts.ru/repository/npmjs/,npm-pick-manifest
npmjs,https://nexus.mgts.ru/repository/npmjs/,npm-registry-fetch
npmjs,https://nexus.mgts.ru/repository/npmjs/,npm-run-path
npmjs,https://nexus.mgts.ru/repository/npmjs/,npmlog
npmjs,https://nexus.mgts.ru/repository/npmjs/,nth-check
npmjs,https://nexus.mgts.ru/repository/npmjs/,nullthrows
npmjs,https://nexus.mgts.ru/repository/npmjs/,num2fraction
npmjs,https://nexus.mgts.ru/repository/npmjs/,number-is-nan
npmjs,https://nexus.mgts.ru/repository/npmjs/,nwsapi
npmjs,https://nexus.mgts.ru/repository/npmjs/,nx
npmjs,https://nexus.mgts.ru/repository/npmjs/,nypm
npmjs,https://nexus.mgts.ru/repository/npmjs/,o-stream
npmjs,https://nexus.mgts.ru/repository/npmjs/,oauth
npmjs,https://nexus.mgts.ru/repository/npmjs/,oauth-sign
npmjs,https://nexus.mgts.ru/repository/npmjs/,ob1
npmjs,https://nexus.mgts.ru/repository/npmjs/,object-assign
npmjs,https://nexus.mgts.ru/repository/npmjs/,object-component
npmjs,https://nexus.mgts.ru/repository/npmjs/,object-copy
npmjs,https://nexus.mgts.ru/repository/npmjs/,object-hash
npmjs,https://nexus.mgts.ru/repository/npmjs/,object-inspect
npmjs,https://nexus.mgts.ru/repository/npmjs/,object-is
npmjs,https://nexus.mgts.ru/repository/npmjs/,object-keys
npmjs,https://nexus.mgts.ru/repository/npmjs/,object-visit
npmjs,https://nexus.mgts.ru/repository/npmjs/,object.assign
npmjs,https://nexus.mgts.ru/repository/npmjs/,object.defaults
npmjs,https://nexus.mgts.ru/repository/npmjs/,object.entries
npmjs,https://nexus.mgts.ru/repository/npmjs/,object.filter
npmjs,https://nexus.mgts.ru/repository/npmjs/,object.fromentries
npmjs,https://nexus.mgts.ru/repository/npmjs/,object.getownpropertydescriptors
npmjs,https://nexus.mgts.ru/repository/npmjs/,object.groupby
npmjs,https://nexus.mgts.ru/repository/npmjs/,object.omit
npmjs,https://nexus.mgts.ru/repository/npmjs/,object.pick
npmjs,https://nexus.mgts.ru/repository/npmjs/,object.reduce
npmjs,https://nexus.mgts.ru/repository/npmjs/,object.values
npmjs,https://nexus.mgts.ru/repository/npmjs/,observable-to-promise
npmjs,https://nexus.mgts.ru/repository/npmjs/,obuf
npmjs,https://nexus.mgts.ru/repository/npmjs/,ohash
npmjs,https://nexus.mgts.ru/repository/npmjs/,oidc-client
npmjs,https://nexus.mgts.ru/repository/npmjs/,oidc-client-ts
npmjs,https://nexus.mgts.ru/repository/npmjs/,oidc-token-hash
npmjs,https://nexus.mgts.ru/repository/npmjs/,ol
npmjs,https://nexus.mgts.ru/repository/npmjs/,on-finished
npmjs,https://nexus.mgts.ru/repository/npmjs/,on-headers
npmjs,https://nexus.mgts.ru/repository/npmjs/,once
npmjs,https://nexus.mgts.ru/repository/npmjs/,onetime
npmjs,https://nexus.mgts.ru/repository/npmjs/,open
npmjs,https://nexus.mgts.ru/repository/npmjs/,opener
npmjs,https://nexus.mgts.ru/repository/npmjs/,openid-client
npmjs,https://nexus.mgts.ru/repository/npmjs/,opn
npmjs,https://nexus.mgts.ru/repository/npmjs/,optimist
npmjs,https://nexus.mgts.ru/repository/npmjs/,option-chain
npmjs,https://nexus.mgts.ru/repository/npmjs/,optionator
npmjs,https://nexus.mgts.ru/repository/npmjs/,options
npmjs,https://nexus.mgts.ru/repository/npmjs/,optjs
npmjs,https://nexus.mgts.ru/repository/npmjs/,ora
npmjs,https://nexus.mgts.ru/repository/npmjs/,orderedmap
npmjs,https://nexus.mgts.ru/repository/npmjs/,os-browserify
npmjs,https://nexus.mgts.ru/repository/npmjs/,os-filter-obj
npmjs,https://nexus.mgts.ru/repository/npmjs/,os-homedir
npmjs,https://nexus.mgts.ru/repository/npmjs/,os-locale
npmjs,https://nexus.mgts.ru/repository/npmjs/,os-tmpdir
npmjs,https://nexus.mgts.ru/repository/npmjs/,osenv
npmjs,https://nexus.mgts.ru/repository/npmjs/,own-keys
npmjs,https://nexus.mgts.ru/repository/npmjs/,p-all
npmjs,https://nexus.mgts.ru/repository/npmjs/,p-cancelable
npmjs,https://nexus.mgts.ru/repository/npmjs/,p-event
npmjs,https://nexus.mgts.ru/repository/npmjs/,p-filter
npmjs,https://nexus.mgts.ru/repository/npmjs/,p-finally
npmjs,https://nexus.mgts.ru/repository/npmjs/,p-is-promise
npmjs,https://nexus.mgts.ru/repository/npmjs/,p-limit
npmjs,https://nexus.mgts.ru/repository/npmjs/,p-locate
npmjs,https://nexus.mgts.ru/repository/npmjs/,p-map
npmjs,https://nexus.mgts.ru/repository/npmjs/,p-map-series
npmjs,https://nexus.mgts.ru/repository/npmjs/,p-reduce
npmjs,https://nexus.mgts.ru/repository/npmjs/,p-retry
npmjs,https://nexus.mgts.ru/repository/npmjs/,p-timeout
npmjs,https://nexus.mgts.ru/repository/npmjs/,p-try
npmjs,https://nexus.mgts.ru/repository/npmjs/,pac-proxy-agent
npmjs,https://nexus.mgts.ru/repository/npmjs/,pac-resolver
npmjs,https://nexus.mgts.ru/repository/npmjs/,package-hash
npmjs,https://nexus.mgts.ru/repository/npmjs/,package-json
npmjs,https://nexus.mgts.ru/repository/npmjs/,package-json-from-dist
npmjs,https://nexus.mgts.ru/repository/npmjs/,package-manager-detector
npmjs,https://nexus.mgts.ru/repository/npmjs/,pacote
npmjs,https://nexus.mgts.ru/repository/npmjs/,pako
npmjs,https://nexus.mgts.ru/repository/npmjs/,papaparse
npmjs,https://nexus.mgts.ru/repository/npmjs/,parallel-transform
npmjs,https://nexus.mgts.ru/repository/npmjs/,param-case
npmjs,https://nexus.mgts.ru/repository/npmjs/,parent-module
npmjs,https://nexus.mgts.ru/repository/npmjs/,parents
npmjs,https://nexus.mgts.ru/repository/npmjs/,parse-asn1
npmjs,https://nexus.mgts.ru/repository/npmjs/,parse-entities
npmjs,https://nexus.mgts.ru/repository/npmjs/,parse-filepath
npmjs,https://nexus.mgts.ru/repository/npmjs/,parse-glob
npmjs,https://nexus.mgts.ru/repository/npmjs/,parse-headers
npmjs,https://nexus.mgts.ru/repository/npmjs/,parse-json
npmjs,https://nexus.mgts.ru/repository/npmjs/,parse-ms
npmjs,https://nexus.mgts.ru/repository/npmjs/,parse-node-version
npmjs,https://nexus.mgts.ru/repository/npmjs/,parse-numeric-range
npmjs,https://nexus.mgts.ru/repository/npmjs/,parse-passwd
npmjs,https://nexus.mgts.ru/repository/npmjs/,parse-png
npmjs,https://nexus.mgts.ru/repository/npmjs/,parse-srcset
npmjs,https://nexus.mgts.ru/repository/npmjs/,parse5
npmjs,https://nexus.mgts.ru/repository/npmjs/,parse5-html-rewriting-stream
npmjs,https://nexus.mgts.ru/repository/npmjs/,parse5-htmlparser2-tree-adapter
npmjs,https://nexus.mgts.ru/repository/npmjs/,parse5-sax-parser
npmjs,https://nexus.mgts.ru/repository/npmjs/,parsejson
npmjs,https://nexus.mgts.ru/repository/npmjs/,parseqs
npmjs,https://nexus.mgts.ru/repository/npmjs/,parseuri
npmjs,https://nexus.mgts.ru/repository/npmjs/,parseurl
npmjs,https://nexus.mgts.ru/repository/npmjs/,pascal-case
npmjs,https://nexus.mgts.ru/repository/npmjs/,pascalcase
npmjs,https://nexus.mgts.ru/repository/npmjs/,path-browserify
npmjs,https://nexus.mgts.ru/repository/npmjs/,path-dirname
npmjs,https://nexus.mgts.ru/repository/npmjs/,path-exists
npmjs,https://nexus.mgts.ru/repository/npmjs/,path-is-absolute
npmjs,https://nexus.mgts.ru/repository/npmjs/,path-is-inside
npmjs,https://nexus.mgts.ru/repository/npmjs/,path-key
npmjs,https://nexus.mgts.ru/repository/npmjs/,path-parse
npmjs,https://nexus.mgts.ru/repository/npmjs/,path-platform
npmjs,https://nexus.mgts.ru/repository/npmjs/,path-root
npmjs,https://nexus.mgts.ru/repository/npmjs/,path-root-regex
npmjs,https://nexus.mgts.ru/repository/npmjs/,path-scurry
npmjs,https://nexus.mgts.ru/repository/npmjs/,path-to-regexp
npmjs,https://nexus.mgts.ru/repository/npmjs/,path-type
npmjs,https://nexus.mgts.ru/repository/npmjs/,pathe
npmjs,https://nexus.mgts.ru/repository/npmjs/,pathval
npmjs,https://nexus.mgts.ru/repository/npmjs/,pbf
npmjs,https://nexus.mgts.ru/repository/npmjs/,pbkdf2
npmjs,https://nexus.mgts.ru/repository/npmjs/,pbkdf2-compat
npmjs,https://nexus.mgts.ru/repository/npmjs/,pdfast
npmjs,https://nexus.mgts.ru/repository/npmjs/,pend
npmjs,https://nexus.mgts.ru/repository/npmjs/,perfect-debounce
npmjs,https://nexus.mgts.ru/repository/npmjs/,performance-now
npmjs,https://nexus.mgts.ru/repository/npmjs/,pg
npmjs,https://nexus.mgts.ru/repository/npmjs/,pg-cloudflare
npmjs,https://nexus.mgts.ru/repository/npmjs/,pg-connection-string
npmjs,https://nexus.mgts.ru/repository/npmjs/,pg-int8
npmjs,https://nexus.mgts.ru/repository/npmjs/,pg-native
npmjs,https://nexus.mgts.ru/repository/npmjs/,pg-pool
npmjs,https://nexus.mgts.ru/repository/npmjs/,pg-protocol
npmjs,https://nexus.mgts.ru/repository/npmjs/,pg-types
npmjs,https://nexus.mgts.ru/repository/npmjs/,pgpass
npmjs,https://nexus.mgts.ru/repository/npmjs/,phantomjs-prebuilt
npmjs,https://nexus.mgts.ru/repository/npmjs/,picocolors
npmjs,https://nexus.mgts.ru/repository/npmjs/,picomatch
npmjs,https://nexus.mgts.ru/repository/npmjs/,pify
npmjs,https://nexus.mgts.ru/repository/npmjs/,pinkie
npmjs,https://nexus.mgts.ru/repository/npmjs/,pinkie-promise
npmjs,https://nexus.mgts.ru/repository/npmjs/,pirates
npmjs,https://nexus.mgts.ru/repository/npmjs/,piscina
npmjs,https://nexus.mgts.ru/repository/npmjs/,pixelmatch
npmjs,https://nexus.mgts.ru/repository/npmjs/,pkg-conf
npmjs,https://nexus.mgts.ru/repository/npmjs/,pkg-config
npmjs,https://nexus.mgts.ru/repository/npmjs/,pkg-dir
npmjs,https://nexus.mgts.ru/repository/npmjs/,pkg-types
npmjs,https://nexus.mgts.ru/repository/npmjs/,pkg-up
npmjs,https://nexus.mgts.ru/repository/npmjs/,playwright
npmjs,https://nexus.mgts.ru/repository/npmjs/,playwright-core
npmjs,https://nexus.mgts.ru/repository/npmjs/,please-upgrade-node
npmjs,https://nexus.mgts.ru/repository/npmjs/,plugin-error
npmjs,https://nexus.mgts.ru/repository/npmjs/,plur
npmjs,https://nexus.mgts.ru/repository/npmjs/,pluralize
npmjs,https://nexus.mgts.ru/repository/npmjs/,pngcrush-bin
npmjs,https://nexus.mgts.ru/repository/npmjs/,pngjs
npmjs,https://nexus.mgts.ru/repository/npmjs/,pngout-bin
npmjs,https://nexus.mgts.ru/repository/npmjs/,pngquant-bin
npmjs,https://nexus.mgts.ru/repository/npmjs/,pnp-webpack-plugin
npmjs,https://nexus.mgts.ru/repository/npmjs/,pnpm
npmjs,https://nexus.mgts.ru/repository/npmjs/,pnpm-workspace-yaml
npmjs,https://nexus.mgts.ru/repository/npmjs/,point-in-polygon
npmjs,https://nexus.mgts.ru/repository/npmjs/,polished
npmjs,https://nexus.mgts.ru/repository/npmjs/,polygon-clipping
npmjs,https://nexus.mgts.ru/repository/npmjs/,popper.js
npmjs,https://nexus.mgts.ru/repository/npmjs/,portfinder
npmjs,https://nexus.mgts.ru/repository/npmjs/,portscanner
npmjs,https://nexus.mgts.ru/repository/npmjs/,posix-character-classes
npmjs,https://nexus.mgts.ru/repository/npmjs/,possible-typed-array-names
npmjs,https://nexus.mgts.ru/repository/npmjs/,postcss
npmjs,https://nexus.mgts.ru/repository/npmjs/,postcss-attribute-case-insensitive
npmjs,https://nexus.mgts.ru/repository/npmjs/,postcss-browser-comments
npmjs,https://nexus.mgts.ru/repository/npmjs/,postcss-calc
npmjs,https://nexus.mgts.ru/repository/npmjs/,postcss-clamp
npmjs,https://nexus.mgts.ru/repository/npmjs/,postcss-cli
npmjs,https://nexus.mgts.ru/repository/npmjs/,postcss-color-functional-notation
npmjs,https://nexus.mgts.ru/repository/npmjs/,postcss-color-hex-alpha
npmjs,https://nexus.mgts.ru/repository/npmjs/,postcss-color-rebeccapurple
npmjs,https://nexus.mgts.ru/repository/npmjs/,postcss-colormin
npmjs,https://nexus.mgts.ru/repository/npmjs/,postcss-convert-values
npmjs,https://nexus.mgts.ru/repository/npmjs/,postcss-custom-media
npmjs,https://nexus.mgts.ru/repository/npmjs/,postcss-custom-properties
npmjs,https://nexus.mgts.ru/repository/npmjs/,postcss-custom-selectors
npmjs,https://nexus.mgts.ru/repository/npmjs/,postcss-dir-pseudo-class
npmjs,https://nexus.mgts.ru/repository/npmjs/,postcss-discard-comments
npmjs,https://nexus.mgts.ru/repository/npmjs/,postcss-discard-duplicates
npmjs,https://nexus.mgts.ru/repository/npmjs/,postcss-discard-empty
npmjs,https://nexus.mgts.ru/repository/npmjs/,postcss-discard-overridden
npmjs,https://nexus.mgts.ru/repository/npmjs/,postcss-discard-unused
npmjs,https://nexus.mgts.ru/repository/npmjs/,postcss-double-position-gradients
npmjs,https://nexus.mgts.ru/repository/npmjs/,postcss-env-function
npmjs,https://nexus.mgts.ru/repository/npmjs/,postcss-filter-plugins
npmjs,https://nexus.mgts.ru/repository/npmjs/,postcss-flexbugs-fixes
npmjs,https://nexus.mgts.ru/repository/npmjs/,postcss-focus-visible
npmjs,https://nexus.mgts.ru/repository/npmjs/,postcss-focus-within
npmjs,https://nexus.mgts.ru/repository/npmjs/,postcss-font-variant
npmjs,https://nexus.mgts.ru/repository/npmjs/,postcss-gap-properties
npmjs,https://nexus.mgts.ru/repository/npmjs/,postcss-image-set-function
npmjs,https://nexus.mgts.ru/repository/npmjs/,postcss-import
npmjs,https://nexus.mgts.ru/repository/npmjs/,postcss-initial
npmjs,https://nexus.mgts.ru/repository/npmjs/,postcss-js
npmjs,https://nexus.mgts.ru/repository/npmjs/,postcss-lab-function
npmjs,https://nexus.mgts.ru/repository/npmjs/,postcss-load-config
npmjs,https://nexus.mgts.ru/repository/npmjs/,postcss-loader
npmjs,https://nexus.mgts.ru/repository/npmjs/,postcss-logical
npmjs,https://nexus.mgts.ru/repository/npmjs/,postcss-media-minmax
npmjs,https://nexus.mgts.ru/repository/npmjs/,postcss-media-query-parser
npmjs,https://nexus.mgts.ru/repository/npmjs/,postcss-merge-idents
npmjs,https://nexus.mgts.ru/repository/npmjs/,postcss-merge-longhand
npmjs,https://nexus.mgts.ru/repository/npmjs/,postcss-merge-rules
npmjs,https://nexus.mgts.ru/repository/npmjs/,postcss-message-helpers
npmjs,https://nexus.mgts.ru/repository/npmjs/,postcss-minify-font-values
npmjs,https://nexus.mgts.ru/repository/npmjs/,postcss-minify-gradients
npmjs,https://nexus.mgts.ru/repository/npmjs/,postcss-minify-params
npmjs,https://nexus.mgts.ru/repository/npmjs/,postcss-minify-selectors
npmjs,https://nexus.mgts.ru/repository/npmjs/,postcss-modules-extract-imports
npmjs,https://nexus.mgts.ru/repository/npmjs/,postcss-modules-local-by-default
npmjs,https://nexus.mgts.ru/repository/npmjs/,postcss-modules-scope
npmjs,https://nexus.mgts.ru/repository/npmjs/,postcss-modules-values
npmjs,https://nexus.mgts.ru/repository/npmjs/,postcss-nested
npmjs,https://nexus.mgts.ru/repository/npmjs/,postcss-nesting
npmjs,https://nexus.mgts.ru/repository/npmjs/,postcss-normalize
npmjs,https://nexus.mgts.ru/repository/npmjs/,postcss-normalize-charset
npmjs,https://nexus.mgts.ru/repository/npmjs/,postcss-normalize-display-values
npmjs,https://nexus.mgts.ru/repository/npmjs/,postcss-normalize-positions
npmjs,https://nexus.mgts.ru/repository/npmjs/,postcss-normalize-repeat-style
npmjs,https://nexus.mgts.ru/repository/npmjs/,postcss-normalize-string
npmjs,https://nexus.mgts.ru/repository/npmjs/,postcss-normalize-timing-functions
npmjs,https://nexus.mgts.ru/repository/npmjs/,postcss-normalize-unicode
npmjs,https://nexus.mgts.ru/repository/npmjs/,postcss-normalize-url
npmjs,https://nexus.mgts.ru/repository/npmjs/,postcss-normalize-whitespace
npmjs,https://nexus.mgts.ru/repository/npmjs/,postcss-opacity-percentage
npmjs,https://nexus.mgts.ru/repository/npmjs/,postcss-ordered-values
npmjs,https://nexus.mgts.ru/repository/npmjs/,postcss-overflow-shorthand
npmjs,https://nexus.mgts.ru/repository/npmjs/,postcss-page-break
npmjs,https://nexus.mgts.ru/repository/npmjs/,postcss-place
npmjs,https://nexus.mgts.ru/repository/npmjs/,postcss-preset-env
npmjs,https://nexus.mgts.ru/repository/npmjs/,postcss-pseudo-class-any-link
npmjs,https://nexus.mgts.ru/repository/npmjs/,postcss-reduce-idents
npmjs,https://nexus.mgts.ru/repository/npmjs/,postcss-reduce-initial
npmjs,https://nexus.mgts.ru/repository/npmjs/,postcss-reduce-transforms
npmjs,https://nexus.mgts.ru/repository/npmjs/,postcss-replace-overflow-wrap
npmjs,https://nexus.mgts.ru/repository/npmjs/,postcss-reporter
npmjs,https://nexus.mgts.ru/repository/npmjs/,postcss-resolve-nested-selector
npmjs,https://nexus.mgts.ru/repository/npmjs/,postcss-safe-parser
npmjs,https://nexus.mgts.ru/repository/npmjs/,postcss-scss
npmjs,https://nexus.mgts.ru/repository/npmjs/,postcss-selector-not
npmjs,https://nexus.mgts.ru/repository/npmjs/,postcss-selector-parser
npmjs,https://nexus.mgts.ru/repository/npmjs/,postcss-svgo
npmjs,https://nexus.mgts.ru/repository/npmjs/,postcss-unique-selectors
npmjs,https://nexus.mgts.ru/repository/npmjs/,postcss-value-parser
npmjs,https://nexus.mgts.ru/repository/npmjs/,postcss-zindex
npmjs,https://nexus.mgts.ru/repository/npmjs/,postgres
npmjs,https://nexus.mgts.ru/repository/npmjs/,postgres-array
npmjs,https://nexus.mgts.ru/repository/npmjs/,postgres-bytea
npmjs,https://nexus.mgts.ru/repository/npmjs/,postgres-date
npmjs,https://nexus.mgts.ru/repository/npmjs/,postgres-interval
npmjs,https://nexus.mgts.ru/repository/npmjs/,power-assert-context-formatter
npmjs,https://nexus.mgts.ru/repository/npmjs/,power-assert-context-traversal
npmjs,https://nexus.mgts.ru/repository/npmjs/,power-assert-renderer-assertion
npmjs,https://nexus.mgts.ru/repository/npmjs/,power-assert-renderer-base
npmjs,https://nexus.mgts.ru/repository/npmjs/,power-assert-renderer-diagram
npmjs,https://nexus.mgts.ru/repository/npmjs/,power-assert-renderer-succinct
npmjs,https://nexus.mgts.ru/repository/npmjs/,power-assert-util-string-width
npmjs,https://nexus.mgts.ru/repository/npmjs/,preact
npmjs,https://nexus.mgts.ru/repository/npmjs/,preact-render-to-string
npmjs,https://nexus.mgts.ru/repository/npmjs/,preferred-pm
npmjs,https://nexus.mgts.ru/repository/npmjs/,prelude-ls
npmjs,https://nexus.mgts.ru/repository/npmjs/,prepend-http
npmjs,https://nexus.mgts.ru/repository/npmjs/,preserve
npmjs,https://nexus.mgts.ru/repository/npmjs/,prettier
npmjs,https://nexus.mgts.ru/repository/npmjs/,prettier-linter-helpers
npmjs,https://nexus.mgts.ru/repository/npmjs/,pretty-bytes
npmjs,https://nexus.mgts.ru/repository/npmjs/,pretty-error
npmjs,https://nexus.mgts.ru/repository/npmjs/,pretty-format
npmjs,https://nexus.mgts.ru/repository/npmjs/,pretty-hrtime
npmjs,https://nexus.mgts.ru/repository/npmjs/,pretty-ms
npmjs,https://nexus.mgts.ru/repository/npmjs/,prisma
npmjs,https://nexus.mgts.ru/repository/npmjs/,private
npmjs,https://nexus.mgts.ru/repository/npmjs/,proc-log
npmjs,https://nexus.mgts.ru/repository/npmjs/,process
npmjs,https://nexus.mgts.ru/repository/npmjs/,process-nextick-args
npmjs,https://nexus.mgts.ru/repository/npmjs/,progress
npmjs,https://nexus.mgts.ru/repository/npmjs/,promise
npmjs,https://nexus.mgts.ru/repository/npmjs/,promise-inflight
npmjs,https://nexus.mgts.ru/repository/npmjs/,promise-nodeify
npmjs,https://nexus.mgts.ru/repository/npmjs/,promise-retry
npmjs,https://nexus.mgts.ru/repository/npmjs/,promise.allsettled
npmjs,https://nexus.mgts.ru/repository/npmjs/,promise.prototype.finally
npmjs,https://nexus.mgts.ru/repository/npmjs/,promisify-call
npmjs,https://nexus.mgts.ru/repository/npmjs/,prompts
npmjs,https://nexus.mgts.ru/repository/npmjs/,prop-types
npmjs,https://nexus.mgts.ru/repository/npmjs/,proper-lockfile
npmjs,https://nexus.mgts.ru/repository/npmjs/,property-expr
npmjs,https://nexus.mgts.ru/repository/npmjs/,property-information
npmjs,https://nexus.mgts.ru/repository/npmjs/,prosemirror-changeset
npmjs,https://nexus.mgts.ru/repository/npmjs/,prosemirror-collab
npmjs,https://nexus.mgts.ru/repository/npmjs/,prosemirror-commands
npmjs,https://nexus.mgts.ru/repository/npmjs/,prosemirror-dropcursor
npmjs,https://nexus.mgts.ru/repository/npmjs/,prosemirror-gapcursor
npmjs,https://nexus.mgts.ru/repository/npmjs/,prosemirror-history
npmjs,https://nexus.mgts.ru/repository/npmjs/,prosemirror-inputrules
npmjs,https://nexus.mgts.ru/repository/npmjs/,prosemirror-keymap
npmjs,https://nexus.mgts.ru/repository/npmjs/,prosemirror-markdown
npmjs,https://nexus.mgts.ru/repository/npmjs/,prosemirror-menu
npmjs,https://nexus.mgts.ru/repository/npmjs/,prosemirror-model
npmjs,https://nexus.mgts.ru/repository/npmjs/,prosemirror-schema-basic
npmjs,https://nexus.mgts.ru/repository/npmjs/,prosemirror-schema-list
npmjs,https://nexus.mgts.ru/repository/npmjs/,prosemirror-state
npmjs,https://nexus.mgts.ru/repository/npmjs/,prosemirror-tables
npmjs,https://nexus.mgts.ru/repository/npmjs/,prosemirror-trailing-node
npmjs,https://nexus.mgts.ru/repository/npmjs/,prosemirror-transform
npmjs,https://nexus.mgts.ru/repository/npmjs/,prosemirror-view
npmjs,https://nexus.mgts.ru/repository/npmjs/,proto-list
npmjs,https://nexus.mgts.ru/repository/npmjs/,protobufjs
npmjs,https://nexus.mgts.ru/repository/npmjs/,protocol-buffers-schema
npmjs,https://nexus.mgts.ru/repository/npmjs/,protractor
npmjs,https://nexus.mgts.ru/repository/npmjs/,proxy-addr
npmjs,https://nexus.mgts.ru/repository/npmjs/,proxy-agent
npmjs,https://nexus.mgts.ru/repository/npmjs/,proxy-from-env
npmjs,https://nexus.mgts.ru/repository/npmjs/,proxying-agent
npmjs,https://nexus.mgts.ru/repository/npmjs/,prr
npmjs,https://nexus.mgts.ru/repository/npmjs/,pseudomap
npmjs,https://nexus.mgts.ru/repository/npmjs/,psl
npmjs,https://nexus.mgts.ru/repository/npmjs/,public-encrypt
npmjs,https://nexus.mgts.ru/repository/npmjs/,pug
npmjs,https://nexus.mgts.ru/repository/npmjs/,pump
npmjs,https://nexus.mgts.ru/repository/npmjs/,pumpify
npmjs,https://nexus.mgts.ru/repository/npmjs/,punycode
npmjs,https://nexus.mgts.ru/repository/npmjs/,punycode.js
npmjs,https://nexus.mgts.ru/repository/npmjs/,pure-rand
npmjs,https://nexus.mgts.ru/repository/npmjs/,q
npmjs,https://nexus.mgts.ru/repository/npmjs/,qjobs
npmjs,https://nexus.mgts.ru/repository/npmjs/,qrcode.react
npmjs,https://nexus.mgts.ru/repository/npmjs/,qs
npmjs,https://nexus.mgts.ru/repository/npmjs/,quansync
npmjs,https://nexus.mgts.ru/repository/npmjs/,query-string
npmjs,https://nexus.mgts.ru/repository/npmjs/,querystring
npmjs,https://nexus.mgts.ru/repository/npmjs/,querystring-es3
npmjs,https://nexus.mgts.ru/repository/npmjs/,querystringify
npmjs,https://nexus.mgts.ru/repository/npmjs/,queue
npmjs,https://nexus.mgts.ru/repository/npmjs/,queue-microtask
npmjs,https://nexus.mgts.ru/repository/npmjs/,queue-tick
npmjs,https://nexus.mgts.ru/repository/npmjs/,quick-lru
npmjs,https://nexus.mgts.ru/repository/npmjs/,quickselect
npmjs,https://nexus.mgts.ru/repository/npmjs/,radix-ui
npmjs,https://nexus.mgts.ru/repository/npmjs/,raf
npmjs,https://nexus.mgts.ru/repository/npmjs/,ramda
npmjs,https://nexus.mgts.ru/repository/npmjs/,randomatic
npmjs,https://nexus.mgts.ru/repository/npmjs/,randombytes
npmjs,https://nexus.mgts.ru/repository/npmjs/,randomfill
npmjs,https://nexus.mgts.ru/repository/npmjs/,range-parser
npmjs,https://nexus.mgts.ru/repository/npmjs/,raw-body
npmjs,https://nexus.mgts.ru/repository/npmjs/,raw-loader
npmjs,https://nexus.mgts.ru/repository/npmjs/,rbush
npmjs,https://nexus.mgts.ru/repository/npmjs/,rc
npmjs,https://nexus.mgts.ru/repository/npmjs/,rc-cascader
npmjs,https://nexus.mgts.ru/repository/npmjs/,rc-checkbox
npmjs,https://nexus.mgts.ru/repository/npmjs/,rc-collapse
npmjs,https://nexus.mgts.ru/repository/npmjs/,rc-dialog
npmjs,https://nexus.mgts.ru/repository/npmjs/,rc-drawer
npmjs,https://nexus.mgts.ru/repository/npmjs/,rc-dropdown
npmjs,https://nexus.mgts.ru/repository/npmjs/,rc-field-form
npmjs,https://nexus.mgts.ru/repository/npmjs/,rc-image
npmjs,https://nexus.mgts.ru/repository/npmjs/,rc-input
npmjs,https://nexus.mgts.ru/repository/npmjs/,rc-input-number
npmjs,https://nexus.mgts.ru/repository/npmjs/,rc-mentions
npmjs,https://nexus.mgts.ru/repository/npmjs/,rc-menu
npmjs,https://nexus.mgts.ru/repository/npmjs/,rc-motion
npmjs,https://nexus.mgts.ru/repository/npmjs/,rc-notification
npmjs,https://nexus.mgts.ru/repository/npmjs/,rc-overflow
npmjs,https://nexus.mgts.ru/repository/npmjs/,rc-pagination
npmjs,https://nexus.mgts.ru/repository/npmjs/,rc-picker
npmjs,https://nexus.mgts.ru/repository/npmjs/,rc-progress
npmjs,https://nexus.mgts.ru/repository/npmjs/,rc-rate
npmjs,https://nexus.mgts.ru/repository/npmjs/,rc-resize-observer
npmjs,https://nexus.mgts.ru/repository/npmjs/,rc-segmented
npmjs,https://nexus.mgts.ru/repository/npmjs/,rc-select
npmjs,https://nexus.mgts.ru/repository/npmjs/,rc-slider
npmjs,https://nexus.mgts.ru/repository/npmjs/,rc-steps
npmjs,https://nexus.mgts.ru/repository/npmjs/,rc-switch
npmjs,https://nexus.mgts.ru/repository/npmjs/,rc-table
npmjs,https://nexus.mgts.ru/repository/npmjs/,rc-tabs
npmjs,https://nexus.mgts.ru/repository/npmjs/,rc-textarea
npmjs,https://nexus.mgts.ru/repository/npmjs/,rc-tooltip
npmjs,https://nexus.mgts.ru/repository/npmjs/,rc-tree
npmjs,https://nexus.mgts.ru/repository/npmjs/,rc-tree-select
npmjs,https://nexus.mgts.ru/repository/npmjs/,rc-upload
npmjs,https://nexus.mgts.ru/repository/npmjs/,rc-util
npmjs,https://nexus.mgts.ru/repository/npmjs/,rc-virtual-list
npmjs,https://nexus.mgts.ru/repository/npmjs/,rc9
npmjs,https://nexus.mgts.ru/repository/npmjs/,react
npmjs,https://nexus.mgts.ru/repository/npmjs/,react-app-polyfill
npmjs,https://nexus.mgts.ru/repository/npmjs/,react-colorful
npmjs,https://nexus.mgts.ru/repository/npmjs/,react-confetti
npmjs,https://nexus.mgts.ru/repository/npmjs/,react-datepicker
npmjs,https://nexus.mgts.ru/repository/npmjs/,react-day-picker
npmjs,https://nexus.mgts.ru/repository/npmjs/,react-dev-utils
npmjs,https://nexus.mgts.ru/repository/npmjs/,react-devtools-core
npmjs,https://nexus.mgts.ru/repository/npmjs/,react-docgen
npmjs,https://nexus.mgts.ru/repository/npmjs/,react-docgen-typescript
npmjs,https://nexus.mgts.ru/repository/npmjs/,react-dom
npmjs,https://nexus.mgts.ru/repository/npmjs/,react-dropzone
npmjs,https://nexus.mgts.ru/repository/npmjs/,react-element-to-jsx-string
npmjs,https://nexus.mgts.ru/repository/npmjs/,react-error-overlay
npmjs,https://nexus.mgts.ru/repository/npmjs/,react-hook-form
npmjs,https://nexus.mgts.ru/repository/npmjs/,react-imask
npmjs,https://nexus.mgts.ru/repository/npmjs/,react-inspector
npmjs,https://nexus.mgts.ru/repository/npmjs/,react-is
npmjs,https://nexus.mgts.ru/repository/npmjs/,react-konva
npmjs,https://nexus.mgts.ru/repository/npmjs/,react-lifecycles-compat
npmjs,https://nexus.mgts.ru/repository/npmjs/,react-live-clock
npmjs,https://nexus.mgts.ru/repository/npmjs/,react-markdown
npmjs,https://nexus.mgts.ru/repository/npmjs/,react-merge-refs
npmjs,https://nexus.mgts.ru/repository/npmjs/,react-modal
npmjs,https://nexus.mgts.ru/repository/npmjs/,react-native
npmjs,https://nexus.mgts.ru/repository/npmjs/,react-native-gesture-handler
npmjs,https://nexus.mgts.ru/repository/npmjs/,react-native-reanimated
npmjs,https://nexus.mgts.ru/repository/npmjs/,react-native-safe-area-context
npmjs,https://nexus.mgts.ru/repository/npmjs/,react-native-screens
npmjs,https://nexus.mgts.ru/repository/npmjs/,react-native-web
npmjs,https://nexus.mgts.ru/repository/npmjs/,react-native-webview
npmjs,https://nexus.mgts.ru/repository/npmjs/,react-native-worklets
npmjs,https://nexus.mgts.ru/repository/npmjs/,react-onclickoutside
npmjs,https://nexus.mgts.ru/repository/npmjs/,react-paginate
npmjs,https://nexus.mgts.ru/repository/npmjs/,react-rating-stars-component
npmjs,https://nexus.mgts.ru/repository/npmjs/,react-reconciler
npmjs,https://nexus.mgts.ru/repository/npmjs/,react-redux
npmjs,https://nexus.mgts.ru/repository/npmjs/,react-refresh
npmjs,https://nexus.mgts.ru/repository/npmjs/,react-remove-scroll
npmjs,https://nexus.mgts.ru/repository/npmjs/,react-remove-scroll-bar
npmjs,https://nexus.mgts.ru/repository/npmjs/,react-router
npmjs,https://nexus.mgts.ru/repository/npmjs/,react-router-dom
npmjs,https://nexus.mgts.ru/repository/npmjs/,react-scripts
npmjs,https://nexus.mgts.ru/repository/npmjs/,react-select
npmjs,https://nexus.mgts.ru/repository/npmjs/,react-server-dom-webpack
npmjs,https://nexus.mgts.ru/repository/npmjs/,react-style-singleton
npmjs,https://nexus.mgts.ru/repository/npmjs/,react-swipeable
npmjs,https://nexus.mgts.ru/repository/npmjs/,react-test-renderer
npmjs,https://nexus.mgts.ru/repository/npmjs/,react-toastify
npmjs,https://nexus.mgts.ru/repository/npmjs/,react-tooltip
npmjs,https://nexus.mgts.ru/repository/npmjs/,react-transition-group
npmjs,https://nexus.mgts.ru/repository/npmjs/,react-virtual
npmjs,https://nexus.mgts.ru/repository/npmjs/,react-yandex-metrika
npmjs,https://nexus.mgts.ru/repository/npmjs/,read-all-stream
npmjs,https://nexus.mgts.ru/repository/npmjs/,read-cache
npmjs,https://nexus.mgts.ru/repository/npmjs/,read-only-stream
npmjs,https://nexus.mgts.ru/repository/npmjs/,read-package-json
npmjs,https://nexus.mgts.ru/repository/npmjs/,read-package-json-fast
npmjs,https://nexus.mgts.ru/repository/npmjs/,read-package-up
npmjs,https://nexus.mgts.ru/repository/npmjs/,read-pkg
npmjs,https://nexus.mgts.ru/repository/npmjs/,read-pkg-up
npmjs,https://nexus.mgts.ru/repository/npmjs/,readable-stream
npmjs,https://nexus.mgts.ru/repository/npmjs/,readall
npmjs,https://nexus.mgts.ru/repository/npmjs/,readdirp
npmjs,https://nexus.mgts.ru/repository/npmjs/,readline2
npmjs,https://nexus.mgts.ru/repository/npmjs/,recast
npmjs,https://nexus.mgts.ru/repository/npmjs/,recharts
npmjs,https://nexus.mgts.ru/repository/npmjs/,rechoir
npmjs,https://nexus.mgts.ru/repository/npmjs/,recursive-readdir
npmjs,https://nexus.mgts.ru/repository/npmjs/,redent
npmjs,https://nexus.mgts.ru/repository/npmjs/,redeyed
npmjs,https://nexus.mgts.ru/repository/npmjs/,reduce-css-calc
npmjs,https://nexus.mgts.ru/repository/npmjs/,reduce-flatten
npmjs,https://nexus.mgts.ru/repository/npmjs/,reduce-function-call
npmjs,https://nexus.mgts.ru/repository/npmjs/,redux
npmjs,https://nexus.mgts.ru/repository/npmjs/,redux-thunk
npmjs,https://nexus.mgts.ru/repository/npmjs/,refa
npmjs,https://nexus.mgts.ru/repository/npmjs/,reflect-metadata
npmjs,https://nexus.mgts.ru/repository/npmjs/,reflect.getprototypeof
npmjs,https://nexus.mgts.ru/repository/npmjs/,refractor
npmjs,https://nexus.mgts.ru/repository/npmjs/,regenerate
npmjs,https://nexus.mgts.ru/repository/npmjs/,regenerate-unicode-properties
npmjs,https://nexus.mgts.ru/repository/npmjs/,regenerator-runtime
npmjs,https://nexus.mgts.ru/repository/npmjs/,regenerator-transform
npmjs,https://nexus.mgts.ru/repository/npmjs/,regex-cache
npmjs,https://nexus.mgts.ru/repository/npmjs/,regex-not
npmjs,https://nexus.mgts.ru/repository/npmjs/,regex-parser
npmjs,https://nexus.mgts.ru/repository/npmjs/,regexp-ast-analysis
npmjs,https://nexus.mgts.ru/repository/npmjs/,regexp-to-ast
npmjs,https://nexus.mgts.ru/repository/npmjs/,regexp-tree
npmjs,https://nexus.mgts.ru/repository/npmjs/,regexp.prototype.flags
npmjs,https://nexus.mgts.ru/repository/npmjs/,regexpp
npmjs,https://nexus.mgts.ru/repository/npmjs/,regexpu-core
npmjs,https://nexus.mgts.ru/repository/npmjs/,regextras
npmjs,https://nexus.mgts.ru/repository/npmjs/,registry-auth-token
npmjs,https://nexus.mgts.ru/repository/npmjs/,registry-url
npmjs,https://nexus.mgts.ru/repository/npmjs/,regjsgen
npmjs,https://nexus.mgts.ru/repository/npmjs/,regjsparser
npmjs,https://nexus.mgts.ru/repository/npmjs/,rehype
npmjs,https://nexus.mgts.ru/repository/npmjs/,rehype-attr
npmjs,https://nexus.mgts.ru/repository/npmjs/,rehype-autolink-headings
npmjs,https://nexus.mgts.ru/repository/npmjs/,rehype-external-links
npmjs,https://nexus.mgts.ru/repository/npmjs/,rehype-ignore
npmjs,https://nexus.mgts.ru/repository/npmjs/,rehype-parse
npmjs,https://nexus.mgts.ru/repository/npmjs/,rehype-prism-plus
npmjs,https://nexus.mgts.ru/repository/npmjs/,rehype-raw
npmjs,https://nexus.mgts.ru/repository/npmjs/,rehype-rewrite
npmjs,https://nexus.mgts.ru/repository/npmjs/,rehype-slug
npmjs,https://nexus.mgts.ru/repository/npmjs/,rehype-stringify
npmjs,https://nexus.mgts.ru/repository/npmjs/,relateurl
npmjs,https://nexus.mgts.ru/repository/npmjs/,remark-external-links
npmjs,https://nexus.mgts.ru/repository/npmjs/,remark-footnotes
npmjs,https://nexus.mgts.ru/repository/npmjs/,remark-gfm
npmjs,https://nexus.mgts.ru/repository/npmjs/,remark-mdx
npmjs,https://nexus.mgts.ru/repository/npmjs/,remark-parse
npmjs,https://nexus.mgts.ru/repository/npmjs/,remark-rehype
npmjs,https://nexus.mgts.ru/repository/npmjs/,remark-slug
npmjs,https://nexus.mgts.ru/repository/npmjs/,remark-squeeze-paragraphs
npmjs,https://nexus.mgts.ru/repository/npmjs/,remark-stringify
npmjs,https://nexus.mgts.ru/repository/npmjs/,remeda
npmjs,https://nexus.mgts.ru/repository/npmjs/,remove-trailing-separator
npmjs,https://nexus.mgts.ru/repository/npmjs/,renderkid
npmjs,https://nexus.mgts.ru/repository/npmjs/,repeat-element
npmjs,https://nexus.mgts.ru/repository/npmjs/,repeat-string
npmjs,https://nexus.mgts.ru/repository/npmjs/,repeating
npmjs,https://nexus.mgts.ru/repository/npmjs/,replace-ext
npmjs,https://nexus.mgts.ru/repository/npmjs/,replace-homedir
npmjs,https://nexus.mgts.ru/repository/npmjs/,replace-in-file
npmjs,https://nexus.mgts.ru/repository/npmjs/,request
npmjs,https://nexus.mgts.ru/repository/npmjs/,request-light
npmjs,https://nexus.mgts.ru/repository/npmjs/,request-progress
npmjs,https://nexus.mgts.ru/repository/npmjs/,require-directory
npmjs,https://nexus.mgts.ru/repository/npmjs/,require-from-string
npmjs,https://nexus.mgts.ru/repository/npmjs/,require-main-filename
npmjs,https://nexus.mgts.ru/repository/npmjs/,require-precompiled
npmjs,https://nexus.mgts.ru/repository/npmjs/,require-uncached
npmjs,https://nexus.mgts.ru/repository/npmjs/,requireindex
npmjs,https://nexus.mgts.ru/repository/npmjs/,requires-port
npmjs,https://nexus.mgts.ru/repository/npmjs/,reselect
npmjs,https://nexus.mgts.ru/repository/npmjs/,resize-detector
npmjs,https://nexus.mgts.ru/repository/npmjs/,resize-observer-polyfill
npmjs,https://nexus.mgts.ru/repository/npmjs/,resolve
npmjs,https://nexus.mgts.ru/repository/npmjs/,resolve-cwd
npmjs,https://nexus.mgts.ru/repository/npmjs/,resolve-dir
npmjs,https://nexus.mgts.ru/repository/npmjs/,resolve-from
npmjs,https://nexus.mgts.ru/repository/npmjs/,resolve-options
npmjs,https://nexus.mgts.ru/repository/npmjs/,resolve-pkg-maps
npmjs,https://nexus.mgts.ru/repository/npmjs/,resolve-protobuf-schema
npmjs,https://nexus.mgts.ru/repository/npmjs/,resolve-url
npmjs,https://nexus.mgts.ru/repository/npmjs/,resolve-url-loader
npmjs,https://nexus.mgts.ru/repository/npmjs/,resolve-workspace-root
npmjs,https://nexus.mgts.ru/repository/npmjs/,resolve.exports
npmjs,https://nexus.mgts.ru/repository/npmjs/,resp-modifier
npmjs,https://nexus.mgts.ru/repository/npmjs/,responselike
npmjs,https://nexus.mgts.ru/repository/npmjs/,restore-cursor
npmjs,https://nexus.mgts.ru/repository/npmjs/,ret
npmjs,https://nexus.mgts.ru/repository/npmjs/,retry
npmjs,https://nexus.mgts.ru/repository/npmjs/,reusify
npmjs,https://nexus.mgts.ru/repository/npmjs/,rework
npmjs,https://nexus.mgts.ru/repository/npmjs/,rework-visit
npmjs,https://nexus.mgts.ru/repository/npmjs/,rfdc
npmjs,https://nexus.mgts.ru/repository/npmjs/,rgbcolor
npmjs,https://nexus.mgts.ru/repository/npmjs/,right-align
npmjs,https://nexus.mgts.ru/repository/npmjs/,rimraf
npmjs,https://nexus.mgts.ru/repository/npmjs/,ripemd160
npmjs,https://nexus.mgts.ru/repository/npmjs/,robust-predicates
npmjs,https://nexus.mgts.ru/repository/npmjs/,rollup
npmjs,https://nexus.mgts.ru/repository/npmjs/,rollup-plugin-terser
npmjs,https://nexus.mgts.ru/repository/npmjs/,rollup-plugin-visualizer
npmjs,https://nexus.mgts.ru/repository/npmjs/,rope-sequence
npmjs,https://nexus.mgts.ru/repository/npmjs/,router
npmjs,https://nexus.mgts.ru/repository/npmjs/,rrweb-cssom
npmjs,https://nexus.mgts.ru/repository/npmjs/,rsvp
npmjs,https://nexus.mgts.ru/repository/npmjs/,run-applescript
npmjs,https://nexus.mgts.ru/repository/npmjs/,run-async
npmjs,https://nexus.mgts.ru/repository/npmjs/,run-parallel
npmjs,https://nexus.mgts.ru/repository/npmjs/,run-queue
npmjs,https://nexus.mgts.ru/repository/npmjs/,run-script-os
npmjs,https://nexus.mgts.ru/repository/npmjs/,rw
npmjs,https://nexus.mgts.ru/repository/npmjs/,rx
npmjs,https://nexus.mgts.ru/repository/npmjs/,rx-lite
npmjs,https://nexus.mgts.ru/repository/npmjs/,rxjs
npmjs,https://nexus.mgts.ru/repository/npmjs/,rxjs-for-await
npmjs,https://nexus.mgts.ru/repository/npmjs/,sade
npmjs,https://nexus.mgts.ru/repository/npmjs/,safe-array-concat
npmjs,https://nexus.mgts.ru/repository/npmjs/,safe-buffer
npmjs,https://nexus.mgts.ru/repository/npmjs/,safe-push-apply
npmjs,https://nexus.mgts.ru/repository/npmjs/,safe-regex
npmjs,https://nexus.mgts.ru/repository/npmjs/,safe-regex-test
npmjs,https://nexus.mgts.ru/repository/npmjs/,safe-stable-stringify
npmjs,https://nexus.mgts.ru/repository/npmjs/,safer-buffer
npmjs,https://nexus.mgts.ru/repository/npmjs/,sane
npmjs,https://nexus.mgts.ru/repository/npmjs/,sanitize-html
npmjs,https://nexus.mgts.ru/repository/npmjs/,sanitize.css
npmjs,https://nexus.mgts.ru/repository/npmjs/,sass
npmjs,https://nexus.mgts.ru/repository/npmjs/,sass-embedded
npmjs,https://nexus.mgts.ru/repository/npmjs/,sass-embedded-win32-x64
npmjs,https://nexus.mgts.ru/repository/npmjs/,sass-graph
npmjs,https://nexus.mgts.ru/repository/npmjs/,sass-loader
npmjs,https://nexus.mgts.ru/repository/npmjs/,saucelabs
npmjs,https://nexus.mgts.ru/repository/npmjs/,sax
npmjs,https://nexus.mgts.ru/repository/npmjs/,saxes
npmjs,https://nexus.mgts.ru/repository/npmjs/,scheduler
npmjs,https://nexus.mgts.ru/repository/npmjs/,schema-utils
npmjs,https://nexus.mgts.ru/repository/npmjs/,screenfull
npmjs,https://nexus.mgts.ru/repository/npmjs/,scroll-into-view-if-needed
npmjs,https://nexus.mgts.ru/repository/npmjs/,scslre
npmjs,https://nexus.mgts.ru/repository/npmjs/,scss-tokenizer
npmjs,https://nexus.mgts.ru/repository/npmjs/,scule
npmjs,https://nexus.mgts.ru/repository/npmjs/,section-matter
npmjs,https://nexus.mgts.ru/repository/npmjs/,seek-bzip
npmjs,https://nexus.mgts.ru/repository/npmjs/,select-hose
npmjs,https://nexus.mgts.ru/repository/npmjs/,selenium-webdriver
npmjs,https://nexus.mgts.ru/repository/npmjs/,selfsigned
npmjs,https://nexus.mgts.ru/repository/npmjs/,semver
npmjs,https://nexus.mgts.ru/repository/npmjs/,semver-compare
npmjs,https://nexus.mgts.ru/repository/npmjs/,semver-diff
npmjs,https://nexus.mgts.ru/repository/npmjs/,semver-greatest-satisfied-range
npmjs,https://nexus.mgts.ru/repository/npmjs/,semver-regex
npmjs,https://nexus.mgts.ru/repository/npmjs/,semver-truncate
npmjs,https://nexus.mgts.ru/repository/npmjs/,send
npmjs,https://nexus.mgts.ru/repository/npmjs/,seq-queue
npmjs,https://nexus.mgts.ru/repository/npmjs/,serialize-error
npmjs,https://nexus.mgts.ru/repository/npmjs/,serialize-javascript
npmjs,https://nexus.mgts.ru/repository/npmjs/,serve
npmjs,https://nexus.mgts.ru/repository/npmjs/,serve-favicon
npmjs,https://nexus.mgts.ru/repository/npmjs/,serve-handler
npmjs,https://nexus.mgts.ru/repository/npmjs/,serve-index
npmjs,https://nexus.mgts.ru/repository/npmjs/,serve-static
npmjs,https://nexus.mgts.ru/repository/npmjs/,server-destroy
npmjs,https://nexus.mgts.ru/repository/npmjs/,set-blocking
npmjs,https://nexus.mgts.ru/repository/npmjs/,set-cookie-parser
npmjs,https://nexus.mgts.ru/repository/npmjs/,set-function-length
npmjs,https://nexus.mgts.ru/repository/npmjs/,set-function-name
npmjs,https://nexus.mgts.ru/repository/npmjs/,set-immediate-shim
npmjs,https://nexus.mgts.ru/repository/npmjs/,set-proto
npmjs,https://nexus.mgts.ru/repository/npmjs/,set-value
npmjs,https://nexus.mgts.ru/repository/npmjs/,setimmediate
npmjs,https://nexus.mgts.ru/repository/npmjs/,setprototypeof
npmjs,https://nexus.mgts.ru/repository/npmjs/,sha.js
npmjs,https://nexus.mgts.ru/repository/npmjs/,shallow-clone
npmjs,https://nexus.mgts.ru/repository/npmjs/,shallowequal
npmjs,https://nexus.mgts.ru/repository/npmjs/,sharp
npmjs,https://nexus.mgts.ru/repository/npmjs/,shasum-object
npmjs,https://nexus.mgts.ru/repository/npmjs/,shebang-command
npmjs,https://nexus.mgts.ru/repository/npmjs/,shebang-regex
npmjs,https://nexus.mgts.ru/repository/npmjs/,shell-quote
npmjs,https://nexus.mgts.ru/repository/npmjs/,shelljs
npmjs,https://nexus.mgts.ru/repository/npmjs/,side-channel
npmjs,https://nexus.mgts.ru/repository/npmjs/,side-channel-list
npmjs,https://nexus.mgts.ru/repository/npmjs/,side-channel-map
npmjs,https://nexus.mgts.ru/repository/npmjs/,side-channel-weakmap
npmjs,https://nexus.mgts.ru/repository/npmjs/,siginfo
npmjs,https://nexus.mgts.ru/repository/npmjs/,signal-exit
npmjs,https://nexus.mgts.ru/repository/npmjs/,simple-concat
npmjs,https://nexus.mgts.ru/repository/npmjs/,simple-plist
npmjs,https://nexus.mgts.ru/repository/npmjs/,simple-swizzle
npmjs,https://nexus.mgts.ru/repository/npmjs/,sirv
npmjs,https://nexus.mgts.ru/repository/npmjs/,sisteransi
npmjs,https://nexus.mgts.ru/repository/npmjs/,skin-tone
npmjs,https://nexus.mgts.ru/repository/npmjs/,skmeans
npmjs,https://nexus.mgts.ru/repository/npmjs/,slash
npmjs,https://nexus.mgts.ru/repository/npmjs/,slice-ansi
npmjs,https://nexus.mgts.ru/repository/npmjs/,slide
npmjs,https://nexus.mgts.ru/repository/npmjs/,slugify
npmjs,https://nexus.mgts.ru/repository/npmjs/,smart-buffer
npmjs,https://nexus.mgts.ru/repository/npmjs/,snake-case
npmjs,https://nexus.mgts.ru/repository/npmjs/,snapdragon
npmjs,https://nexus.mgts.ru/repository/npmjs/,snapdragon-node
npmjs,https://nexus.mgts.ru/repository/npmjs/,snapdragon-util
npmjs,https://nexus.mgts.ru/repository/npmjs/,sntp
npmjs,https://nexus.mgts.ru/repository/npmjs/,socket.io
npmjs,https://nexus.mgts.ru/repository/npmjs/,socket.io-adapter
npmjs,https://nexus.mgts.ru/repository/npmjs/,socket.io-client
npmjs,https://nexus.mgts.ru/repository/npmjs/,socket.io-parser
npmjs,https://nexus.mgts.ru/repository/npmjs/,sockjs
npmjs,https://nexus.mgts.ru/repository/npmjs/,sockjs-client
npmjs,https://nexus.mgts.ru/repository/npmjs/,socks
npmjs,https://nexus.mgts.ru/repository/npmjs/,socks-proxy-agent
npmjs,https://nexus.mgts.ru/repository/npmjs/,sonic-forest
npmjs,https://nexus.mgts.ru/repository/npmjs/,sonner
npmjs,https://nexus.mgts.ru/repository/npmjs/,sort-keys
npmjs,https://nexus.mgts.ru/repository/npmjs/,sort-keys-length
npmjs,https://nexus.mgts.ru/repository/npmjs/,source-list-map
npmjs,https://nexus.mgts.ru/repository/npmjs/,source-map
npmjs,https://nexus.mgts.ru/repository/npmjs/,source-map-js
npmjs,https://nexus.mgts.ru/repository/npmjs/,source-map-loader
npmjs,https://nexus.mgts.ru/repository/npmjs/,source-map-resolve
npmjs,https://nexus.mgts.ru/repository/npmjs/,source-map-support
npmjs,https://nexus.mgts.ru/repository/npmjs/,source-map-url
npmjs,https://nexus.mgts.ru/repository/npmjs/,sourcemap-codec
npmjs,https://nexus.mgts.ru/repository/npmjs/,space-separated-tokens
npmjs,https://nexus.mgts.ru/repository/npmjs/,sparkles
npmjs,https://nexus.mgts.ru/repository/npmjs/,spawnd
npmjs,https://nexus.mgts.ru/repository/npmjs/,spdx-correct
npmjs,https://nexus.mgts.ru/repository/npmjs/,spdx-exceptions
npmjs,https://nexus.mgts.ru/repository/npmjs/,spdx-expression-parse
npmjs,https://nexus.mgts.ru/repository/npmjs/,spdx-license-ids
npmjs,https://nexus.mgts.ru/repository/npmjs/,spdy
npmjs,https://nexus.mgts.ru/repository/npmjs/,spdy-transport
npmjs,https://nexus.mgts.ru/repository/npmjs/,splaytree
npmjs,https://nexus.mgts.ru/repository/npmjs/,split-on-first
npmjs,https://nexus.mgts.ru/repository/npmjs/,split-string
npmjs,https://nexus.mgts.ru/repository/npmjs/,split2
npmjs,https://nexus.mgts.ru/repository/npmjs/,sprintf-js
npmjs,https://nexus.mgts.ru/repository/npmjs/,sqlstring
npmjs,https://nexus.mgts.ru/repository/npmjs/,squeak
npmjs,https://nexus.mgts.ru/repository/npmjs/,ssf
npmjs,https://nexus.mgts.ru/repository/npmjs/,sshpk
npmjs,https://nexus.mgts.ru/repository/npmjs/,ssim.js
npmjs,https://nexus.mgts.ru/repository/npmjs/,ssri
npmjs,https://nexus.mgts.ru/repository/npmjs/,stable
npmjs,https://nexus.mgts.ru/repository/npmjs/,stable-hash
npmjs,https://nexus.mgts.ru/repository/npmjs/,stable-hash-x
npmjs,https://nexus.mgts.ru/repository/npmjs/,stack-utils
npmjs,https://nexus.mgts.ru/repository/npmjs/,stackback
npmjs,https://nexus.mgts.ru/repository/npmjs/,stackblur-canvas
npmjs,https://nexus.mgts.ru/repository/npmjs/,stackframe
npmjs,https://nexus.mgts.ru/repository/npmjs/,stacktrace-parser
npmjs,https://nexus.mgts.ru/repository/npmjs/,standard
npmjs,https://nexus.mgts.ru/repository/npmjs/,standard-engine
npmjs,https://nexus.mgts.ru/repository/npmjs/,state-toggle
npmjs,https://nexus.mgts.ru/repository/npmjs/,static-eval
npmjs,https://nexus.mgts.ru/repository/npmjs/,static-extend
npmjs,https://nexus.mgts.ru/repository/npmjs/,statuses
npmjs,https://nexus.mgts.ru/repository/npmjs/,std-env
npmjs,https://nexus.mgts.ru/repository/npmjs/,steno
npmjs,https://nexus.mgts.ru/repository/npmjs/,stop-iteration-iterator
npmjs,https://nexus.mgts.ru/repository/npmjs/,store2
npmjs,https://nexus.mgts.ru/repository/npmjs/,storybook
npmjs,https://nexus.mgts.ru/repository/npmjs/,stream
npmjs,https://nexus.mgts.ru/repository/npmjs/,stream-browserify
npmjs,https://nexus.mgts.ru/repository/npmjs/,stream-combiner2
npmjs,https://nexus.mgts.ru/repository/npmjs/,stream-composer
npmjs,https://nexus.mgts.ru/repository/npmjs/,stream-each
npmjs,https://nexus.mgts.ru/repository/npmjs/,stream-exhaust
npmjs,https://nexus.mgts.ru/repository/npmjs/,stream-http
npmjs,https://nexus.mgts.ru/repository/npmjs/,stream-shift
npmjs,https://nexus.mgts.ru/repository/npmjs/,stream-splicer
npmjs,https://nexus.mgts.ru/repository/npmjs/,stream-throttle
npmjs,https://nexus.mgts.ru/repository/npmjs/,streaming-json-stringify
npmjs,https://nexus.mgts.ru/repository/npmjs/,streamroller
npmjs,https://nexus.mgts.ru/repository/npmjs/,streamsearch
npmjs,https://nexus.mgts.ru/repository/npmjs/,streamx
npmjs,https://nexus.mgts.ru/repository/npmjs/,strict-uri-encode
npmjs,https://nexus.mgts.ru/repository/npmjs/,string-convert
npmjs,https://nexus.mgts.ru/repository/npmjs/,string-length
npmjs,https://nexus.mgts.ru/repository/npmjs/,string-natural-compare
npmjs,https://nexus.mgts.ru/repository/npmjs/,string-to-stream
npmjs,https://nexus.mgts.ru/repository/npmjs/,string-width
npmjs,https://nexus.mgts.ru/repository/npmjs/,string.prototype.includes
npmjs,https://nexus.mgts.ru/repository/npmjs/,string.prototype.matchall
npmjs,https://nexus.mgts.ru/repository/npmjs/,string.prototype.padend
npmjs,https://nexus.mgts.ru/repository/npmjs/,string.prototype.padstart
npmjs,https://nexus.mgts.ru/repository/npmjs/,string.prototype.repeat
npmjs,https://nexus.mgts.ru/repository/npmjs/,string.prototype.trim
npmjs,https://nexus.mgts.ru/repository/npmjs/,string.prototype.trimend
npmjs,https://nexus.mgts.ru/repository/npmjs/,string.prototype.trimstart
npmjs,https://nexus.mgts.ru/repository/npmjs/,string_decoder
npmjs,https://nexus.mgts.ru/repository/npmjs/,stringifier
npmjs,https://nexus.mgts.ru/repository/npmjs/,stringify-entities
npmjs,https://nexus.mgts.ru/repository/npmjs/,stringify-object
npmjs,https://nexus.mgts.ru/repository/npmjs/,stringstream
npmjs,https://nexus.mgts.ru/repository/npmjs/,strip-ansi
npmjs,https://nexus.mgts.ru/repository/npmjs/,strip-bom
npmjs,https://nexus.mgts.ru/repository/npmjs/,strip-bom-string
npmjs,https://nexus.mgts.ru/repository/npmjs/,strip-comments
npmjs,https://nexus.mgts.ru/repository/npmjs/,strip-dirs
npmjs,https://nexus.mgts.ru/repository/npmjs/,strip-eof
npmjs,https://nexus.mgts.ru/repository/npmjs/,strip-final-newline
npmjs,https://nexus.mgts.ru/repository/npmjs/,strip-indent
npmjs,https://nexus.mgts.ru/repository/npmjs/,strip-json-comments
npmjs,https://nexus.mgts.ru/repository/npmjs/,strip-literal
npmjs,https://nexus.mgts.ru/repository/npmjs/,strip-outer
npmjs,https://nexus.mgts.ru/repository/npmjs/,striptags
npmjs,https://nexus.mgts.ru/repository/npmjs/,strnum
npmjs,https://nexus.mgts.ru/repository/npmjs/,strong-log-transformer
npmjs,https://nexus.mgts.ru/repository/npmjs/,structured-headers
npmjs,https://nexus.mgts.ru/repository/npmjs/,style-dictionary
npmjs,https://nexus.mgts.ru/repository/npmjs/,style-loader
npmjs,https://nexus.mgts.ru/repository/npmjs/,style-search
npmjs,https://nexus.mgts.ru/repository/npmjs/,style-to-js
npmjs,https://nexus.mgts.ru/repository/npmjs/,style-to-object
npmjs,https://nexus.mgts.ru/repository/npmjs/,styled-components
npmjs,https://nexus.mgts.ru/repository/npmjs/,styled-jsx
npmjs,https://nexus.mgts.ru/repository/npmjs/,stylehacks
npmjs,https://nexus.mgts.ru/repository/npmjs/,stylelint
npmjs,https://nexus.mgts.ru/repository/npmjs/,stylelint-config-css-modules
npmjs,https://nexus.mgts.ru/repository/npmjs/,stylelint-config-prettier
npmjs,https://nexus.mgts.ru/repository/npmjs/,stylelint-config-prettier-scss
npmjs,https://nexus.mgts.ru/repository/npmjs/,stylelint-config-recommended
npmjs,https://nexus.mgts.ru/repository/npmjs/,stylelint-config-recommended-scss
npmjs,https://nexus.mgts.ru/repository/npmjs/,stylelint-config-standard
npmjs,https://nexus.mgts.ru/repository/npmjs/,stylelint-config-standard-scss
npmjs,https://nexus.mgts.ru/repository/npmjs/,stylelint-scss
npmjs,https://nexus.mgts.ru/repository/npmjs/,stylis
npmjs,https://nexus.mgts.ru/repository/npmjs/,stylus
npmjs,https://nexus.mgts.ru/repository/npmjs/,stylus-loader
npmjs,https://nexus.mgts.ru/repository/npmjs/,subarg
npmjs,https://nexus.mgts.ru/repository/npmjs/,sucrase
npmjs,https://nexus.mgts.ru/repository/npmjs/,sunflower-antd
npmjs,https://nexus.mgts.ru/repository/npmjs/,supports-color
npmjs,https://nexus.mgts.ru/repository/npmjs/,supports-hyperlinks
npmjs,https://nexus.mgts.ru/repository/npmjs/,supports-preserve-symlinks-flag
npmjs,https://nexus.mgts.ru/repository/npmjs/,sver
npmjs,https://nexus.mgts.ru/repository/npmjs/,svg-pan-zoom
npmjs,https://nexus.mgts.ru/repository/npmjs/,svg-parser
npmjs,https://nexus.mgts.ru/repository/npmjs/,svg-path-parser
npmjs,https://nexus.mgts.ru/repository/npmjs/,svg-pathdata
npmjs,https://nexus.mgts.ru/repository/npmjs/,svg-tags
npmjs,https://nexus.mgts.ru/repository/npmjs/,svgo
npmjs,https://nexus.mgts.ru/repository/npmjs/,swr
npmjs,https://nexus.mgts.ru/repository/npmjs/,symbol
npmjs,https://nexus.mgts.ru/repository/npmjs/,symbol-observable
npmjs,https://nexus.mgts.ru/repository/npmjs/,symbol-tree
npmjs,https://nexus.mgts.ru/repository/npmjs/,symbol.prototype.description
npmjs,https://nexus.mgts.ru/repository/npmjs/,sync-child-process
npmjs,https://nexus.mgts.ru/repository/npmjs/,sync-message-port
npmjs,https://nexus.mgts.ru/repository/npmjs/,synchronous-promise
npmjs,https://nexus.mgts.ru/repository/npmjs/,synckit
npmjs,https://nexus.mgts.ru/repository/npmjs/,syntax-error
npmjs,https://nexus.mgts.ru/repository/npmjs/,tabbable
npmjs,https://nexus.mgts.ru/repository/npmjs/,table
npmjs,https://nexus.mgts.ru/repository/npmjs/,table-layout
npmjs,https://nexus.mgts.ru/repository/npmjs/,tailwind-merge
npmjs,https://nexus.mgts.ru/repository/npmjs/,tailwindcss
npmjs,https://nexus.mgts.ru/repository/npmjs/,tapable
npmjs,https://nexus.mgts.ru/repository/npmjs/,tar
npmjs,https://nexus.mgts.ru/repository/npmjs/,tar-stream
npmjs,https://nexus.mgts.ru/repository/npmjs/,tcp-port-used
npmjs,https://nexus.mgts.ru/repository/npmjs/,teex
npmjs,https://nexus.mgts.ru/repository/npmjs/,telejson
npmjs,https://nexus.mgts.ru/repository/npmjs/,temp
npmjs,https://nexus.mgts.ru/repository/npmjs/,temp-dir
npmjs,https://nexus.mgts.ru/repository/npmjs/,tempfile
npmjs,https://nexus.mgts.ru/repository/npmjs/,tempy
npmjs,https://nexus.mgts.ru/repository/npmjs/,terminal-link
npmjs,https://nexus.mgts.ru/repository/npmjs/,terser
npmjs,https://nexus.mgts.ru/repository/npmjs/,terser-webpack-plugin
npmjs,https://nexus.mgts.ru/repository/npmjs/,test
npmjs,https://nexus.mgts.ru/repository/npmjs/,test-exclude
npmjs,https://nexus.mgts.ru/repository/npmjs/,text-decoder
npmjs,https://nexus.mgts.ru/repository/npmjs/,text-segmentation
npmjs,https://nexus.mgts.ru/repository/npmjs/,text-table
npmjs,https://nexus.mgts.ru/repository/npmjs/,the-argv
npmjs,https://nexus.mgts.ru/repository/npmjs/,thenby
npmjs,https://nexus.mgts.ru/repository/npmjs/,thenify
npmjs,https://nexus.mgts.ru/repository/npmjs/,thenify-all
npmjs,https://nexus.mgts.ru/repository/npmjs/,thingies
npmjs,https://nexus.mgts.ru/repository/npmjs/,throat
npmjs,https://nexus.mgts.ru/repository/npmjs/,throttle-debounce
npmjs,https://nexus.mgts.ru/repository/npmjs/,throttleit
npmjs,https://nexus.mgts.ru/repository/npmjs/,through
npmjs,https://nexus.mgts.ru/repository/npmjs/,through2
npmjs,https://nexus.mgts.ru/repository/npmjs/,thunky
npmjs,https://nexus.mgts.ru/repository/npmjs/,time-require
npmjs,https://nexus.mgts.ru/repository/npmjs/,time-stamp
npmjs,https://nexus.mgts.ru/repository/npmjs/,timed-out
npmjs,https://nexus.mgts.ru/repository/npmjs/,timers
npmjs,https://nexus.mgts.ru/repository/npmjs/,timers-browserify
npmjs,https://nexus.mgts.ru/repository/npmjs/,tinify
npmjs,https://nexus.mgts.ru/repository/npmjs/,tiny-case
npmjs,https://nexus.mgts.ru/repository/npmjs/,tiny-invariant
npmjs,https://nexus.mgts.ru/repository/npmjs/,tinybench
npmjs,https://nexus.mgts.ru/repository/npmjs/,tinycolor2
npmjs,https://nexus.mgts.ru/repository/npmjs/,tinyexec
npmjs,https://nexus.mgts.ru/repository/npmjs/,tinyglobby
npmjs,https://nexus.mgts.ru/repository/npmjs/,tinypool
npmjs,https://nexus.mgts.ru/repository/npmjs/,tinyqueue
npmjs,https://nexus.mgts.ru/repository/npmjs/,tinyrainbow
npmjs,https://nexus.mgts.ru/repository/npmjs/,tinyspy
npmjs,https://nexus.mgts.ru/repository/npmjs/,tippy.js
npmjs,https://nexus.mgts.ru/repository/npmjs/,tldts
npmjs,https://nexus.mgts.ru/repository/npmjs/,tldts-core
npmjs,https://nexus.mgts.ru/repository/npmjs/,tmp
npmjs,https://nexus.mgts.ru/repository/npmjs/,tmpl
npmjs,https://nexus.mgts.ru/repository/npmjs/,to-array
npmjs,https://nexus.mgts.ru/repository/npmjs/,to-arraybuffer
npmjs,https://nexus.mgts.ru/repository/npmjs/,to-buffer
npmjs,https://nexus.mgts.ru/repository/npmjs/,to-fast-properties
npmjs,https://nexus.mgts.ru/repository/npmjs/,to-object-path
npmjs,https://nexus.mgts.ru/repository/npmjs/,to-regex
npmjs,https://nexus.mgts.ru/repository/npmjs/,to-regex-range
npmjs,https://nexus.mgts.ru/repository/npmjs/,to-through
npmjs,https://nexus.mgts.ru/repository/npmjs/,toggle-selection
npmjs,https://nexus.mgts.ru/repository/npmjs/,toidentifier
npmjs,https://nexus.mgts.ru/repository/npmjs/,topojson-client
npmjs,https://nexus.mgts.ru/repository/npmjs/,topojson-server
npmjs,https://nexus.mgts.ru/repository/npmjs/,toposort
npmjs,https://nexus.mgts.ru/repository/npmjs/,toqr
npmjs,https://nexus.mgts.ru/repository/npmjs/,totalist
npmjs,https://nexus.mgts.ru/repository/npmjs/,tough-cookie
npmjs,https://nexus.mgts.ru/repository/npmjs/,tr46
npmjs,https://nexus.mgts.ru/repository/npmjs/,traverse
npmjs,https://nexus.mgts.ru/repository/npmjs/,tree-dump
npmjs,https://nexus.mgts.ru/repository/npmjs/,tree-kill
npmjs,https://nexus.mgts.ru/repository/npmjs/,trim
npmjs,https://nexus.mgts.ru/repository/npmjs/,trim-lines
npmjs,https://nexus.mgts.ru/repository/npmjs/,trim-newlines
npmjs,https://nexus.mgts.ru/repository/npmjs/,trim-repeated
npmjs,https://nexus.mgts.ru/repository/npmjs/,trim-right
npmjs,https://nexus.mgts.ru/repository/npmjs/,trim-trailing-lines
npmjs,https://nexus.mgts.ru/repository/npmjs/,trough
npmjs,https://nexus.mgts.ru/repository/npmjs/,tryer
npmjs,https://nexus.mgts.ru/repository/npmjs/,ts-api-utils
npmjs,https://nexus.mgts.ru/repository/npmjs/,ts-dedent
npmjs,https://nexus.mgts.ru/repository/npmjs/,ts-interface-checker
npmjs,https://nexus.mgts.ru/repository/npmjs/,ts-node
npmjs,https://nexus.mgts.ru/repository/npmjs/,ts-pnp
npmjs,https://nexus.mgts.ru/repository/npmjs/,tsconfig-paths
npmjs,https://nexus.mgts.ru/repository/npmjs/,tslib
npmjs,https://nexus.mgts.ru/repository/npmjs/,tsutils
npmjs,https://nexus.mgts.ru/repository/npmjs/,tsx
npmjs,https://nexus.mgts.ru/repository/npmjs/,tty-browserify
npmjs,https://nexus.mgts.ru/repository/npmjs/,tunnel-agent
npmjs,https://nexus.mgts.ru/repository/npmjs/,turf-jsts
npmjs,https://nexus.mgts.ru/repository/npmjs/,tw-animate-css
npmjs,https://nexus.mgts.ru/repository/npmjs/,tween-functions
npmjs,https://nexus.mgts.ru/repository/npmjs/,tweetnacl
npmjs,https://nexus.mgts.ru/repository/npmjs/,type
npmjs,https://nexus.mgts.ru/repository/npmjs/,type-check
npmjs,https://nexus.mgts.ru/repository/npmjs/,type-detect
npmjs,https://nexus.mgts.ru/repository/npmjs/,type-fest
npmjs,https://nexus.mgts.ru/repository/npmjs/,type-is
npmjs,https://nexus.mgts.ru/repository/npmjs/,type-name
npmjs,https://nexus.mgts.ru/repository/npmjs/,typed-array-buffer
npmjs,https://nexus.mgts.ru/repository/npmjs/,typed-array-byte-length
npmjs,https://nexus.mgts.ru/repository/npmjs/,typed-array-byte-offset
npmjs,https://nexus.mgts.ru/repository/npmjs/,typed-array-length
npmjs,https://nexus.mgts.ru/repository/npmjs/,typed-assert
npmjs,https://nexus.mgts.ru/repository/npmjs/,typedarray
npmjs,https://nexus.mgts.ru/repository/npmjs/,typedarray-to-buffer
npmjs,https://nexus.mgts.ru/repository/npmjs/,typedarray.prototype.slice
npmjs,https://nexus.mgts.ru/repository/npmjs/,types-registry
npmjs,https://nexus.mgts.ru/repository/npmjs/,typescript
npmjs,https://nexus.mgts.ru/repository/npmjs/,typescript-eslint
npmjs,https://nexus.mgts.ru/repository/npmjs/,typical
npmjs,https://nexus.mgts.ru/repository/npmjs/,ua-parser-js
npmjs,https://nexus.mgts.ru/repository/npmjs/,uc.micro
npmjs,https://nexus.mgts.ru/repository/npmjs/,ufo
npmjs,https://nexus.mgts.ru/repository/npmjs/,uglify-js
npmjs,https://nexus.mgts.ru/repository/npmjs/,uglify-to-browserify
npmjs,https://nexus.mgts.ru/repository/npmjs/,uid2
npmjs,https://nexus.mgts.ru/repository/npmjs/,ultron
npmjs,https://nexus.mgts.ru/repository/npmjs/,umd
npmjs,https://nexus.mgts.ru/repository/npmjs/,unbox-primitive
npmjs,https://nexus.mgts.ru/repository/npmjs/,unbzip2-stream
npmjs,https://nexus.mgts.ru/repository/npmjs/,unc-path-regex
npmjs,https://nexus.mgts.ru/repository/npmjs/,undeclared-identifiers
npmjs,https://nexus.mgts.ru/repository/npmjs/,underscore
npmjs,https://nexus.mgts.ru/repository/npmjs/,undertaker
npmjs,https://nexus.mgts.ru/repository/npmjs/,undertaker-registry
npmjs,https://nexus.mgts.ru/repository/npmjs/,undici-types
npmjs,https://nexus.mgts.ru/repository/npmjs/,unfetch
npmjs,https://nexus.mgts.ru/repository/npmjs/,unherit
npmjs,https://nexus.mgts.ru/repository/npmjs/,unicode-canonical-property-names-ecmascript
npmjs,https://nexus.mgts.ru/repository/npmjs/,unicode-emoji-modifier-base
npmjs,https://nexus.mgts.ru/repository/npmjs/,unicode-match-property-ecmascript
npmjs,https://nexus.mgts.ru/repository/npmjs/,unicode-match-property-value-ecmascript
npmjs,https://nexus.mgts.ru/repository/npmjs/,unicode-property-aliases-ecmascript
npmjs,https://nexus.mgts.ru/repository/npmjs/,unicorn-magic
npmjs,https://nexus.mgts.ru/repository/npmjs/,unified
npmjs,https://nexus.mgts.ru/repository/npmjs/,union-value
npmjs,https://nexus.mgts.ru/repository/npmjs/,uniq
npmjs,https://nexus.mgts.ru/repository/npmjs/,uniqs
npmjs,https://nexus.mgts.ru/repository/npmjs/,unique-filename
npmjs,https://nexus.mgts.ru/repository/npmjs/,unique-slug
npmjs,https://nexus.mgts.ru/repository/npmjs/,unique-string
npmjs,https://nexus.mgts.ru/repository/npmjs/,unique-temp-dir
npmjs,https://nexus.mgts.ru/repository/npmjs/,unist-builder
npmjs,https://nexus.mgts.ru/repository/npmjs/,unist-util-filter
npmjs,https://nexus.mgts.ru/repository/npmjs/,unist-util-generated
npmjs,https://nexus.mgts.ru/repository/npmjs/,unist-util-is
npmjs,https://nexus.mgts.ru/repository/npmjs/,unist-util-position
npmjs,https://nexus.mgts.ru/repository/npmjs/,unist-util-remove
npmjs,https://nexus.mgts.ru/repository/npmjs/,unist-util-remove-position
npmjs,https://nexus.mgts.ru/repository/npmjs/,unist-util-stringify-position
npmjs,https://nexus.mgts.ru/repository/npmjs/,unist-util-visit
npmjs,https://nexus.mgts.ru/repository/npmjs/,unist-util-visit-parents
npmjs,https://nexus.mgts.ru/repository/npmjs/,universalify
npmjs,https://nexus.mgts.ru/repository/npmjs/,unpipe
npmjs,https://nexus.mgts.ru/repository/npmjs/,unplugin
npmjs,https://nexus.mgts.ru/repository/npmjs/,unplugin-fonts
npmjs,https://nexus.mgts.ru/repository/npmjs/,unplugin-utils
npmjs,https://nexus.mgts.ru/repository/npmjs/,unplugin-vue-components
npmjs,https://nexus.mgts.ru/repository/npmjs/,unplugin-vue-router
npmjs,https://nexus.mgts.ru/repository/npmjs/,unquote
npmjs,https://nexus.mgts.ru/repository/npmjs/,unrs-resolver
npmjs,https://nexus.mgts.ru/repository/npmjs/,unset-value
npmjs,https://nexus.mgts.ru/repository/npmjs/,untildify
npmjs,https://nexus.mgts.ru/repository/npmjs/,unzip-response
npmjs,https://nexus.mgts.ru/repository/npmjs/,upath
npmjs,https://nexus.mgts.ru/repository/npmjs/,update-browserslist-db
npmjs,https://nexus.mgts.ru/repository/npmjs/,update-check
npmjs,https://nexus.mgts.ru/repository/npmjs/,update-notifier
npmjs,https://nexus.mgts.ru/repository/npmjs/,uri-js
npmjs,https://nexus.mgts.ru/repository/npmjs/,urix
npmjs,https://nexus.mgts.ru/repository/npmjs/,url
npmjs,https://nexus.mgts.ru/repository/npmjs/,url-join
npmjs,https://nexus.mgts.ru/repository/npmjs/,url-loader
npmjs,https://nexus.mgts.ru/repository/npmjs/,url-parse
npmjs,https://nexus.mgts.ru/repository/npmjs/,url-parse-lax
npmjs,https://nexus.mgts.ru/repository/npmjs/,url-to-options
npmjs,https://nexus.mgts.ru/repository/npmjs/,use
npmjs,https://nexus.mgts.ru/repository/npmjs/,use-callback-ref
npmjs,https://nexus.mgts.ru/repository/npmjs/,use-image
npmjs,https://nexus.mgts.ru/repository/npmjs/,use-isomorphic-layout-effect
npmjs,https://nexus.mgts.ru/repository/npmjs/,use-sidecar
npmjs,https://nexus.mgts.ru/repository/npmjs/,use-sync-external-store
npmjs,https://nexus.mgts.ru/repository/npmjs/,user-home
npmjs,https://nexus.mgts.ru/repository/npmjs/,useragent
npmjs,https://nexus.mgts.ru/repository/npmjs/,utf-8-validate
npmjs,https://nexus.mgts.ru/repository/npmjs/,utf8
npmjs,https://nexus.mgts.ru/repository/npmjs/,util
npmjs,https://nexus.mgts.ru/repository/npmjs/,util-deprecate
npmjs,https://nexus.mgts.ru/repository/npmjs/,util.promisify
npmjs,https://nexus.mgts.ru/repository/npmjs/,utila
npmjs,https://nexus.mgts.ru/repository/npmjs/,utils
npmjs,https://nexus.mgts.ru/repository/npmjs/,utils-merge
npmjs,https://nexus.mgts.ru/repository/npmjs/,utrie
npmjs,https://nexus.mgts.ru/repository/npmjs/,uuid
npmjs,https://nexus.mgts.ru/repository/npmjs/,uuid-browser
npmjs,https://nexus.mgts.ru/repository/npmjs/,uvu
npmjs,https://nexus.mgts.ru/repository/npmjs/,v8-compile-cache
npmjs,https://nexus.mgts.ru/repository/npmjs/,v8-to-istanbul
npmjs,https://nexus.mgts.ru/repository/npmjs/,v8flags
npmjs,https://nexus.mgts.ru/repository/npmjs/,valibot
npmjs,https://nexus.mgts.ru/repository/npmjs/,validate-npm-package-license
npmjs,https://nexus.mgts.ru/repository/npmjs/,validate-npm-package-name
npmjs,https://nexus.mgts.ru/repository/npmjs/,value-or-function
npmjs,https://nexus.mgts.ru/repository/npmjs/,varint
npmjs,https://nexus.mgts.ru/repository/npmjs/,vary
npmjs,https://nexus.mgts.ru/repository/npmjs/,vaul
npmjs,https://nexus.mgts.ru/repository/npmjs/,vendors
npmjs,https://nexus.mgts.ru/repository/npmjs/,verror
npmjs,https://nexus.mgts.ru/repository/npmjs/,vfile
npmjs,https://nexus.mgts.ru/repository/npmjs/,vfile-location
npmjs,https://nexus.mgts.ru/repository/npmjs/,vfile-message
npmjs,https://nexus.mgts.ru/repository/npmjs/,victory-vendor
npmjs,https://nexus.mgts.ru/repository/npmjs/,vinyl
npmjs,https://nexus.mgts.ru/repository/npmjs/,vinyl-contents
npmjs,https://nexus.mgts.ru/repository/npmjs/,vinyl-fs
npmjs,https://nexus.mgts.ru/repository/npmjs/,vinyl-sourcemap
npmjs,https://nexus.mgts.ru/repository/npmjs/,vinyl-sourcemaps-apply
npmjs,https://nexus.mgts.ru/repository/npmjs/,vite
npmjs,https://nexus.mgts.ru/repository/npmjs/,vite-bundle-visualizer
npmjs,https://nexus.mgts.ru/repository/npmjs/,vite-node
npmjs,https://nexus.mgts.ru/repository/npmjs/,vite-plugin-svgr
npmjs,https://nexus.mgts.ru/repository/npmjs/,vite-plugin-vuetify
npmjs,https://nexus.mgts.ru/repository/npmjs/,vitest
npmjs,https://nexus.mgts.ru/repository/npmjs/,vlq
npmjs,https://nexus.mgts.ru/repository/npmjs/,vm-browserify
npmjs,https://nexus.mgts.ru/repository/npmjs/,void-elements
npmjs,https://nexus.mgts.ru/repository/npmjs/,vscode-css-languageservice
npmjs,https://nexus.mgts.ru/repository/npmjs/,vscode-html-languageservice
npmjs,https://nexus.mgts.ru/repository/npmjs/,vscode-json-languageservice
npmjs,https://nexus.mgts.ru/repository/npmjs/,vscode-jsonrpc
npmjs,https://nexus.mgts.ru/repository/npmjs/,vscode-langservers-extracted
npmjs,https://nexus.mgts.ru/repository/npmjs/,vscode-languageserver
npmjs,https://nexus.mgts.ru/repository/npmjs/,vscode-languageserver-protocol
npmjs,https://nexus.mgts.ru/repository/npmjs/,vscode-languageserver-textdocument
npmjs,https://nexus.mgts.ru/repository/npmjs/,vscode-languageserver-types
npmjs,https://nexus.mgts.ru/repository/npmjs/,vscode-markdown-languageservice
npmjs,https://nexus.mgts.ru/repository/npmjs/,vscode-nls
npmjs,https://nexus.mgts.ru/repository/npmjs/,vscode-uri
npmjs,https://nexus.mgts.ru/repository/npmjs/,vue
npmjs,https://nexus.mgts.ru/repository/npmjs/,vue-axios
npmjs,https://nexus.mgts.ru/repository/npmjs/,vue-eslint-parser
npmjs,https://nexus.mgts.ru/repository/npmjs/,vue-i18n
npmjs,https://nexus.mgts.ru/repository/npmjs/,vue-router
npmjs,https://nexus.mgts.ru/repository/npmjs/,vue-template-compiler
npmjs,https://nexus.mgts.ru/repository/npmjs/,vuetify
npmjs,https://nexus.mgts.ru/repository/npmjs/,w3c-hr-time
npmjs,https://nexus.mgts.ru/repository/npmjs/,w3c-keyname
npmjs,https://nexus.mgts.ru/repository/npmjs/,w3c-xmlserializer
npmjs,https://nexus.mgts.ru/repository/npmjs/,wait-on
npmjs,https://nexus.mgts.ru/repository/npmjs/,walk-up-path
npmjs,https://nexus.mgts.ru/repository/npmjs/,walker
npmjs,https://nexus.mgts.ru/repository/npmjs/,warn-once
npmjs,https://nexus.mgts.ru/repository/npmjs/,warning
npmjs,https://nexus.mgts.ru/repository/npmjs/,wasm-feature-detect
npmjs,https://nexus.mgts.ru/repository/npmjs/,watchpack
npmjs,https://nexus.mgts.ru/repository/npmjs/,watchpack-chokidar2
npmjs,https://nexus.mgts.ru/repository/npmjs/,wbuf
npmjs,https://nexus.mgts.ru/repository/npmjs/,wcwidth
npmjs,https://nexus.mgts.ru/repository/npmjs/,web-namespaces
npmjs,https://nexus.mgts.ru/repository/npmjs/,web-streams-polyfill
npmjs,https://nexus.mgts.ru/repository/npmjs/,web-vitals
npmjs,https://nexus.mgts.ru/repository/npmjs/,web-worker
npmjs,https://nexus.mgts.ru/repository/npmjs/,webdriver-js-extender
npmjs,https://nexus.mgts.ru/repository/npmjs/,webdriver-manager
npmjs,https://nexus.mgts.ru/repository/npmjs/,webidl-conversions
npmjs,https://nexus.mgts.ru/repository/npmjs/,webpack
npmjs,https://nexus.mgts.ru/repository/npmjs/,webpack-bundle-analyzer
npmjs,https://nexus.mgts.ru/repository/npmjs/,webpack-cli
npmjs,https://nexus.mgts.ru/repository/npmjs/,webpack-core
npmjs,https://nexus.mgts.ru/repository/npmjs/,webpack-dev-middleware
npmjs,https://nexus.mgts.ru/repository/npmjs/,webpack-dev-server
npmjs,https://nexus.mgts.ru/repository/npmjs/,webpack-filter-warnings-plugin
npmjs,https://nexus.mgts.ru/repository/npmjs/,webpack-hot-middleware
npmjs,https://nexus.mgts.ru/repository/npmjs/,webpack-log
npmjs,https://nexus.mgts.ru/repository/npmjs/,webpack-manifest-plugin
npmjs,https://nexus.mgts.ru/repository/npmjs/,webpack-merge
npmjs,https://nexus.mgts.ru/repository/npmjs/,webpack-plugin-serve
npmjs,https://nexus.mgts.ru/repository/npmjs/,webpack-sources
npmjs,https://nexus.mgts.ru/repository/npmjs/,webpack-subresource-integrity
npmjs,https://nexus.mgts.ru/repository/npmjs/,webpack-virtual-modules
npmjs,https://nexus.mgts.ru/repository/npmjs/,websocket-driver
npmjs,https://nexus.mgts.ru/repository/npmjs/,websocket-extensions
npmjs,https://nexus.mgts.ru/repository/npmjs/,wellknown
npmjs,https://nexus.mgts.ru/repository/npmjs/,whatwg-encoding
npmjs,https://nexus.mgts.ru/repository/npmjs/,whatwg-fetch
npmjs,https://nexus.mgts.ru/repository/npmjs/,whatwg-mimetype
npmjs,https://nexus.mgts.ru/repository/npmjs/,whatwg-url
npmjs,https://nexus.mgts.ru/repository/npmjs/,whatwg-url-minimum
npmjs,https://nexus.mgts.ru/repository/npmjs/,whet.extend
npmjs,https://nexus.mgts.ru/repository/npmjs/,which
npmjs,https://nexus.mgts.ru/repository/npmjs/,which-boxed-primitive
npmjs,https://nexus.mgts.ru/repository/npmjs/,which-builtin-type
npmjs,https://nexus.mgts.ru/repository/npmjs/,which-collection
npmjs,https://nexus.mgts.ru/repository/npmjs/,which-module
npmjs,https://nexus.mgts.ru/repository/npmjs/,which-pm
npmjs,https://nexus.mgts.ru/repository/npmjs/,which-typed-array
npmjs,https://nexus.mgts.ru/repository/npmjs/,why-is-node-running
npmjs,https://nexus.mgts.ru/repository/npmjs/,wide-align
npmjs,https://nexus.mgts.ru/repository/npmjs/,widest-line
npmjs,https://nexus.mgts.ru/repository/npmjs/,wildcard
npmjs,https://nexus.mgts.ru/repository/npmjs/,window-size
npmjs,https://nexus.mgts.ru/repository/npmjs/,with-callback
npmjs,https://nexus.mgts.ru/repository/npmjs/,wmf
npmjs,https://nexus.mgts.ru/repository/npmjs/,word
npmjs,https://nexus.mgts.ru/repository/npmjs/,word-wrap
npmjs,https://nexus.mgts.ru/repository/npmjs/,wordwrap
npmjs,https://nexus.mgts.ru/repository/npmjs/,wordwrapjs
npmjs,https://nexus.mgts.ru/repository/npmjs/,workbox-background-sync
npmjs,https://nexus.mgts.ru/repository/npmjs/,workbox-broadcast-update
npmjs,https://nexus.mgts.ru/repository/npmjs/,workbox-build
npmjs,https://nexus.mgts.ru/repository/npmjs/,workbox-cacheable-response
npmjs,https://nexus.mgts.ru/repository/npmjs/,workbox-core
npmjs,https://nexus.mgts.ru/repository/npmjs/,workbox-expiration
npmjs,https://nexus.mgts.ru/repository/npmjs/,workbox-google-analytics
npmjs,https://nexus.mgts.ru/repository/npmjs/,workbox-navigation-preload
npmjs,https://nexus.mgts.ru/repository/npmjs/,workbox-precaching
npmjs,https://nexus.mgts.ru/repository/npmjs/,workbox-range-requests
npmjs,https://nexus.mgts.ru/repository/npmjs/,workbox-recipes
npmjs,https://nexus.mgts.ru/repository/npmjs/,workbox-routing
npmjs,https://nexus.mgts.ru/repository/npmjs/,workbox-strategies
npmjs,https://nexus.mgts.ru/repository/npmjs/,workbox-streams
npmjs,https://nexus.mgts.ru/repository/npmjs/,workbox-sw
npmjs,https://nexus.mgts.ru/repository/npmjs/,workbox-webpack-plugin
npmjs,https://nexus.mgts.ru/repository/npmjs/,workbox-window
npmjs,https://nexus.mgts.ru/repository/npmjs/,worker-farm
npmjs,https://nexus.mgts.ru/repository/npmjs/,worker-rpc
npmjs,https://nexus.mgts.ru/repository/npmjs/,wrap-ansi
npmjs,https://nexus.mgts.ru/repository/npmjs/,wrappy
npmjs,https://nexus.mgts.ru/repository/npmjs/,write
npmjs,https://nexus.mgts.ru/repository/npmjs/,write-file-atomic
npmjs,https://nexus.mgts.ru/repository/npmjs/,write-json-file
npmjs,https://nexus.mgts.ru/repository/npmjs/,write-pkg
npmjs,https://nexus.mgts.ru/repository/npmjs/,ws
npmjs,https://nexus.mgts.ru/repository/npmjs/,x-default-browser
npmjs,https://nexus.mgts.ru/repository/npmjs/,xcode
npmjs,https://nexus.mgts.ru/repository/npmjs/,xdg-basedir
npmjs,https://nexus.mgts.ru/repository/npmjs/,xhr2
npmjs,https://nexus.mgts.ru/repository/npmjs/,xlsx
npmjs,https://nexus.mgts.ru/repository/npmjs/,xml-name-validator
npmjs,https://nexus.mgts.ru/repository/npmjs/,xml-utils
npmjs,https://nexus.mgts.ru/repository/npmjs/,xml2js
npmjs,https://nexus.mgts.ru/repository/npmjs/,xmlbuilder
npmjs,https://nexus.mgts.ru/repository/npmjs/,xmlchars
npmjs,https://nexus.mgts.ru/repository/npmjs/,xmlhttprequest-ssl
npmjs,https://nexus.mgts.ru/repository/npmjs/,xtend
npmjs,https://nexus.mgts.ru/repository/npmjs/,y18n
npmjs,https://nexus.mgts.ru/repository/npmjs/,yallist
npmjs,https://nexus.mgts.ru/repository/npmjs/,yaml
npmjs,https://nexus.mgts.ru/repository/npmjs/,yaml-eslint-parser
npmjs,https://nexus.mgts.ru/repository/npmjs/,yaml-language-server
npmjs,https://nexus.mgts.ru/repository/npmjs/,yargs
npmjs,https://nexus.mgts.ru/repository/npmjs/,yargs-parser
npmjs,https://nexus.mgts.ru/repository/npmjs/,yarn
npmjs,https://nexus.mgts.ru/repository/npmjs/,yauzl
npmjs,https://nexus.mgts.ru/repository/npmjs/,yeast
npmjs,https://nexus.mgts.ru/repository/npmjs/,yocto-queue
npmjs,https://nexus.mgts.ru/repository/npmjs/,yup
npmjs,https://nexus.mgts.ru/repository/npmjs/,zeptomatch
npmjs,https://nexus.mgts.ru/repository/npmjs/,zod
npmjs,https://nexus.mgts.ru/repository/npmjs/,zod-validation-error
npmjs,https://nexus.mgts.ru/repository/npmjs/,zone.js
npmjs,https://nexus.mgts.ru/repository/npmjs/,zstddec
npmjs,https://nexus.mgts.ru/repository/npmjs/,zustand
npmjs,https://nexus.mgts.ru/repository/npmjs/,zwitch
